lat,long,speed,imu_brake,gps_brake,brake_delta,imu_accel,gps_accel,accel_delta
10.9016880,77.0517000,60.33,0.000,0.001,-0.001,0.028,0.000,0.028
10.9016940,77.0517300,60.25,0.000,0.000,0.000,0.034,0.002,0.032
10.9016990,77.0517600,59.95,0.000,0.000,0.000,0.071,0.004,0.066
10.9017040,77.0517900,59.92,0.000,0.000,0.000,0.049,0.010,0.040
10.9017090,77.0518200,59.67,0.000,0.000,0.000,0.058,0.015,0.043
10.9017120,77.0518500,59.79,0.000,0.000,0.000,0.089,0.020,0.069
10.9017160,77.0518800,60.11,0.000,0.000,0.000,0.078,0.026,0.052
10.9017240,77.0519400,60.53,0.001,0.000,0.001,0.000,0.035,-0.035
10.9017280,77.0519700,60.59,0.009,0.000,0.009,0.000,0.044,-0.044
10.9017310,77.0520000,60.60,0.000,0.000,0.000,0.046,0.053,-0.007
10.9017340,77.0520300,61.13,0.000,0.000,0.000,0.056,0.061,-0.005
10.9017380,77.0520600,61.21,0.000,0.000,0.000,0.048,0.065,-0.017
10.9017420,77.0520900,61.63,0.000,0.000,0.000,0.094,0.065,0.029
10.9017450,77.0521236,62.08,0.000,0.000,0.000,0.099,0.063,0.036
10.9017480,77.0521520,62.39,0.000,0.000,0.000,0.062,0.057,0.004
10.9017512,77.0521840,63.31,0.000,0.000,0.000,0.008,0.050,-0.042
10.9017530,77.0522200,63.74,0.000,0.000,0.000,0.028,0.040,-0.012
10.9017550,77.0522500,63.50,0.000,0.000,0.000,0.060,0.028,0.031
10.9017560,77.0522840,63.61,0.000,0.000,0.000,0.003,0.015,-0.012
10.9017570,77.0523120,63.85,0.000,0.001,-0.001,0.047,0.000,0.047
10.9017570,77.0523300,63.30,0.000,0.018,-0.018,0.077,0.000,0.077
10.9017570,77.0523440,63.39,0.000,0.034,-0.034,0.051,0.000,0.051
10.9017570,77.0523800,63.27,0.012,0.049,-0.036,0.000,0.000,0.000
10.9017570,77.0524000,62.92,0.000,0.063,-0.063,0.009,0.000,0.009
10.9017570,77.0524160,62.60,0.065,0.075,-0.010,0.000,0.000,0.000
10.9017570,77.0524300,62.21,0.090,0.085,0.006,0.000,0.000,0.000
10.9017570,77.0524480,61.87,0.081,0.093,-0.012,0.000,0.000,0.000
10.9017560,77.0524600,61.58,0.073,0.101,-0.028,0.000,0.000,0.000
10.9017560,77.0524900,60.53,0.054,0.106,-0.052,0.000,0.000,0.000
10.9017560,77.0525040,60.21,0.043,0.109,-0.066,0.000,0.000,0.000
10.9017560,77.0525200,59.81,0.020,0.110,-0.090,0.000,0.000,0.000
10.9017560,77.0525360,59.49,0.027,0.107,-0.081,0.000,0.000,0.000
10.9017560,77.0525500,58.77,0.041,0.101,-0.060,0.000,0.000,0.000
10.9017560,77.0525760,58.34,0.056,0.089,-0.033,0.000,0.000,0.000
10.9017560,77.0525900,57.96,0.000,0.074,-0.074,0.027,0.000,0.027
10.9017560,77.0526080,57.31,0.000,0.057,-0.057,0.106,0.000,0.106
10.9017560,77.0526200,57.08,0.000,0.036,-0.036,0.160,0.000,0.160
10.9017550,77.0526320,56.68,0.000,0.016,-0.016,0.242,0.000,0.242
10.9017540,77.0526640,56.85,0.000,0.000,0.000,0.305,0.002,0.303
10.9017540,77.0526800,56.71,0.000,0.000,0.000,0.250,0.020,0.230
10.9017540,77.0527000,56.93,0.000,0.000,0.000,0.213,0.035,0.178
10.9017520,77.0527200,58.05,0.000,0.000,0.000,0.204,0.048,0.156
10.9017520,77.0527320,58.07,0.000,0.000,0.000,0.184,0.060,0.124
10.9017500,77.0527680,58.96,0.000,0.000,0.000,0.152,0.069,0.083
10.9017490,77.0527800,59.04,0.000,0.000,0.000,0.159,0.076,0.084
10.9017470,77.0527920,59.33,0.000,0.000,0.000,0.162,0.081,0.081
10.9017460,77.0528100,59.70,0.000,0.000,0.000,0.181,0.084,0.098
10.9017430,77.0528400,59.69,0.000,0.000,0.000,0.180,0.084,0.096
10.9017410,77.0528600,59.62,0.000,0.000,0.000,0.208,0.084,0.125
10.9017400,77.0528700,60.13,0.000,0.000,0.000,0.189,0.081,0.108
10.9017370,77.0529000,61.63,0.000,0.000,0.000,0.158,0.077,0.081
10.9017350,77.0529320,62.21,0.000,0.000,0.000,0.114,0.069,0.045
10.9017340,77.0529400,62.21,0.000,0.000,0.000,0.080,0.058,0.023
10.9017320,77.0529520,62.51,0.019,0.000,0.019,0.000,0.043,-0.043
10.9017316,77.0529700,62.48,0.076,0.000,0.076,0.000,0.026,-0.026
10.9017300,77.0529840,63.06,0.140,0.000,0.140,0.000,0.006,-0.006
10.9017280,77.0530200,62.89,0.143,0.014,0.129,0.000,0.000,0.000
10.9017270,77.0530300,62.49,0.128,0.032,0.096,0.000,0.000,0.000
10.9017260,77.0530500,62.29,0.046,0.048,-0.003,0.000,0.000,0.000
10.9017250,77.0530600,62.02,0.000,0.063,-0.063,0.024,0.000,0.024
10.9017230,77.0530900,61.23,0.000,0.078,-0.078,0.062,0.000,0.062
10.9017230,77.0531100,60.81,0.000,0.091,-0.091,0.033,0.000,0.033
10.9017220,77.0531200,60.69,0.002,0.102,-0.100,0.000,0.000,0.000
10.9017210,77.0531400,60.76,0.055,0.113,-0.057,0.000,0.000,0.000
10.9017210,77.0531700,60.09,0.088,0.122,-0.035,0.000,0.000,0.000
10.9017200,77.0531840,59.25,0.095,0.131,-0.037,0.000,0.000,0.000
10.9017200,77.0532000,58.56,0.085,0.140,-0.055,0.000,0.000,0.000
10.9017220,77.0532300,57.81,0.098,0.149,-0.052,0.000,0.000,0.000
10.9017220,77.0532480,57.27,0.117,0.159,-0.042,0.000,0.000,0.000
10.9017240,77.0532600,56.22,0.137,0.166,-0.029,0.000,0.000,0.000
10.9017250,77.0532736,55.75,0.135,0.172,-0.037,0.000,0.000,0.000
10.9017270,77.0532800,54.94,0.139,0.178,-0.039,0.000,0.000,0.000
10.9017320,77.0533160,53.86,0.177,0.178,-0.001,0.000,0.000,0.000
10.9017350,77.0533300,53.29,0.220,0.176,0.044,0.000,0.000,0.000
10.9017390,77.0533400,52.64,0.245,0.172,0.073,0.000,0.000,0.000
10.9017430,77.0533500,51.54,0.287,0.165,0.122,0.000,0.000,0.000
10.9017530,77.0533760,50.17,0.301,0.157,0.144,0.000,0.000,0.000
10.9017590,77.0533900,50.11,0.256,0.148,0.108,0.000,0.000,0.000
10.9017650,77.0534000,49.17,0.203,0.137,0.066,0.000,0.000,0.000
10.9017732,77.0534100,48.80,0.186,0.126,0.060,0.000,0.000,0.000
10.9017880,77.0534300,48.31,0.164,0.112,0.051,0.000,0.000,0.000
10.9017950,77.0534436,48.09,0.108,0.096,0.012,0.000,0.000,0.000
10.9018040,77.0534500,47.84,0.100,0.082,0.018,0.000,0.000,0.000
10.9018130,77.0534600,47.15,0.062,0.066,-0.004,0.000,0.000,0.000
10.9018210,77.0534700,46.76,0.018,0.051,-0.033,0.000,0.000,0.000
10.9018400,77.0534800,46.27,0.000,0.036,-0.036,0.028,0.000,0.028
10.9018500,77.0534800,46.44,0.000,0.020,-0.020,0.010,0.000,0.010
10.9018600,77.0534900,46.44,0.000,0.003,-0.003,0.044,0.000,0.044
10.9018700,77.0535000,46.40,0.000,0.000,0.000,0.075,0.013,0.062
10.9018810,77.0535000,46.69,0.000,0.000,0.000,0.100,0.027,0.073
10.9019020,77.0535080,46.81,0.000,0.000,0.000,0.109,0.038,0.072
10.9019140,77.0535100,46.77,0.000,0.000,0.000,0.118,0.045,0.073
10.9019250,77.0535100,47.54,0.000,0.000,0.000,0.095,0.050,0.045
10.9019376,77.0535200,47.80,0.000,0.000,0.000,0.070,0.053,0.017
10.9019500,77.0535200,48.44,0.000,0.000,0.000,0.048,0.052,-0.004
10.9019740,77.0535300,48.85,0.000,0.000,0.000,0.043,0.050,-0.008
10.9019970,77.0535320,48.44,0.000,0.000,0.000,0.033,0.046,-0.013
10.9020070,77.0535320,48.38,0.000,0.000,0.000,0.064,0.042,0.022
10.9020190,77.0535400,49.07,0.000,0.000,0.000,0.020,0.042,-0.022
10.9020290,77.0535500,48.94,0.008,0.000,0.008,0.000,0.044,-0.044
10.9020510,77.0535600,49.60,0.000,0.000,0.000,0.005,0.046,-0.040
10.9020720,77.0535700,49.86,0.014,0.000,0.014,0.000,0.048,-0.048
10.9020910,77.0535900,49.71,0.060,0.000,0.060,0.000,0.048,-0.048
10.9021090,77.0536036,50.99,0.013,0.000,0.013,0.000,0.044,-0.044
10.9021260,77.0536300,51.47,0.000,0.000,0.000,0.009,0.040,-0.031
10.9021350,77.0536320,51.71,0.013,0.000,0.013,0.000,0.037,-0.037
10.9021490,77.0536600,51.77,0.018,0.000,0.018,0.000,0.035,-0.035
10.9021560,77.0536680,51.48,0.014,0.000,0.014,0.000,0.033,-0.033
10.9021620,77.0536800,51.32,0.017,0.000,0.017,0.000,0.031,-0.031
10.9021670,77.0536900,51.02,0.009,0.000,0.009,0.000,0.029,-0.029
10.9021720,77.0537000,50.95,0.000,0.000,0.000,0.018,0.031,-0.013
10.9021800,77.0537300,51.13,0.000,0.000,0.000,0.077,0.035,0.042
10.9021840,77.0537400,51.90,0.000,0.000,0.000,0.085,0.042,0.043
10.9021850,77.0537600,52.16,0.000,0.000,0.000,0.092,0.050,0.041
10.9021880,77.0537680,52.38,0.000,0.000,0.000,0.106,0.059,0.047
10.9021890,77.0537800,52.36,0.000,0.000,0.000,0.098,0.066,0.032
10.9021910,77.0538100,53.22,0.000,0.000,0.000,0.075,0.071,0.004
10.9021900,77.0538240,53.08,0.000,0.000,0.000,0.116,0.074,0.042
10.9021900,77.0538300,53.18,0.000,0.000,0.000,0.115,0.076,0.039
10.9021880,77.0538500,53.67,0.000,0.000,0.000,0.104,0.077,0.027
10.9021840,77.0538800,54.50,0.000,0.000,0.000,0.106,0.080,0.026
10.9021800,77.0538960,54.92,0.000,0.000,0.000,0.085,0.082,0.003
10.9021760,77.0539000,54.95,0.000,0.000,0.000,0.048,0.087,-0.039
10.9021720,77.0539200,55.09,0.000,0.000,0.000,0.038,0.091,-0.054
10.9021660,77.0539300,55.35,0.000,0.000,0.000,0.018,0.097,-0.079
10.9021560,77.0539520,56.14,0.000,0.000,0.000,0.021,0.102,-0.081
10.9021490,77.0539700,56.27,0.000,0.000,0.000,0.059,0.109,-0.050
10.9021430,77.0539800,57.15,0.000,0.000,0.000,0.122,0.116,0.006
10.9021340,77.0539900,57.03,0.000,0.000,0.000,0.161,0.124,0.036
10.9021180,77.0540160,57.97,0.000,0.000,0.000,0.209,0.133,0.075
10.9021090,77.0540300,58.59,0.000,0.000,0.000,0.236,0.142,0.095
10.9021000,77.0540500,59.38,0.000,0.000,0.000,0.273,0.149,0.124
10.9020900,77.0540560,59.75,0.000,0.000,0.000,0.260,0.156,0.104
10.9020690,77.0540800,60.80,0.000,0.000,0.000,0.237,0.161,0.076
10.9020590,77.0540900,61.59,0.000,0.000,0.000,0.208,0.166,0.042
10.9020470,77.0541000,62.30,0.000,0.000,0.000,0.214,0.168,0.046
10.9020360,77.0541160,62.71,0.000,0.000,0.000,0.204,0.171,0.033
10.9020120,77.0541400,64.42,0.000,0.000,0.000,0.236,0.172,0.064
10.9019990,77.0541480,64.63,0.000,0.000,0.000,0.276,0.171,0.105
10.9019870,77.0541600,65.19,0.000,0.000,0.000,0.299,0.166,0.132
10.9019750,77.0541700,65.78,0.000,0.000,0.000,0.256,0.160,0.096
10.9019620,77.0541800,66.53,0.000,0.000,0.000,0.211,0.152,0.059
10.9019360,77.0542000,67.78,0.000,0.000,0.000,0.162,0.142,0.021
10.9019220,77.0542160,68.37,0.000,0.000,0.000,0.105,0.132,-0.027
10.9019080,77.0542200,68.77,0.000,0.000,0.000,0.081,0.122,-0.041
10.9018800,77.0542480,69.83,0.000,0.000,0.000,0.093,0.114,-0.021
10.9018660,77.0542600,70.02,0.000,0.000,0.000,0.114,0.105,0.009
10.9018530,77.0542700,70.07,0.000,0.000,0.000,0.126,0.096,0.030
10.9018380,77.0542680,70.31,0.000,0.000,0.000,0.172,0.090,0.082
10.9018240,77.0542900,70.46,0.000,0.000,0.000,0.171,0.086,0.085
10.9017940,77.0543080,71.28,0.000,0.000,0.000,0.145,0.083,0.062
10.9017650,77.0543300,71.52,0.000,0.000,0.000,0.119,0.081,0.039
10.9017500,77.0543440,71.86,0.000,0.000,0.000,0.094,0.080,0.014
10.9017340,77.0543500,72.22,0.000,0.000,0.000,0.050,0.078,-0.028
10.9017190,77.0543600,72.83,0.000,0.000,0.000,0.049,0.074,-0.025
10.9017050,77.0543760,73.10,0.000,0.000,0.000,0.047,0.069,-0.022
10.9016740,77.0544000,73.13,0.000,0.000,0.000,0.048,0.063,-0.016
10.9016590,77.0544080,74.07,0.000,0.000,0.000,0.038,0.057,-0.019
10.9016440,77.0544100,74.30,0.000,0.000,0.000,0.040,0.050,-0.010
10.9016284,77.0544300,74.26,0.000,0.000,0.000,0.017,0.042,-0.025
10.9015980,77.0544500,74.04,0.000,0.000,0.000,0.024,0.034,-0.010
10.9015820,77.0544600,74.28,0.000,0.000,0.000,0.013,0.027,-0.014
10.9015660,77.0544700,74.31,0.007,0.000,0.007,0.000,0.019,-0.019
10.9015500,77.0544800,74.64,0.014,0.000,0.014,0.000,0.012,-0.012
10.9015190,77.0545000,74.59,0.008,0.000,0.008,0.000,0.005,-0.005
10.9015030,77.0545100,74.42,0.049,0.000,0.049,0.000,0.000,-0.000
10.9014870,77.0545200,74.67,0.072,0.006,0.067,0.000,0.000,0.000
10.9014710,77.0545300,74.92,0.100,0.011,0.089,0.000,0.000,0.000
10.9014560,77.0545400,74.49,0.121,0.015,0.105,0.000,0.000,0.000
10.9014410,77.0545500,74.05,0.117,0.019,0.098,0.000,0.000,0.000
10.9014080,77.0545700,74.34,0.123,0.023,0.101,0.000,0.000,0.000
10.9013930,77.0545800,74.18,0.124,0.026,0.098,0.000,0.000,0.000
10.9013770,77.0545900,73.84,0.140,0.027,0.113,0.000,0.000,0.000
10.9013610,77.0545968,73.79,0.147,0.027,0.120,0.000,0.000,0.000
10.9013450,77.0546100,73.69,0.162,0.026,0.136,0.000,0.000,0.000
10.9013150,77.0546300,73.52,0.144,0.025,0.119,0.000,0.000,0.000
10.9012990,77.0546400,73.51,0.139,0.024,0.115,0.000,0.000,0.000
10.9012830,77.0546500,73.39,0.113,0.023,0.090,0.000,0.000,0.000
10.9012520,77.0546640,73.42,0.126,0.024,0.102,0.000,0.000,0.000
10.9012370,77.0546800,72.98,0.115,0.025,0.090,0.000,0.000,0.000
10.9012210,77.0546900,72.92,0.093,0.026,0.067,0.000,0.000,0.000
10.9012050,77.0546960,73.14,0.083,0.027,0.057,0.000,0.000,0.000
10.9011900,77.0547100,73.20,0.060,0.027,0.032,0.000,0.000,0.000
10.9011740,77.0547200,73.15,0.025,0.027,-0.002,0.000,0.000,0.000
10.9011420,77.0547300,72.49,0.036,0.026,0.011,0.000,0.000,0.000
10.9011260,77.0547400,72.30,0.065,0.024,0.040,0.000,0.000,0.000
10.9011100,77.0547500,72.15,0.051,0.023,0.028,0.000,0.000,0.000
10.9010940,77.0547568,72.08,0.052,0.022,0.030,0.000,0.000,0.000
10.9010610,77.0547700,72.15,0.099,0.020,0.079,0.000,0.000,0.000
10.9010450,77.0547900,72.14,0.110,0.019,0.092,0.000,0.000,0.000
10.9010290,77.0547920,72.08,0.114,0.021,0.093,0.000,0.000,0.000
10.9010110,77.0547920,71.79,0.157,0.027,0.130,0.000,0.000,0.000
10.9009610,77.0548200,72.14,0.166,0.035,0.131,0.000,0.000,0.000
10.9009440,77.0548240,72.04,0.204,0.045,0.159,0.000,0.000,0.000
10.9009270,77.0548300,71.84,0.188,0.054,0.134,0.000,0.000,0.000
10.9008930,77.0548400,71.26,0.185,0.067,0.118,0.000,0.000,0.000
10.9008760,77.0548500,71.37,0.169,0.078,0.091,0.000,0.000,0.000
10.9008600,77.0548560,70.90,0.215,0.100,0.115,0.000,0.000,0.000
10.9008430,77.0548560,70.49,0.181,0.121,0.060,0.000,0.000,0.000
10.9008100,77.0548700,69.33,0.203,0.139,0.065,0.000,0.000,0.000
10.9007790,77.0548700,67.76,0.179,0.147,0.033,0.000,0.000,0.000
10.9007480,77.0548800,65.71,0.261,0.151,0.110,0.000,0.000,0.000
10.9007170,77.0548800,64.37,0.152,0.142,0.010,0.000,0.000,0.000
10.9006850,77.0548800,63.08,0.125,0.125,-0.001,0.000,0.000,0.000
10.9006690,77.0548800,63.23,0.136,0.105,0.031,0.000,0.000,0.000
10.9006530,77.0548800,62.76,0.160,0.082,0.078,0.000,0.000,0.000
10.9006380,77.0548800,62.33,0.079,0.058,0.021,0.000,0.000,0.000
10.9006210,77.0548700,62.62,0.118,0.033,0.085,0.000,0.000,0.000
10.9005890,77.0548600,63.22,0.101,0.015,0.086,0.000,0.000,0.000
10.9005740,77.0548600,63.33,0.095,0.004,0.091,0.000,0.000,0.000
10.9005580,77.0548560,63.50,0.076,0.000,0.076,0.000,0.001,-0.001
10.9005260,77.0548500,64.48,0.052,0.000,0.052,0.000,0.004,-0.004
10.9005120,77.0548400,64.01,0.070,0.000,0.070,0.000,0.004,-0.004
10.9004970,77.0548300,63.53,0.070,0.000,0.070,0.000,0.004,-0.004
10.9004830,77.0548240,63.12,0.071,0.000,0.071,0.000,0.005,-0.005
10.9004690,77.0548200,62.94,0.078,0.000,0.078,0.000,0.008,-0.008
10.9004400,77.0548000,62.67,0.069,0.000,0.069,0.000,0.012,-0.012
10.9004270,77.0547920,62.77,0.049,0.000,0.049,0.000,0.019,-0.019
10.9004136,77.0547800,63.04,0.022,0.000,0.022,0.000,0.030,-0.030
10.9004000,77.0547700,63.56,0.000,0.000,0.000,0.017,0.043,-0.026
10.9003750,77.0547500,64.60,0.000,0.000,0.000,0.035,0.055,-0.020
10.9003640,77.0547400,64.01,0.000,0.000,0.000,0.012,0.066,-0.054
10.9003528,77.0547280,63.96,0.000,0.000,0.000,0.005,0.077,-0.072
10.9003400,77.0547200,64.37,0.000,0.000,0.000,0.004,0.087,-0.082
10.9003150,77.0546960,65.57,0.000,0.000,0.000,0.005,0.096,-0.091
10.9003040,77.0546900,66.00,0.000,0.000,0.000,0.011,0.105,-0.094
10.9002940,77.0546700,65.57,0.000,0.000,0.000,0.040,0.113,-0.073
10.9002850,77.0546600,65.86,0.000,0.000,0.000,0.053,0.121,-0.068
10.9002650,77.0546300,67.49,0.000,0.000,0.000,0.052,0.125,-0.073
10.9002550,77.0546100,67.70,0.000,0.000,0.000,0.087,0.125,-0.038
10.9002460,77.0545968,68.52,0.000,0.000,0.000,0.099,0.121,-0.022
10.9002370,77.0545800,69.11,0.003,0.000,0.003,0.000,0.114,-0.114
10.9002280,77.0545680,69.87,0.000,0.000,0.000,0.008,0.102,-0.093
10.9002100,77.0545360,70.66,0.000,0.000,0.000,0.030,0.086,-0.055
10.9002030,77.0545200,70.91,0.061,0.000,0.061,0.000,0.068,-0.068
10.9001950,77.0545000,70.81,0.129,0.000,0.129,0.000,0.048,-0.048
10.9001868,77.0544800,71.22,0.116,0.000,0.116,0.000,0.028,-0.028
10.9001810,77.0544700,70.81,0.097,0.000,0.097,0.000,0.010,-0.010
10.9001740,77.0544500,70.99,0.133,0.005,0.128,0.000,0.000,0.000
10.9001610,77.0544100,70.71,0.064,0.016,0.048,0.000,0.000,0.000
10.9001550,77.0544000,70.34,0.000,0.019,-0.019,0.004,0.000,0.004
10.9001500,77.0543800,70.32,0.000,0.015,-0.015,0.062,0.000,0.062
10.9001460,77.0543700,70.45,0.002,0.005,-0.003,0.000,0.000,0.000
10.9001410,77.0543440,70.04,0.000,0.000,0.000,0.002,0.008,-0.006
10.9001360,77.0543100,69.08,0.007,0.000,0.007,0.000,0.024,-0.024
10.9001330,77.0542900,69.36,0.023,0.000,0.023,0.000,0.040,-0.040
10.9001310,77.0542680,69.83,0.029,0.000,0.029,0.000,0.054,-0.054
10.9001280,77.0542500,70.42,0.000,0.000,0.000,0.021,0.063,-0.042
10.9001260,77.0542400,70.76,0.000,0.000,0.000,0.011,0.070,-0.059
10.9001230,77.0542000,72.01,0.018,0.000,0.018,0.000,0.071,-0.071
10.9001200,77.0541600,72.79,0.051,0.000,0.051,0.000,0.065,-0.065
10.9001190,77.0541480,72.96,0.062,0.000,0.062,0.000,0.055,-0.055
10.9001180,77.0541200,73.16,0.117,0.000,0.117,0.000,0.042,-0.042
10.9001170,77.0541100,73.25,0.117,0.000,0.117,0.000,0.026,-0.026
10.9001150,77.0540700,73.18,0.147,0.000,0.147,0.000,0.009,-0.009
10.9001140,77.0540500,73.36,0.146,0.007,0.139,0.000,0.000,0.000
10.9001140,77.0540300,73.01,0.152,0.023,0.129,0.000,0.000,0.000
10.9001130,77.0540160,72.73,0.132,0.038,0.094,0.000,0.000,0.000
10.9001120,77.0539800,72.42,0.125,0.052,0.073,0.000,0.000,0.000
10.9001120,77.0539520,72.31,0.114,0.064,0.050,0.000,0.000,0.000
10.9001120,77.0539400,71.95,0.138,0.075,0.063,0.000,0.000,0.000
10.9001120,77.0539280,71.87,0.166,0.085,0.081,0.000,0.000,0.000
10.9001120,77.0539000,71.67,0.197,0.094,0.103,0.000,0.000,0.000
10.9001110,77.0538700,70.82,0.233,0.103,0.131,0.000,0.000,0.000
10.9001120,77.0538500,70.46,0.212,0.111,0.101,0.000,0.000,0.000
10.9001120,77.0538300,69.68,0.209,0.118,0.091,0.000,0.000,0.000
10.9001120,77.0538200,69.29,0.168,0.125,0.042,0.000,0.000,0.000
10.9001130,77.0537920,69.09,0.150,0.131,0.019,0.000,0.000,0.000
10.9001130,77.0537680,68.05,0.124,0.134,-0.010,0.000,0.000,0.000
10.9001140,77.0537500,67.38,0.150,0.137,0.014,0.000,0.000,0.000
10.9001140,77.0537360,66.84,0.154,0.138,0.016,0.000,0.000,0.000
10.9001150,77.0537100,66.50,0.158,0.136,0.021,0.000,0.000,0.000
10.9001160,77.0536920,65.81,0.140,0.134,0.005,0.000,0.000,0.000
10.9001170,77.0536680,65.03,0.224,0.133,0.091,0.000,0.000,0.000
10.9001170,77.0536500,64.37,0.130,0.130,-0.000,0.000,0.000,0.000
10.9001170,77.0536320,63.88,0.117,0.129,-0.012,0.000,0.000,0.000
10.9001180,77.0536200,63.61,0.132,0.129,0.002,0.000,0.000,0.000
10.9001180,77.0536036,63.37,0.221,0.130,0.091,0.000,0.000,0.000
10.9001200,77.0535500,61.76,0.160,0.130,0.031,0.000,0.000,0.000
10.9001210,77.0535400,61.28,0.311,0.128,0.183,0.000,0.000,0.000
10.9001220,77.0535200,61.21,0.330,0.126,0.204,0.000,0.000,0.000
10.9001230,77.0535100,60.23,0.331,0.126,0.205,0.000,0.000,0.000
10.9001260,77.0534800,59.71,0.280,0.125,0.155,0.000,0.000,0.000
10.9001280,77.0534700,58.93,0.297,0.123,0.174,0.000,0.000,0.000
10.9001300,77.0534500,58.57,0.209,0.121,0.088,0.000,0.000,0.000
10.9001360,77.0534300,57.88,0.170,0.120,0.050,0.000,0.000,0.000
10.9001400,77.0534100,57.32,0.155,0.116,0.039,0.000,0.000,0.000
10.9001440,77.0534000,56.87,0.155,0.113,0.042,0.000,0.000,0.000
10.9001480,77.0533900,56.52,0.135,0.113,0.023,0.000,0.000,0.000
10.9001530,77.0533760,56.31,0.155,0.115,0.040,0.000,0.000,0.000
10.9001650,77.0533500,55.36,0.180,0.118,0.063,0.000,0.000,0.000
10.9001700,77.0533400,55.22,0.193,0.115,0.078,0.000,0.000,0.000
10.9001770,77.0533300,54.91,0.218,0.113,0.106,0.000,0.000,0.000
10.9001840,77.0533160,54.41,0.234,0.109,0.125,0.000,0.000,0.000
10.9001910,77.0533100,53.84,0.231,0.104,0.127,0.000,0.000,0.000
10.9001990,77.0532900,53.12,0.223,0.097,0.126,0.000,0.000,0.000
10.9002170,77.0532736,52.00,0.156,0.092,0.064,0.000,0.000,0.000
10.9002270,77.0532700,51.62,0.111,0.083,0.028,0.000,0.000,0.000
10.9002490,77.0532500,50.46,0.062,0.075,-0.013,0.000,0.000,0.000
10.9002710,77.0532400,51.33,0.018,0.066,-0.048,0.000,0.000,0.000
10.9002950,77.0532200,51.12,0.000,0.058,-0.058,0.004,0.000,0.004
10.9003190,77.0532160,50.12,0.000,0.053,-0.053,0.018,0.000,0.018
10.9003440,77.0532100,49.75,0.000,0.050,-0.050,0.065,0.000,0.065
10.9003560,77.0532100,49.31,0.000,0.043,-0.043,0.058,0.000,0.058
10.9003700,77.0532100,49.64,0.000,0.035,-0.035,0.021,0.000,0.021
10.9003820,77.0532100,49.01,0.000,0.025,-0.025,0.065,0.000,0.065
10.9004070,77.0532100,48.73,0.000,0.013,-0.013,0.040,0.000,0.040
10.9004200,77.0532100,48.57,0.000,0.001,-0.001,0.078,0.000,0.078
10.9004330,77.0532160,48.62,0.000,0.000,0.000,0.112,0.011,0.101
10.9004460,77.0532160,49.28,0.000,0.000,0.000,0.201,0.024,0.177
10.9004710,77.0532200,49.58,0.000,0.000,0.000,0.211,0.035,0.176
10.9004830,77.0532300,49.86,0.000,0.000,0.000,0.243,0.046,0.197
10.9004950,77.0532300,49.86,0.000,0.000,0.000,0.201,0.056,0.146
10.9005060,77.0532400,49.90,0.000,0.000,0.000,0.176,0.064,0.112
10.9005180,77.0532480,50.37,0.000,0.000,0.000,0.124,0.072,0.053
10.9005400,77.0532600,50.60,0.000,0.000,0.000,0.110,0.079,0.031
10.9005510,77.0532700,50.98,0.000,0.000,0.000,0.128,0.085,0.043
10.9005600,77.0532736,51.13,0.000,0.000,0.000,0.173,0.089,0.083
10.9005720,77.0532900,51.68,0.000,0.000,0.000,0.225,0.093,0.132
10.9005810,77.0533000,51.86,0.000,0.000,0.000,0.227,0.094,0.133
10.9005990,77.0533200,53.09,0.000,0.000,0.000,0.211,0.094,0.117
10.9006070,77.0533400,53.46,0.000,0.000,0.000,0.152,0.092,0.060
10.9006150,77.0533480,53.95,0.000,0.000,0.000,0.079,0.090,-0.011
10.9006210,77.0533600,54.41,0.000,0.000,0.000,0.028,0.088,-0.060
10.9006270,77.0533700,54.16,0.000,0.000,0.000,0.015,0.086,-0.071
10.9006380,77.0534000,54.91,0.000,0.000,0.000,0.022,0.083,-0.062
10.9006410,77.0534100,54.65,0.000,0.000,0.000,0.039,0.083,-0.044
10.9006440,77.0534200,55.00,0.000,0.000,0.000,0.111,0.084,0.026
10.9006490,77.0534500,55.67,0.000,0.000,0.000,0.166,0.087,0.079
10.9006500,77.0534700,55.92,0.000,0.000,0.000,0.204,0.093,0.111
10.9006500,77.0534800,56.33,0.000,0.000,0.000,0.226,0.100,0.127
10.9006510,77.0535000,56.79,0.000,0.000,0.000,0.254,0.107,0.147
10.9006510,77.0535100,57.31,0.000,0.000,0.000,0.236,0.114,0.122
10.9006500,77.0535200,57.70,0.000,0.000,0.000,0.196,0.119,0.077
10.9006480,77.0535500,58.62,0.000,0.000,0.000,0.173,0.121,0.051
10.9006460,77.0535680,58.83,0.000,0.000,0.000,0.190,0.119,0.070
10.9006440,77.0535800,59.30,0.000,0.000,0.000,0.184,0.114,0.070
10.9006420,77.0536000,60.10,0.000,0.000,0.000,0.137,0.104,0.033
10.9006400,77.0536300,60.70,0.000,0.000,0.000,0.089,0.092,-0.003
10.9006390,77.0536400,61.64,0.000,0.000,0.000,0.072,0.078,-0.006
10.9006380,77.0536600,61.66,0.013,0.000,0.013,0.000,0.063,-0.063
10.9006380,77.0536700,62.37,0.044,0.000,0.044,0.000,0.048,-0.048
10.9006370,77.0536900,62.30,0.013,0.000,0.013,0.000,0.032,-0.032
10.9006370,77.0537200,61.26,0.000,0.000,0.000,0.043,0.017,0.027
10.9006380,77.0537400,61.69,0.000,0.000,0.000,0.048,0.004,0.045
10.9006380,77.0537600,62.02,0.000,0.007,-0.007,0.082,0.000,0.082
10.9006400,77.0537900,61.75,0.000,0.015,-0.015,0.073,0.000,0.073
10.9006408,77.0538000,61.37,0.000,0.020,-0.020,0.036,0.000,0.036
10.9006420,77.0538300,61.44,0.000,0.024,-0.024,0.011,0.000,0.011
10.9006430,77.0538500,61.09,0.000,0.026,-0.026,0.023,0.000,0.023
10.9006470,77.0538800,61.29,0.000,0.028,-0.028,0.025,0.000,0.025
10.9006490,77.0538960,60.85,0.000,0.029,-0.029,0.015,0.000,0.015
10.9006510,77.0539100,60.64,0.000,0.031,-0.031,0.019,0.000,0.019
10.9006520,77.0539280,60.55,0.000,0.033,-0.033,0.009,0.000,0.009
10.9006550,77.0539400,60.87,0.019,0.034,-0.015,0.000,0.000,0.000
10.9006600,77.0539700,60.61,0.043,0.035,0.008,0.000,0.000,0.000
10.9006610,77.0539800,60.18,0.048,0.035,0.012,0.000,0.000,0.000
10.9006650,77.0539900,59.99,0.025,0.035,-0.011,0.000,0.000,0.000
10.9006690,77.0540100,60.11,0.004,0.035,-0.031,0.000,0.000,0.000
10.9006780,77.0540400,59.56,0.000,0.036,-0.036,0.026,0.000,0.026
10.9006820,77.0540560,59.50,0.000,0.037,-0.037,0.059,0.000,0.059
10.9006870,77.0540700,59.29,0.000,0.039,-0.039,0.076,0.000,0.076
10.9006920,77.0540880,59.14,0.000,0.043,-0.043,0.056,0.000,0.056
10.9006970,77.0541000,59.33,0.000,0.048,-0.048,0.029,0.000,0.029
10.9007080,77.0541200,59.13,0.014,0.052,-0.038,0.000,0.000,0.000
10.9007140,77.0541400,59.03,0.035,0.058,-0.023,0.000,0.000,0.000
10.9007210,77.0541500,58.76,0.066,0.064,0.002,0.000,0.000,0.000
10.9007270,77.0541700,58.46,0.113,0.070,0.042,0.000,0.000,0.000
10.9007420,77.0541900,57.64,0.130,0.076,0.054,0.000,0.000,0.000
10.9007480,77.0542000,57.29,0.127,0.081,0.046,0.000,0.000,0.000
10.9007570,77.0542160,57.24,0.146,0.084,0.063,0.000,0.000,0.000
10.9007650,77.0542200,56.72,0.104,0.084,0.020,0.000,0.000,0.000
10.9007740,77.0542400,56.19,0.090,0.082,0.008,0.000,0.000,0.000
10.9007920,77.0542600,55.73,0.087,0.077,0.011,0.000,0.000,0.000
10.9008020,77.0542700,55.34,0.088,0.070,0.018,0.000,0.000,0.000
10.9008120,77.0542680,55.44,0.093,0.063,0.030,0.000,0.000,0.000
10.9008330,77.0543000,54.53,0.120,0.057,0.063,0.000,0.000,0.000
10.9008440,77.0543080,54.41,0.078,0.052,0.026,0.000,0.000,0.000
10.9008550,77.0543100,54.18,0.112,0.049,0.064,0.000,0.000,0.000
10.9008664,77.0543200,54.30,0.106,0.048,0.058,0.000,0.000,0.000
10.9008910,77.0543400,54.29,0.086,0.047,0.039,0.000,0.000,0.000
10.9009030,77.0543400,54.25,0.056,0.046,0.010,0.000,0.000,0.000
10.9009150,77.0543440,54.30,0.082,0.046,0.036,0.000,0.000,0.000
10.9009280,77.0543500,54.05,0.060,0.045,0.015,0.000,0.000,0.000
10.9009400,77.0543500,53.51,0.061,0.044,0.017,0.000,0.000,0.000
10.9009660,77.0543600,52.72,0.056,0.043,0.013,0.000,0.000,0.000
10.9009790,77.0543600,52.41,0.059,0.042,0.017,0.000,0.000,0.000
10.9009920,77.0543600,52.48,0.036,0.040,-0.003,0.000,0.000,0.000
10.9010060,77.0543600,52.46,0.008,0.036,-0.027,0.000,0.000,0.000
10.9010320,77.0543600,52.57,0.000,0.030,-0.030,0.050,0.000,0.050
10.9010460,77.0543600,52.49,0.000,0.022,-0.022,0.080,0.000,0.080
10.9010580,77.0543600,52.35,0.000,0.012,-0.012,0.096,0.000,0.096
10.9010720,77.0543500,52.01,0.000,0.003,-0.003,0.117,0.000,0.117
10.9010840,77.0543500,52.19,0.000,0.000,0.000,0.175,0.005,0.170
10.9011090,77.0543440,52.22,0.000,0.000,0.000,0.167,0.012,0.155
10.9011200,77.0543400,52.05,0.000,0.000,0.000,0.203,0.023,0.180
10.9011320,77.0543300,51.96,0.000,0.000,0.000,0.221,0.054,0.168
10.9011430,77.0543300,51.82,0.000,0.000,0.000,0.226,0.087,0.139
10.9011660,77.0543100,52.31,0.000,0.000,0.000,0.222,0.119,0.102
10.9011880,77.0542900,53.84,0.000,0.000,0.000,0.219,0.151,0.068
10.9012090,77.0542680,55.83,0.000,0.000,0.000,0.193,0.178,0.016
10.9012300,77.0542500,57.59,0.000,0.000,0.000,0.147,0.190,-0.042
10.9012500,77.0542300,58.68,0.000,0.000,0.000,0.166,0.200,-0.034
10.9012590,77.0542160,59.32,0.000,0.000,0.000,0.162,0.204,-0.042
10.9012770,77.0541900,60.40,0.000,0.000,0.000,0.165,0.202,-0.037
10.9012840,77.0541800,61.07,0.000,0.000,0.000,0.132,0.200,-0.068
10.9012930,77.0541600,61.72,0.000,0.000,0.000,0.153,0.189,-0.036
10.9013070,77.0541300,63.19,0.000,0.000,0.000,0.150,0.181,-0.031
10.9013140,77.0541160,64.25,0.000,0.000,0.000,0.167,0.182,-0.015
10.9013270,77.0540880,64.88,0.000,0.000,0.000,0.204,0.190,0.014
10.9013390,77.0540560,66.34,0.000,0.000,0.000,0.256,0.199,0.057
10.9013470,77.0540160,67.49,0.000,0.000,0.000,0.287,0.213,0.075
10.9013550,77.0539840,68.99,0.000,0.000,0.000,0.281,0.225,0.055
10.9013590,77.0539600,70.05,0.000,0.000,0.000,0.293,0.240,0.053
10.9013610,77.0539500,70.90,0.000,0.000,0.000,0.273,0.251,0.022
10.9013630,77.0539280,72.31,0.000,0.000,0.000,0.266,0.261,0.005
10.9013660,77.0539100,73.04,0.000,0.000,0.000,0.252,0.266,-0.014
10.9013690,77.0538700,74.86,0.000,0.000,0.000,0.263,0.268,-0.005
10.9013690,77.0538500,76.00,0.000,0.000,0.000,0.266,0.265,0.001
10.9013700,77.0538240,76.82,0.000,0.000,0.000,0.254,0.262,-0.009
10.9013700,77.0538100,77.89,0.000,0.000,0.000,0.240,0.259,-0.019
10.9013700,77.0537400,80.38,0.000,0.000,0.000,0.251,0.253,-0.002
10.9013690,77.0537300,81.10,0.000,0.000,0.000,0.258,0.247,0.011
10.9013680,77.0537000,82.53,0.000,0.000,0.000,0.213,0.241,-0.028
10.9013670,77.0536800,83.53,0.000,0.000,0.000,0.235,0.237,-0.002
10.9013660,77.0536600,83.71,0.000,0.000,0.000,0.208,0.232,-0.024
10.9013630,77.0536100,85.23,0.000,0.000,0.000,0.175,0.228,-0.053
10.9013608,77.0535900,86.39,0.000,0.000,0.000,0.120,0.223,-0.103
10.9013590,77.0535680,87.16,0.000,0.000,0.000,0.119,0.216,-0.096
10.9013540,77.0535200,88.67,0.000,0.000,0.000,0.054,0.203,-0.150
10.9013520,77.0535000,89.24,0.055,0.000,0.055,0.000,0.191,-0.191
10.9013460,77.0534500,90.80,0.147,0.000,0.147,0.000,0.178,-0.178
10.9013430,77.0534300,91.93,0.085,0.000,0.085,0.000,0.164,-0.164
10.9013408,77.0534080,92.71,0.083,0.000,0.083,0.000,0.154,-0.154
10.9013350,77.0533600,92.57,0.035,0.000,0.035,0.000,0.147,-0.147
10.9013320,77.0533400,92.64,0.000,0.000,0.000,0.119,0.138,-0.019
10.9013290,77.0533160,93.25,0.000,0.000,0.000,0.246,0.130,0.116
10.9013250,77.0532800,93.80,0.000,0.000,0.000,0.224,0.123,0.101
10.9013190,77.0532400,95.13,0.000,0.000,0.000,0.237,0.116,0.121
10.9013150,77.0532160,95.85,0.000,0.000,0.000,0.212,0.110,0.102
10.9013110,77.0531900,96.35,0.000,0.000,0.000,0.187,0.105,0.082
10.9013070,77.0531600,96.56,0.000,0.000,0.000,0.181,0.103,0.077
10.9012990,77.0531136,97.05,0.000,0.000,0.000,0.164,0.107,0.058
10.9012970,77.0530900,97.35,0.000,0.000,0.000,0.151,0.111,0.040
10.9012890,77.0530400,97.17,0.000,0.000,0.000,0.170,0.120,0.050
10.9012850,77.0530200,97.52,0.000,0.000,0.000,0.183,0.136,0.048
10.9012770,77.0529600,98.58,0.000,0.000,0.000,0.171,0.149,0.022
10.9012720,77.0529400,99.61,0.000,0.000,0.000,0.163,0.158,0.004
10.9012680,77.0529200,99.99,0.000,0.000,0.000,0.177,0.169,0.007
10.9012580,77.0528600,102.30,0.000,0.000,0.000,0.174,0.173,0.001
10.9012490,77.0528000,103.95,0.000,0.000,0.000,0.166,0.171,-0.004
10.9012450,77.0527800,104.43,0.000,0.000,0.000,0.113,0.168,-0.056
10.9012400,77.0527500,104.56,0.000,0.000,0.000,0.067,0.165,-0.098
10.9012360,77.0527300,104.80,0.003,0.000,0.003,0.000,0.145,-0.145
10.9012270,77.0526700,105.84,0.041,0.000,0.041,0.000,0.125,-0.125
10.9012220,77.0526400,106.32,0.103,0.000,0.103,0.000,0.107,-0.107
10.9012168,77.0526100,107.00,0.081,0.000,0.081,0.000,0.088,-0.088
10.9012120,77.0525900,107.22,0.053,0.000,0.053,0.000,0.069,-0.069
10.9012080,77.0525600,107.64,0.096,0.000,0.096,0.000,0.057,-0.057
10.9011970,77.0525000,109.09,0.091,0.000,0.091,0.000,0.046,-0.046
10.9011880,77.0524480,109.59,0.044,0.000,0.044,0.000,0.036,-0.036
10.9011770,77.0523900,110.09,0.064,0.000,0.064,0.000,0.025,-0.025
10.9011680,77.0523300,110.68,0.149,0.000,0.149,0.000,0.025,-0.025
10.9011570,77.0522800,111.70,0.141,0.000,0.141,0.000,0.035,-0.035
10.9011470,77.0522160,112.47,0.168,0.000,0.168,0.000,0.044,-0.044
10.9011360,77.0521520,113.16,0.224,0.000,0.224,0.000,0.050,-0.050
10.9011260,77.0521000,113.38,0.242,0.000,0.242,0.000,0.075,-0.075
10.9011140,77.0520400,115.14,0.209,0.000,0.209,0.000,0.091,-0.091
10.9010700,77.0517936,119.23,0.193,0.000,0.193,0.000,0.092,-0.092
10.9010100,77.0514600,123.10,0.207,0.000,0.207,0.000,0.079,-0.079
10.9009600,77.0511500,124.10,0.196,0.000,0.196,0.000,0.026,-0.026
10.9008070,77.0501900,120.69,0.211,0.055,0.156,0.000,0.000,0.000
10.9008000,77.0501400,118.56,0.259,0.142,0.117,0.000,0.000,0.000
10.9007920,77.0500800,116.66,0.311,0.219,0.091,0.000,0.000,0.000
10.9007830,77.0500240,114.24,0.366,0.292,0.074,0.000,0.000,0.000
10.9007730,77.0499700,112.70,0.385,0.321,0.064,0.000,0.000,0.000
10.9007640,77.0499200,110.97,0.403,0.340,0.063,0.000,0.000,0.000
10.9007550,77.0498640,109.81,0.370,0.358,0.012,0.000,0.000,0.000
10.9007470,77.0498100,108.25,0.335,0.373,-0.039,0.000,0.000,0.000
10.9007380,77.0497600,106.99,0.354,0.377,-0.023,0.000,0.000,0.000
10.9007300,77.0497040,104.25,0.466,0.383,0.082,0.000,0.000,0.000
10.9007224,77.0496600,101.82,0.542,0.390,0.152,0.000,0.000,0.000
10.9007140,77.0496160,99.66,0.588,0.387,0.201,0.000,0.000,0.000
10.9007060,77.0495600,97.86,0.634,0.383,0.251,0.000,0.000,0.000
10.9006990,77.0495120,95.09,0.623,0.381,0.242,0.000,0.000,0.000
10.9006900,77.0494800,93.54,0.551,0.369,0.182,0.000,0.000,0.000
10.9006816,77.0494300,92.39,0.527,0.356,0.171,0.000,0.000,0.000
10.9006720,77.0493840,90.97,0.501,0.345,0.156,0.000,0.000,0.000
10.9006610,77.0493400,89.46,0.477,0.334,0.143,0.000,0.000,0.000
10.9006490,77.0493000,86.59,0.441,0.323,0.118,0.000,0.000,0.000
10.9006420,77.0492880,85.40,0.410,0.326,0.084,0.000,0.000,0.000
10.9006370,77.0492600,84.70,0.350,0.319,0.031,0.000,0.000,0.000
10.9006240,77.0492240,82.70,0.338,0.313,0.026,0.000,0.000,0.000
10.9006120,77.0491920,80.86,0.309,0.306,0.004,0.000,0.000,0.000
10.9006060,77.0491700,79.91,0.306,0.298,0.008,0.000,0.000,0.000
10.9005992,77.0491600,79.25,0.280,0.294,-0.014,0.000,0.000,0.000
10.9005920,77.0491400,77.68,0.292,0.311,-0.018,0.000,0.000,0.000
10.9005784,77.0491100,74.46,0.285,0.324,-0.040,0.000,0.000,0.000
10.9005630,77.0490900,71.81,0.277,0.338,-0.061,0.000,0.000,0.000
10.9005500,77.0490640,66.87,0.293,0.349,-0.056,0.000,0.000,0.000
10.9005360,77.0490400,63.71,0.329,0.359,-0.030,0.000,0.000,0.000
10.9005190,77.0490200,61.33,0.284,0.344,-0.060,0.000,0.000,0.000
10.9005000,77.0489968,59.75,0.239,0.333,-0.094,0.000,0.000,0.000
10.9004810,77.0489800,58.01,0.204,0.317,-0.112,0.000,0.000,0.000
10.9004720,77.0489700,57.10,0.142,0.291,-0.149,0.000,0.000,0.000
10.9004520,77.0489600,55.61,0.095,0.249,-0.155,0.000,0.000,0.000
10.9004410,77.0489500,54.81,0.059,0.212,-0.153,0.000,0.000,0.000
10.9004300,77.0489400,54.25,0.000,0.169,-0.169,0.067,0.000,0.067
10.9004060,77.0489300,53.87,0.000,0.129,-0.129,0.149,0.000,0.149
10.9003820,77.0489100,54.09,0.000,0.095,-0.095,0.182,0.000,0.182
10.9003720,77.0489100,52.34,0.000,0.064,-0.064,0.216,0.000,0.216
10.9003590,77.0489040,52.49,0.000,0.038,-0.038,0.236,0.000,0.236
10.9003490,77.0489000,52.19,0.000,0.011,-0.011,0.149,0.000,0.149
10.9003280,77.0488800,51.58,0.000,0.000,0.000,0.104,0.019,0.085
10.9003170,77.0488720,51.73,0.000,0.000,0.000,0.116,0.048,0.069
10.9003060,77.0488700,52.45,0.000,0.000,0.000,0.155,0.077,0.078
10.9002940,77.0488600,53.00,0.000,0.000,0.000,0.101,0.104,-0.003
10.9002830,77.0488500,53.22,0.000,0.000,0.000,0.130,0.128,0.002
10.9002640,77.0488300,54.78,0.000,0.000,0.000,0.159,0.146,0.014
10.9002540,77.0488100,55.43,0.000,0.000,0.000,0.096,0.157,-0.061
10.9002450,77.0488080,56.29,0.000,0.000,0.000,0.046,0.165,-0.119
10.9002284,77.0487760,57.86,0.000,0.000,0.000,0.107,0.168,-0.061
10.9002130,77.0487500,58.83,0.000,0.000,0.000,0.125,0.166,-0.041
10.9002070,77.0487400,59.42,0.000,0.000,0.000,0.132,0.163,-0.031
10.9002010,77.0487200,59.94,0.000,0.000,0.000,0.215,0.164,0.051
10.9001960,77.0487080,60.47,0.000,0.000,0.000,0.280,0.167,0.114
10.9001920,77.0487000,60.44,0.000,0.000,0.000,0.281,0.172,0.109
10.9001840,77.0486700,61.54,0.000,0.000,0.000,0.272,0.182,0.090
10.9001810,77.0486500,61.95,0.000,0.000,0.000,0.299,0.194,0.105
10.9001750,77.0486160,63.55,0.000,0.000,0.000,0.260,0.204,0.056
10.9001730,77.0486000,64.74,0.000,0.000,0.000,0.206,0.211,-0.005
10.9001710,77.0485700,67.15,0.000,0.000,0.000,0.231,0.216,0.015
10.9001700,77.0485480,67.89,0.000,0.000,0.000,0.242,0.218,0.023
10.9001690,77.0485300,68.60,0.000,0.000,0.000,0.203,0.214,-0.011
10.9001690,77.0485160,69.04,0.000,0.000,0.000,0.207,0.203,0.004
10.9001690,77.0485000,69.41,0.000,0.000,0.000,0.219,0.187,0.032
10.9001710,77.0484600,71.29,0.000,0.000,0.000,0.158,0.166,-0.008
10.9001720,77.0484400,72.02,0.000,0.000,0.000,0.085,0.142,-0.058
10.9001740,77.0484200,72.61,0.000,0.000,0.000,0.029,0.114,-0.085
10.9001750,77.0484000,73.31,0.028,0.000,0.028,0.000,0.084,-0.084
10.9001780,77.0483700,73.57,0.077,0.000,0.077,0.000,0.053,-0.053
10.9001800,77.0483500,73.87,0.109,0.000,0.109,0.000,0.018,-0.018
10.9001810,77.0483300,73.66,0.118,0.016,0.102,0.000,0.000,0.000
10.9001850,77.0482960,73.68,0.151,0.044,0.107,0.000,0.000,0.000
10.9001870,77.0482700,73.69,0.169,0.068,0.101,0.000,0.000,0.000
10.9001910,77.0482400,72.21,0.157,0.088,0.069,0.000,0.000,0.000
10.9001940,77.0482240,71.64,0.158,0.100,0.059,0.000,0.000,0.000
10.9001970,77.0482100,70.74,0.179,0.110,0.070,0.000,0.000,0.000
10.9002000,77.0481900,70.41,0.151,0.114,0.037,0.000,0.000,0.000
10.9002060,77.0481600,69.70,0.127,0.113,0.014,0.000,0.000,0.000
10.9002080,77.0481360,69.53,0.148,0.105,0.043,0.000,0.000,0.000
10.9002110,77.0481200,68.63,0.149,0.092,0.056,0.000,0.000,0.000
10.9002160,77.0481000,68.41,0.132,0.076,0.056,0.000,0.000,0.000
10.9002190,77.0480900,68.27,0.070,0.057,0.013,0.000,0.000,0.000
10.9002240,77.0480700,67.72,0.016,0.037,-0.022,0.000,0.000,0.000
10.9002320,77.0480400,67.29,0.000,0.018,-0.018,0.033,0.000,0.033
10.9002370,77.0480300,67.47,0.000,0.000,0.000,0.086,0.003,0.083
10.9002430,77.0480100,67.80,0.000,0.000,0.000,0.140,0.024,0.117
10.9002490,77.0480000,67.71,0.000,0.000,0.000,0.098,0.043,0.055
10.9002610,77.0479600,68.13,0.000,0.000,0.000,0.084,0.061,0.023
10.9002680,77.0479400,68.62,0.000,0.000,0.000,0.089,0.076,0.014
10.9002740,77.0479300,69.11,0.000,0.000,0.000,0.060,0.082,-0.023
10.9002820,77.0479100,69.16,0.000,0.000,0.000,0.036,0.082,-0.046
10.9002910,77.0479000,69.91,0.000,0.000,0.000,0.078,0.077,0.001
10.9003010,77.0478800,70.27,0.000,0.000,0.000,0.053,0.065,-0.012
10.9003220,77.0478500,71.84,0.000,0.000,0.000,0.032,0.050,-0.017
10.9003316,77.0478400,72.03,0.033,0.000,0.033,0.000,0.032,-0.032
10.9003440,77.0478300,71.81,0.074,0.000,0.074,0.000,0.013,-0.013
10.9003680,77.0478000,71.27,0.176,0.007,0.168,0.000,0.000,0.000
10.9003810,77.0477900,71.44,0.179,0.027,0.152,0.000,0.000,0.000
10.9003940,77.0477760,70.83,0.231,0.047,0.183,0.000,0.000,0.000
10.9004080,77.0477700,70.31,0.197,0.066,0.131,0.000,0.000,0.000
10.9004220,77.0477600,70.24,0.197,0.082,0.115,0.000,0.000,0.000
10.9004530,77.0477400,69.70,0.163,0.097,0.066,0.000,0.000,0.000
10.9004680,77.0477300,69.32,0.181,0.110,0.071,0.000,0.000,0.000
10.9004830,77.0477200,69.15,0.189,0.121,0.069,0.000,0.000,0.000
10.9004980,77.0477200,68.44,0.104,0.130,-0.025,0.000,0.000,0.000
10.9005290,77.0477100,68.19,0.104,0.138,-0.035,0.000,0.000,0.000
10.9005440,77.0477000,67.63,0.089,0.146,-0.057,0.000,0.000,0.000
10.9005580,77.0477000,66.25,0.032,0.153,-0.121,0.000,0.000,0.000
10.9005890,77.0476900,64.81,0.000,0.162,-0.162,0.034,0.000,0.034
10.9006040,77.0476800,64.46,0.094,0.171,-0.076,0.000,0.000,0.000
10.9006210,77.0476800,64.09,0.142,0.178,-0.036,0.000,0.000,0.000
10.9006370,77.0476800,63.55,0.229,0.184,0.045,0.000,0.000,0.000
10.9006530,77.0476800,63.54,0.251,0.189,0.062,0.000,0.000,0.000
10.9006830,77.0476800,61.70,0.312,0.190,0.122,0.000,0.000,0.000
10.9006980,77.0476800,60.66,0.280,0.190,0.090,0.000,0.000,0.000
10.9007140,77.0476800,60.20,0.281,0.189,0.092,0.000,0.000,0.000
10.9007280,77.0476800,59.39,0.242,0.185,0.057,0.000,0.000,0.000
10.9007570,77.0476900,57.79,0.307,0.180,0.127,0.000,0.000,0.000
10.9007720,77.0477000,57.07,0.304,0.175,0.128,0.000,0.000,0.000
10.9008000,77.0477100,55.80,0.310,0.154,0.155,0.000,0.000,0.000
10.9008130,77.0477160,55.56,0.295,0.133,0.162,0.000,0.000,0.000
10.9008252,77.0477160,54.66,0.313,0.112,0.202,0.000,0.000,0.000
10.9008380,77.0477200,54.70,0.287,0.090,0.197,0.000,0.000,0.000
10.9008610,77.0477400,53.95,0.307,0.071,0.236,0.000,0.000,0.000
10.9008710,77.0477480,53.58,0.311,0.078,0.233,0.000,0.000,0.000
10.9008810,77.0477500,52.95,0.258,0.086,0.172,0.000,0.000,0.000
10.9009000,77.0477700,52.06,0.202,0.096,0.106,0.000,0.000,0.000
10.9009130,77.0477900,49.74,0.057,0.106,-0.049,0.000,0.000,0.000
10.9009250,77.0478080,48.46,0.000,0.114,-0.114,0.032,0.000,0.032
10.9009310,77.0478300,47.30,0.000,0.129,-0.129,0.114,0.000,0.114
10.9009370,77.0478500,45.45,0.000,0.133,-0.133,0.153,0.000,0.153
10.9009400,77.0478680,44.16,0.000,0.128,-0.128,0.219,0.000,0.219
10.9009410,77.0479000,43.35,0.000,0.114,-0.114,0.175,0.000,0.175
10.9009390,77.0479100,42.43,0.000,0.086,-0.086,0.199,0.000,0.199
10.9009340,77.0479320,42.23,0.000,0.028,-0.028,0.212,0.000,0.212
10.9009280,77.0479600,43.18,0.000,0.000,0.000,0.203,0.026,0.178
10.9009180,77.0479700,43.61,0.000,0.000,0.000,0.201,0.077,0.124
10.9009070,77.0480000,43.84,0.000,0.000,0.000,0.213,0.123,0.090
10.9008950,77.0480200,45.19,0.000,0.000,0.000,0.180,0.153,0.027
10.9008820,77.0480320,45.62,0.000,0.000,0.000,0.196,0.174,0.022
10.9008680,77.0480600,47.07,0.000,0.000,0.000,0.238,0.191,0.047
10.9008570,77.0480800,48.70,0.000,0.000,0.000,0.255,0.202,0.052
10.9008450,77.0481000,49.42,0.000,0.000,0.000,0.231,0.208,0.023
10.9008360,77.0481300,50.59,0.000,0.000,0.000,0.277,0.213,0.064
10.9008270,77.0481600,51.39,0.000,0.000,0.000,0.279,0.216,0.063
10.9008250,77.0481680,51.94,0.000,0.000,0.000,0.270,0.217,0.053
10.9008190,77.0481920,53.71,0.000,0.000,0.000,0.278,0.217,0.061
10.9008160,77.0482100,54.37,0.000,0.000,0.000,0.295,0.219,0.076
10.9008140,77.0482240,55.20,0.000,0.000,0.000,0.283,0.219,0.064
10.9008130,77.0482520,56.52,0.000,0.000,0.000,0.288,0.218,0.070
10.9008130,77.0482700,56.99,0.000,0.000,0.000,0.284,0.217,0.067
10.9008130,77.0482900,58.07,0.000,0.000,0.000,0.286,0.212,0.073
10.9008130,77.0483000,59.34,0.000,0.000,0.000,0.288,0.207,0.081
10.9008140,77.0483200,60.49,0.000,0.000,0.000,0.299,0.202,0.097
10.9008170,77.0483500,61.15,0.000,0.000,0.000,0.303,0.197,0.106
10.9008180,77.0483600,62.29,0.000,0.000,0.000,0.299,0.193,0.106
10.9008200,77.0483800,62.83,0.000,0.000,0.000,0.268,0.190,0.079
10.9008250,77.0484100,63.49,0.000,0.000,0.000,0.256,0.186,0.070
10.9008270,77.0484300,64.06,0.000,0.000,0.000,0.246,0.185,0.061
10.9008300,77.0484500,65.18,0.000,0.000,0.000,0.212,0.186,0.026
10.9008340,77.0484600,65.43,0.000,0.000,0.000,0.196,0.186,0.010
10.9008370,77.0484800,66.36,0.000,0.000,0.000,0.189,0.189,-0.000
10.9008410,77.0484900,67.09,0.000,0.000,0.000,0.209,0.193,0.016
10.9008480,77.0485300,68.58,0.000,0.000,0.000,0.207,0.197,0.010
10.9008520,77.0485480,69.03,0.000,0.000,0.000,0.226,0.198,0.028
10.9008570,77.0485700,69.45,0.000,0.000,0.000,0.245,0.201,0.044
10.9008660,77.0486000,70.94,0.000,0.000,0.000,0.261,0.202,0.058
10.9008700,77.0486200,72.12,0.000,0.000,0.000,0.249,0.200,0.049
10.9008800,77.0486600,73.89,0.000,0.000,0.000,0.268,0.195,0.073
10.9008850,77.0486680,74.38,0.000,0.000,0.000,0.268,0.190,0.079
10.9008890,77.0487000,74.98,0.000,0.000,0.000,0.263,0.181,0.082
10.9008940,77.0487100,75.63,0.000,0.000,0.000,0.275,0.168,0.107
10.9008990,77.0487400,76.39,0.000,0.000,0.000,0.190,0.155,0.036
10.9009040,77.0487500,77.00,0.000,0.000,0.000,0.108,0.140,-0.033
10.9009140,77.0487900,78.37,0.000,0.000,0.000,0.073,0.126,-0.053
10.9009190,77.0488100,78.69,0.000,0.000,0.000,0.069,0.111,-0.042
10.9009240,77.0488300,78.67,0.017,0.000,0.017,0.000,0.096,-0.096
10.9009290,77.0488500,78.70,0.000,0.000,0.000,0.030,0.082,-0.052
10.9009390,77.0488900,79.27,0.000,0.000,0.000,0.055,0.067,-0.011
10.9009450,77.0489100,79.55,0.000,0.000,0.000,0.048,0.048,-0.000
10.9009500,77.0489300,79.77,0.003,0.000,0.003,0.000,0.030,-0.030
10.9009610,77.0489680,80.19,0.000,0.000,0.000,0.005,0.012,-0.007
10.9009670,77.0489900,80.45,0.030,0.006,0.024,0.000,0.000,0.000
10.9009720,77.0490100,80.38,0.053,0.022,0.030,0.000,0.000,0.000
10.9009780,77.0490300,80.17,0.083,0.035,0.048,0.000,0.000,0.000
10.9009830,77.0490500,79.94,0.075,0.047,0.029,0.000,0.000,0.000
10.9009930,77.0490900,79.31,0.092,0.055,0.037,0.000,0.000,0.000
10.9009980,77.0491000,78.41,0.092,0.059,0.033,0.000,0.000,0.000
10.9010030,77.0491280,77.90,0.064,0.060,0.004,0.000,0.000,0.000
10.9010080,77.0491400,77.65,0.014,0.058,-0.043,0.000,0.000,0.000
10.9010160,77.0491800,77.62,0.037,0.052,-0.016,0.000,0.000,0.000
10.9010200,77.0492000,77.45,0.002,0.045,-0.043,0.000,0.000,0.000
10.9010240,77.0492200,77.56,0.000,0.038,-0.038,0.019,0.000,0.019
10.9010290,77.0492400,77.52,0.000,0.034,-0.034,0.041,0.000,0.041
10.9010312,77.0492560,77.22,0.000,0.034,-0.034,0.086,0.000,0.086
10.9010380,77.0493000,77.30,0.000,0.037,-0.037,0.088,0.000,0.088
10.9010410,77.0493200,77.18,0.000,0.043,-0.043,0.050,0.000,0.050
10.9010440,77.0493400,77.19,0.000,0.050,-0.050,0.015,0.000,0.015
10.9010500,77.0493800,77.07,0.000,0.055,-0.055,0.036,0.000,0.036
10.9010516,77.0493900,76.79,0.034,0.058,-0.024,0.000,0.000,0.000
10.9010530,77.0494160,76.48,0.000,0.057,-0.057,0.014,0.000,0.014
10.9010540,77.0494400,75.47,0.000,0.055,-0.055,0.022,0.000,0.022
10.9010580,77.0494800,74.89,0.000,0.051,-0.051,0.032,0.000,0.032
10.9010590,77.0494900,74.72,0.036,0.045,-0.009,0.000,0.000,0.000
10.9010600,77.0495100,74.62,0.057,0.037,0.020,0.000,0.000,0.000
10.9010620,77.0495300,74.42,0.123,0.029,0.094,0.000,0.000,0.000
10.9010640,77.0495500,74.49,0.097,0.021,0.076,0.000,0.000,0.000
10.9010720,77.0496100,74.92,0.041,0.016,0.024,0.000,0.000,0.000
10.9010740,77.0496300,75.23,0.036,0.016,0.020,0.000,0.000,0.000
10.9010760,77.0496480,75.01,0.026,0.018,0.008,0.000,0.000,0.000
10.9010790,77.0496700,74.84,0.066,0.023,0.042,0.000,0.000,0.000
10.9010870,77.0497000,74.89,0.046,0.030,0.017,0.000,0.000,0.000
10.9010910,77.0497200,74.41,0.088,0.035,0.053,0.000,0.000,0.000
10.9010940,77.0497360,74.21,0.061,0.037,0.024,0.000,0.000,0.000
10.9010990,77.0497600,73.96,0.074,0.038,0.036,0.000,0.000,0.000
10.9011100,77.0497900,73.61,0.023,0.037,-0.014,0.000,0.000,0.000
10.9011150,77.0498100,73.17,0.033,0.032,0.001,0.000,0.000,0.000
10.9011270,77.0498400,73.11,0.041,0.027,0.014,0.000,0.000,0.000
10.9011340,77.0498600,72.87,0.048,0.022,0.026,0.000,0.000,0.000
10.9011400,77.0498800,73.30,0.039,0.017,0.021,0.000,0.000,0.000
10.9011480,77.0499000,73.11,0.032,0.013,0.019,0.000,0.000,0.000
10.9011610,77.0499300,72.93,0.024,0.010,0.014,0.000,0.000,0.000
10.9011690,77.0499500,73.26,0.012,0.007,0.005,0.000,0.000,0.000
10.9011760,77.0499680,73.09,0.009,0.005,0.003,0.000,0.000,0.000
10.9011840,77.0499800,72.95,0.003,0.005,-0.001,0.000,0.000,0.000
10.9012000,77.0500100,73.03,0.000,0.004,-0.004,0.007,0.000,0.007
10.9012160,77.0500500,72.74,0.000,0.004,-0.004,0.009,0.000,0.009
10.9012310,77.0500800,72.89,0.000,0.003,-0.003,0.001,0.000,0.001
10.9012460,77.0501100,72.91,0.000,0.002,-0.002,0.004,0.000,0.004
10.9012610,77.0501500,72.59,0.000,0.002,-0.002,0.022,0.000,0.022
10.9012690,77.0501600,72.71,0.000,0.002,-0.002,0.045,0.000,0.045
10.9012830,77.0501900,72.79,0.000,0.002,-0.002,0.032,0.000,0.032
10.9012910,77.0502100,73.11,0.000,0.002,-0.002,0.042,0.000,0.042
10.9012980,77.0502300,73.00,0.000,0.003,-0.003,0.016,0.000,0.016
10.9013050,77.0502500,72.90,0.000,0.005,-0.005,0.011,0.000,0.011
10.9013130,77.0502600,72.84,0.000,0.009,-0.009,0.033,0.000,0.033
10.9013270,77.0502900,72.64,0.000,0.014,-0.014,0.043,0.000,0.043
10.9013350,77.0503136,73.01,0.000,0.019,-0.019,0.017,0.000,0.017
10.9013490,77.0503500,72.53,0.007,0.025,-0.018,0.000,0.000,0.000
10.9013560,77.0503600,72.73,0.075,0.028,0.046,0.000,0.000,0.000
10.9013620,77.0503800,72.50,0.135,0.031,0.104,0.000,0.000,0.000
10.9013690,77.0504000,72.28,0.159,0.032,0.127,0.000,0.000,0.000
10.9013816,77.0504300,71.98,0.111,0.032,0.078,0.000,0.000,0.000
10.9013880,77.0504480,71.64,0.077,0.032,0.045,0.000,0.000,0.000
10.9013940,77.0504700,71.46,0.037,0.031,0.005,0.000,0.000,0.000
10.9014000,77.0504800,71.41,0.006,0.030,-0.024,0.000,0.000,0.000
10.9014120,77.0505160,71.47,0.000,0.029,-0.029,0.038,0.000,0.038
10.9014170,77.0505300,71.02,0.000,0.029,-0.029,0.039,0.000,0.039
10.9014224,77.0505500,71.31,0.000,0.029,-0.029,0.018,0.000,0.018
10.9014280,77.0505700,71.16,0.000,0.030,-0.030,0.051,0.000,0.051
10.9014330,77.0505800,71.29,0.000,0.032,-0.032,0.044,0.000,0.044
10.9014432,77.0506200,71.04,0.000,0.035,-0.035,0.040,0.000,0.040
10.9014490,77.0506400,70.59,0.000,0.037,-0.037,0.035,0.000,0.035
10.9014540,77.0506500,70.66,0.000,0.040,-0.040,0.081,0.000,0.081
10.9014600,77.0506700,70.37,0.000,0.042,-0.042,0.044,0.000,0.044
10.9014700,77.0507080,70.05,0.000,0.043,-0.043,0.029,0.000,0.029
10.9014760,77.0507200,69.71,0.003,0.044,-0.041,0.000,0.000,0.000
10.9014820,77.0507320,69.55,0.000,0.043,-0.043,0.050,0.000,0.050
10.9014860,77.0507600,69.53,0.000,0.043,-0.043,0.063,0.000,0.063
10.9014920,77.0507700,69.52,0.000,0.041,-0.041,0.079,0.000,0.079
10.9014970,77.0507900,69.11,0.000,0.040,-0.040,0.137,0.000,0.137
10.9015060,77.0508200,69.15,0.000,0.038,-0.038,0.167,0.000,0.167
10.9015110,77.0508320,68.94,0.000,0.036,-0.036,0.108,0.000,0.108
10.9015160,77.0508600,68.52,0.000,0.034,-0.034,0.085,0.000,0.085
10.9015200,77.0508700,68.52,0.000,0.031,-0.031,0.097,0.000,0.097
10.9015280,77.0509000,68.22,0.000,0.028,-0.028,0.036,0.000,0.036
10.9015320,77.0509200,68.22,0.000,0.025,-0.025,0.009,0.000,0.009
10.9015370,77.0509400,68.23,0.000,0.022,-0.022,0.021,0.000,0.021
10.9015410,77.0509600,68.12,0.000,0.019,-0.019,0.136,0.000,0.136
10.9015470,77.0509900,67.83,0.000,0.020,-0.020,0.193,0.000,0.193
10.9015510,77.0510000,67.95,0.000,0.024,-0.024,0.195,0.000,0.195
10.9015550,77.0510200,67.42,0.000,0.029,-0.029,0.119,0.000,0.119
10.9015630,77.0510520,68.65,0.000,0.037,-0.037,0.089,0.000,0.089
10.9015660,77.0510700,68.05,0.015,0.045,-0.029,0.000,0.000,0.000
10.9015690,77.0510900,67.70,0.068,0.050,0.018,0.000,0.000,0.000
10.9015740,77.0511280,67.00,0.067,0.053,0.013,0.000,0.000,0.000
10.9015780,77.0511400,66.65,0.000,0.055,-0.055,0.013,0.000,0.013
10.9015810,77.0511520,66.37,0.000,0.054,-0.054,0.018,0.000,0.018
10.9015830,77.0511700,65.91,0.000,0.050,-0.050,0.022,0.000,0.022
10.9015860,77.0511840,66.01,0.000,0.045,-0.045,0.029,0.000,0.029
10.9015910,77.0512200,65.27,0.000,0.039,-0.039,0.113,0.000,0.113
10.9015940,77.0512400,65.59,0.000,0.032,-0.032,0.171,0.000,0.171
10.9015970,77.0512560,65.28,0.000,0.025,-0.025,0.196,0.000,0.196
10.9016000,77.0512700,65.56,0.000,0.020,-0.020,0.143,0.000,0.143
10.9016030,77.0512880,65.64,0.000,0.015,-0.015,0.116,0.000,0.116
10.9016080,77.0513160,65.86,0.000,0.011,-0.011,0.037,0.000,0.037
10.9016110,77.0513300,65.38,0.007,0.009,-0.002,0.000,0.000,0.000
10.9016140,77.0513500,65.40,0.028,0.007,0.020,0.000,0.000,0.000
10.9016170,77.0513700,64.89,0.025,0.006,0.019,0.000,0.000,0.000
10.9016230,77.0514000,65.19,0.030,0.004,0.025,0.000,0.000,0.000
10.9016260,77.0514160,65.50,0.031,0.003,0.028,0.000,0.000,0.000
10.9016284,77.0514300,65.09,0.048,0.001,0.047,0.000,0.000,0.000
10.9016310,77.0514480,64.97,0.047,0.000,0.047,0.000,0.001,-0.001
10.9016340,77.0514700,65.44,0.035,0.000,0.035,0.000,0.004,-0.004
10.9016400,77.0515000,65.34,0.052,0.000,0.052,0.000,0.005,-0.005
10.9016430,77.0515100,65.37,0.056,0.000,0.056,0.000,0.005,-0.005
10.9016470,77.0515300,65.49,0.028,0.000,0.028,0.000,0.005,-0.005
10.9016490,77.0515440,65.35,0.083,0.000,0.083,0.000,0.003,-0.003
10.9016520,77.0515600,65.50,0.051,0.000,0.051,0.000,0.001,-0.001
10.9016590,77.0516000,65.32,0.026,0.001,0.025,0.000,0.000,0.000
10.9016620,77.0516100,65.61,0.045,0.003,0.042,0.000,0.000,0.000
10.9016660,77.0516300,65.53,0.086,0.004,0.082,0.000,0.000,0.000
10.9016690,77.0516400,65.28,0.030,0.004,0.026,0.000,0.000,0.000
10.9016750,77.0516720,65.51,0.085,0.001,0.084,0.000,0.000,0.000
10.9016780,77.0516900,65.14,0.081,0.000,0.081,0.000,0.001,-0.001
10.9016810,77.0517100,65.40,0.056,0.000,0.056,0.000,0.003,-0.003
10.9016840,77.0517300,64.89,0.000,0.000,0.000,0.007,0.005,0.002
10.9016904,77.0517600,64.84,0.032,0.000,0.032,0.000,0.007,-0.007
10.9016940,77.0517700,65.58,0.037,0.000,0.037,0.000,0.007,-0.007
10.9016960,77.0517900,65.59,0.047,0.000,0.047,0.000,0.007,-0.007
10.9017000,77.0518000,65.41,0.025,0.000,0.025,0.000,0.006,-0.006
10.9017060,77.0518400,65.91,0.083,0.000,0.083,0.000,0.005,-0.005
10.9017090,77.0518600,65.97,0.062,0.000,0.062,0.000,0.004,-0.004
10.9017110,77.0518700,65.60,0.001,0.000,0.001,0.000,0.002,-0.002
10.9017140,77.0518900,65.63,0.000,0.000,0.000,0.050,0.005,0.044
10.9017200,77.0519200,65.53,0.000,0.000,0.000,0.029,0.011,0.017
10.9017270,77.0519536,65.29,0.025,0.000,0.025,0.000,0.021,-0.021
10.9017330,77.0519900,65.26,0.049,0.000,0.049,0.000,0.033,-0.033
10.9017400,77.0520200,65.29,0.077,0.000,0.077,0.000,0.049,-0.049
10.9017470,77.0520560,66.04,0.087,0.000,0.087,0.000,0.061,-0.061
10.9017490,77.0520700,66.77,0.000,0.000,0.000,0.008,0.071,-0.064
10.9017512,77.0520880,67.10,0.000,0.000,0.000,0.092,0.079,0.013
10.9017540,77.0521000,67.32,0.000,0.000,0.000,0.158,0.089,0.069
10.9017570,77.0521236,67.69,0.000,0.000,0.000,0.188,0.106,0.082
10.9017630,77.0521520,68.38,0.000,0.000,0.000,0.158,0.122,0.036
10.9017680,77.0521900,68.44,0.000,0.000,0.000,0.159,0.137,0.022
10.9017720,77.0522200,70.77,0.000,0.000,0.000,0.218,0.151,0.067
10.9017750,77.0522600,72.58,0.000,0.000,0.000,0.220,0.160,0.060
10.9017770,77.0523000,73.73,0.000,0.000,0.000,0.228,0.166,0.062
10.9017780,77.0523400,74.52,0.000,0.000,0.000,0.208,0.169,0.039
10.9017780,77.0523500,74.89,0.000,0.000,0.000,0.145,0.171,-0.026
10.9017780,77.0523760,75.62,0.000,0.000,0.000,0.094,0.171,-0.077
10.9017780,77.0524000,76.44,0.000,0.000,0.000,0.100,0.169,-0.068
10.9017750,77.0524400,76.94,0.000,0.000,0.000,0.102,0.160,-0.057
10.9017740,77.0524500,77.39,0.000,0.000,0.000,0.179,0.151,0.028
10.9017730,77.0524720,78.03,0.000,0.000,0.000,0.175,0.144,0.031
10.9017710,77.0525100,79.31,0.000,0.000,0.000,0.165,0.138,0.027
10.9017710,77.0525360,80.03,0.000,0.000,0.000,0.171,0.132,0.040
10.9017690,77.0525600,80.24,0.000,0.000,0.000,0.170,0.124,0.046
10.9017680,77.0525760,80.70,0.000,0.000,0.000,0.127,0.114,0.014
10.9017650,77.0526200,81.72,0.000,0.000,0.000,0.119,0.100,0.019
10.9017630,77.0526320,81.94,0.000,0.000,0.000,0.059,0.083,-0.023
10.9017610,77.0526600,82.23,0.013,0.000,0.013,0.000,0.062,-0.062
10.9017600,77.0526800,82.70,0.075,0.000,0.075,0.000,0.040,-0.040
10.9017580,77.0527080,82.78,0.145,0.000,0.145,0.000,0.017,-0.017
10.9017550,77.0527400,83.16,0.180,0.007,0.173,0.000,0.000,0.000
10.9017530,77.0527680,83.13,0.151,0.029,0.122,0.000,0.000,0.000
10.9017512,77.0527900,82.62,0.162,0.052,0.110,0.000,0.000,0.000
10.9017500,77.0528000,82.07,0.135,0.075,0.060,0.000,0.000,0.000
10.9017480,77.0528240,81.73,0.097,0.097,0.000,0.000,0.000,0.000
10.9017450,77.0528680,80.83,0.117,0.118,-0.001,0.000,0.000,0.000
10.9017430,77.0528900,80.67,0.158,0.135,0.023,0.000,0.000,0.000
10.9017410,77.0529100,80.09,0.202,0.148,0.054,0.000,0.000,0.000
10.9017390,77.0529320,79.72,0.260,0.159,0.102,0.000,0.000,0.000
10.9017370,77.0529500,78.94,0.263,0.166,0.097,0.000,0.000,0.000
10.9017350,77.0529840,77.56,0.253,0.173,0.080,0.000,0.000,0.000
10.9017330,77.0530100,76.84,0.258,0.182,0.076,0.000,0.000,0.000
10.9017320,77.0530240,75.88,0.238,0.191,0.047,0.000,0.000,0.000
10.9017300,77.0530600,74.75,0.310,0.199,0.111,0.000,0.000,0.000
10.9017290,77.0530840,74.68,0.389,0.208,0.181,0.000,0.000,0.000
10.9017290,77.0531000,73.90,0.432,0.216,0.216,0.000,0.000,0.000
10.9017270,77.0531136,72.68,0.440,0.225,0.215,0.000,0.000,0.000
10.9017270,77.0531400,71.77,0.421,0.235,0.187,0.000,0.000,0.000
10.9017260,77.0531520,71.04,0.318,0.246,0.072,0.000,0.000,0.000
10.9017270,77.0531900,69.76,0.248,0.258,-0.010,0.000,0.000,0.000
10.9017280,77.0532100,68.19,0.205,0.268,-0.062,0.000,0.000,0.000
10.9017290,77.0532200,67.19,0.177,0.270,-0.094,0.000,0.000,0.000
10.9017310,77.0532400,66.33,0.205,0.272,-0.067,0.000,0.000,0.000
10.9017350,77.0532700,64.32,0.239,0.272,-0.033,0.000,0.000,0.000
10.9017380,77.0532800,63.24,0.267,0.265,0.002,0.000,0.000,0.000
10.9017410,77.0533000,62.54,0.342,0.258,0.084,0.000,0.000,0.000
10.9017450,77.0533160,61.38,0.365,0.254,0.111,0.000,0.000,0.000
10.9017540,77.0533480,58.75,0.352,0.247,0.105,0.000,0.000,0.000
10.9017590,77.0533600,57.91,0.355,0.236,0.120,0.000,0.000,0.000
10.9017720,77.0533800,58.30,0.360,0.227,0.133,0.000,0.000,0.000
10.9017760,77.0534000,57.04,0.303,0.218,0.085,0.000,0.000,0.000
10.9017820,77.0534100,55.71,0.297,0.211,0.086,0.000,0.000,0.000
10.9017980,77.0534300,53.72,0.277,0.205,0.073,0.000,0.000,0.000
10.9018070,77.0534436,53.01,0.277,0.200,0.077,0.000,0.000,0.000
10.9018150,77.0534500,52.86,0.259,0.192,0.067,0.000,0.000,0.000
10.9018240,77.0534600,51.81,0.184,0.178,0.006,0.000,0.000,0.000
10.9018330,77.0534700,51.16,0.174,0.161,0.014,0.000,0.000,0.000
10.9018420,77.0534680,50.50,0.125,0.140,-0.015,0.000,0.000,0.000
10.9018620,77.0534900,49.92,0.004,0.118,-0.114,0.000,0.000,0.000
10.9018730,77.0535000,48.84,0.000,0.097,-0.097,0.112,0.000,0.112
10.9018830,77.0535000,47.95,0.000,0.069,-0.069,0.139,0.000,0.139
10.9018950,77.0535080,47.86,0.000,0.035,-0.035,0.226,0.000,0.226
10.9019280,77.0535100,48.52,0.000,0.001,-0.001,0.244,0.000,0.244
10.9019390,77.0535200,48.83,0.000,0.000,0.000,0.221,0.036,0.185
10.9019520,77.0535200,48.56,0.000,0.000,0.000,0.164,0.070,0.094
10.9019630,77.0535200,48.42,0.000,0.000,0.000,0.126,0.092,0.033
10.9019750,77.0535300,48.68,0.000,0.000,0.000,0.090,0.107,-0.018
10.9019870,77.0535300,49.02,0.000,0.000,0.000,0.040,0.116,-0.076
10.9020120,77.0535400,51.83,0.000,0.000,0.000,0.005,0.117,-0.112
10.9020240,77.0535400,52.34,0.000,0.000,0.000,0.007,0.115,-0.108
10.9020370,77.0535500,52.97,0.000,0.000,0.000,0.010,0.107,-0.098
10.9020480,77.0535600,53.18,0.004,0.000,0.004,0.000,0.095,-0.095
10.9020720,77.0535700,54.27,0.000,0.000,0.000,0.013,0.078,-0.065
10.9020820,77.0535800,53.71,0.000,0.000,0.000,0.027,0.058,-0.030
10.9020920,77.0535900,53.39,0.001,0.000,0.001,0.000,0.036,-0.036
10.9021016,77.0536000,53.73,0.000,0.000,0.000,0.001,0.017,-0.016
10.9021200,77.0536100,53.42,0.007,0.000,0.007,0.000,0.001,-0.001
10.9021280,77.0536200,53.72,0.013,0.010,0.004,0.000,0.000,0.000
10.9021370,77.0536320,53.85,0.030,0.012,0.017,0.000,0.000,0.000
10.9021432,77.0536400,53.62,0.000,0.010,-0.010,0.031,0.000,0.031
10.9021580,77.0536680,53.22,0.000,0.003,-0.003,0.036,0.000,0.036
10.9021632,77.0536700,53.09,0.000,0.000,0.000,0.068,0.010,0.059
10.9021690,77.0536900,52.72,0.000,0.000,0.000,0.105,0.025,0.080
10.9021740,77.0536920,52.60,0.000,0.000,0.000,0.110,0.042,0.068
10.9021790,77.0537100,52.62,0.000,0.000,0.000,0.057,0.059,-0.002
10.9021830,77.0537300,52.99,0.000,0.000,0.000,0.032,0.078,-0.046
10.9021890,77.0537600,53.90,0.000,0.000,0.000,0.063,0.096,-0.032
10.9021910,77.0537680,54.79,0.000,0.000,0.000,0.058,0.112,-0.053
10.9021930,77.0537800,55.40,0.000,0.000,0.000,0.113,0.125,-0.012
10.9021930,77.0537920,55.82,0.000,0.000,0.000,0.141,0.136,0.005
10.9021920,77.0538240,56.89,0.000,0.000,0.000,0.168,0.145,0.023
10.9021900,77.0538400,57.23,0.000,0.000,0.000,0.139,0.150,-0.011
10.9021880,77.0538520,57.57,0.000,0.000,0.000,0.159,0.155,0.005
10.9021850,77.0538700,57.98,0.000,0.000,0.000,0.189,0.155,0.034
10.9021770,77.0538960,59.11,0.000,0.000,0.000,0.230,0.153,0.077
10.9021650,77.0539280,60.17,0.000,0.000,0.000,0.270,0.153,0.117
10.9021590,77.0539400,60.97,0.000,0.000,0.000,0.277,0.156,0.121
10.9021340,77.0539800,63.23,0.000,0.000,0.000,0.271,0.160,0.111
10.9021150,77.0540100,64.56,0.000,0.000,0.000,0.252,0.169,0.083
10.9020940,77.0540300,65.89,0.000,0.000,0.000,0.218,0.178,0.040
10.9020720,77.0540600,66.98,0.000,0.000,0.000,0.213,0.185,0.028
10.9020480,77.0540880,67.24,0.000,0.000,0.000,0.268,0.197,0.071
10.9020350,77.0541000,68.79,0.000,0.000,0.000,0.260,0.209,0.051
10.9020080,77.0541200,70.93,0.000,0.000,0.000,0.269,0.221,0.048
10.9019950,77.0541300,71.39,0.000,0.000,0.000,0.281,0.233,0.048
10.9019810,77.0541480,71.63,0.000,0.000,0.000,0.307,0.243,0.064
10.9019680,77.0541600,71.64,0.000,0.000,0.000,0.289,0.245,0.044
10.9019376,77.0541840,73.95,0.000,0.000,0.000,0.303,0.248,0.056
10.9019220,77.0542000,75.48,0.000,0.000,0.000,0.276,0.246,0.030
10.9019060,77.0542100,76.32,0.000,0.000,0.000,0.282,0.244,0.038
10.9018910,77.0542200,77.16,0.000,0.000,0.000,0.262,0.236,0.026
10.9018750,77.0542300,78.01,0.000,0.000,0.000,0.185,0.227,-0.042
10.9018410,77.0542600,80.10,0.000,0.000,0.000,0.145,0.215,-0.070
10.9018240,77.0542700,81.00,0.000,0.000,0.000,0.159,0.203,-0.044
10.9018080,77.0542800,81.82,0.000,0.000,0.000,0.138,0.188,-0.051
10.9017910,77.0543000,82.11,0.000,0.000,0.000,0.088,0.175,-0.087
10.9017740,77.0543080,82.22,0.000,0.000,0.000,0.078,0.161,-0.084
10.9017230,77.0543440,83.94,0.000,0.000,0.000,0.079,0.148,-0.070
10.9017050,77.0543600,84.51,0.000,0.000,0.000,0.019,0.137,-0.118
10.9016880,77.0543760,84.67,0.000,0.000,0.000,0.035,0.129,-0.094
10.9016520,77.0544000,85.70,0.000,0.000,0.000,0.104,0.128,-0.025
10.9016340,77.0544100,86.28,0.000,0.000,0.000,0.175,0.128,0.047
10.9016170,77.0544300,86.78,0.000,0.000,0.000,0.161,0.127,0.034
10.9015990,77.0544320,86.86,0.000,0.000,0.000,0.194,0.125,0.069
10.9015810,77.0544500,87.35,0.000,0.000,0.000,0.215,0.121,0.094
10.9015440,77.0544720,88.34,0.000,0.000,0.000,0.118,0.112,0.006
10.9015250,77.0544900,88.93,0.000,0.000,0.000,0.089,0.101,-0.013
10.9015050,77.0545040,89.58,0.000,0.000,0.000,0.106,0.089,0.017
10.9014670,77.0545300,90.20,0.000,0.000,0.000,0.068,0.075,-0.007
10.9014480,77.0545400,90.57,0.043,0.000,0.043,0.000,0.057,-0.057
10.9014280,77.0545500,90.79,0.043,0.000,0.043,0.000,0.036,-0.036
10.9014090,77.0545680,90.82,0.089,0.000,0.089,0.000,0.014,-0.014
10.9013910,77.0545800,90.40,0.146,0.009,0.136,0.000,0.000,0.000
10.9013720,77.0545900,90.56,0.168,0.033,0.135,0.000,0.000,0.000
10.9013340,77.0546100,90.16,0.141,0.056,0.086,0.000,0.000,0.000
10.9013150,77.0546300,90.19,0.154,0.076,0.078,0.000,0.000,0.000
10.9012960,77.0546400,90.00,0.173,0.095,0.078,0.000,0.000,0.000
10.9012580,77.0546640,89.05,0.173,0.113,0.060,0.000,0.000,0.000
10.9012400,77.0546700,88.13,0.174,0.127,0.046,0.000,0.000,0.000
10.9012220,77.0546900,87.70,0.218,0.140,0.078,0.000,0.000,0.000
10.9012030,77.0546960,87.69,0.209,0.153,0.056,0.000,0.000,0.000
10.9011840,77.0547100,87.14,0.185,0.163,0.022,0.000,0.000,0.000
10.9011480,77.0547300,85.39,0.178,0.173,0.005,0.000,0.000,0.000
10.9011310,77.0547400,84.52,0.183,0.179,0.004,0.000,0.000,0.000
10.9010936,77.0547600,83.64,0.145,0.181,-0.036,0.000,0.000,0.000
10.9010750,77.0547700,82.72,0.158,0.177,-0.019,0.000,0.000,0.000
10.9010570,77.0547800,82.18,0.161,0.169,-0.008,0.000,0.000,0.000
10.9010210,77.0547920,80.62,0.137,0.158,-0.021,0.000,0.000,0.000
10.9010030,77.0548000,79.74,0.139,0.147,-0.007,0.000,0.000,0.000
10.9009850,77.0548100,79.10,0.161,0.134,0.027,0.000,0.000,0.000
10.9009660,77.0548200,78.77,0.156,0.123,0.032,0.000,0.000,0.000
10.9009288,77.0548300,77.90,0.164,0.115,0.049,0.000,0.000,0.000
10.9009090,77.0548400,78.00,0.181,0.107,0.074,0.000,0.000,0.000
10.9008890,77.0548400,78.02,0.173,0.103,0.070,0.000,0.000,0.000
10.9008710,77.0548500,77.90,0.158,0.105,0.053,0.000,0.000,0.000
10.9008520,77.0548560,77.58,0.189,0.113,0.076,0.000,0.000,0.000
10.9008150,77.0548600,76.81,0.196,0.125,0.071,0.000,0.000,0.000
10.9007960,77.0548600,76.29,0.187,0.139,0.048,0.000,0.000,0.000
10.9007780,77.0548600,75.99,0.164,0.152,0.011,0.000,0.000,0.000
10.9007590,77.0548700,75.57,0.161,0.167,-0.005,0.000,0.000,0.000
10.9007230,77.0548700,73.88,0.158,0.177,-0.019,0.000,0.000,0.000
10.9007050,77.0548700,72.92,0.119,0.183,-0.064,0.000,0.000,0.000
10.9006880,77.0548700,72.34,0.051,0.185,-0.134,0.000,0.000,0.000
10.9006710,77.0548700,71.09,0.130,0.183,-0.053,0.000,0.000,0.000
10.9006370,77.0548700,69.61,0.121,0.173,-0.052,0.000,0.000,0.000
10.9006192,77.0548600,69.43,0.041,0.155,-0.114,0.000,0.000,0.000
10.9006020,77.0548600,69.42,0.049,0.131,-0.083,0.000,0.000,0.000
10.9005860,77.0548560,68.66,0.085,0.106,-0.021,0.000,0.000,0.000
10.9005550,77.0548500,66.71,0.002,0.080,-0.078,0.000,0.000,0.000
10.9005390,77.0548400,66.49,0.000,0.053,-0.053,0.003,0.000,0.003
10.9005240,77.0548300,66.49,0.000,0.029,-0.029,0.017,0.000,0.017
10.9005090,77.0548300,66.91,0.000,0.006,-0.006,0.018,0.000,0.018
10.9004780,77.0548200,67.76,0.000,0.000,0.000,0.014,0.017,-0.002
10.9004630,77.0548100,68.05,0.000,0.000,0.000,0.000,0.039,-0.039
10.9004490,77.0547920,68.19,0.000,0.000,0.000,0.013,0.056,-0.043
10.9004340,77.0547900,68.12,0.032,0.000,0.032,0.000,0.070,-0.070
10.9004190,77.0547800,68.22,0.023,0.000,0.023,0.000,0.080,-0.080
10.9003920,77.0547568,68.92,0.000,0.000,0.000,0.003,0.087,-0.084
10.9003780,77.0547500,69.33,0.000,0.000,0.000,0.039,0.092,-0.053
10.9003650,77.0547300,69.58,0.000,0.000,0.000,0.070,0.099,-0.029
10.9003528,77.0547200,70.44,0.000,0.000,0.000,0.088,0.106,-0.017
10.9003290,77.0546960,70.69,0.000,0.000,0.000,0.126,0.113,0.013
10.9003160,77.0546800,71.30,0.000,0.000,0.000,0.133,0.119,0.014
10.9003050,77.0546640,71.45,0.000,0.000,0.000,0.177,0.122,0.054
10.9002940,77.0546500,72.10,0.000,0.000,0.000,0.195,0.125,0.070
10.9002730,77.0546200,72.99,0.000,0.000,0.000,0.220,0.124,0.096
10.9002640,77.0546000,73.68,0.000,0.000,0.000,0.220,0.122,0.098
10.9002530,77.0545900,74.40,0.000,0.000,0.000,0.352,0.120,0.231
10.9002450,77.0545680,74.84,0.000,0.000,0.000,0.412,0.119,0.293
10.9002270,77.0545360,75.43,0.000,0.000,0.000,0.443,0.116,0.327
10.9002190,77.0545100,75.76,0.000,0.000,0.000,0.460,0.114,0.346
10.9002100,77.0545000,76.40,0.000,0.000,0.000,0.513,0.113,0.400
10.9001960,77.0544600,76.98,0.000,0.000,0.000,0.347,0.112,0.235
10.9001890,77.0544400,76.77,0.000,0.000,0.000,0.243,0.110,0.133
10.9001830,77.0544200,77.33,0.000,0.000,0.000,0.205,0.114,0.091
10.9001690,77.0543800,78.36,0.000,0.000,0.000,0.174,0.132,0.042
10.9001650,77.0543700,78.82,0.000,0.000,0.000,0.127,0.150,-0.024
10.9001540,77.0543300,79.77,0.000,0.000,0.000,0.147,0.168,-0.021
10.9001450,77.0542800,81.82,0.000,0.000,0.000,0.153,0.184,-0.032
10.9001360,77.0542400,84.64,0.000,0.000,0.000,0.129,0.195,-0.066
10.9001300,77.0541900,85.48,0.000,0.000,0.000,0.135,0.197,-0.061
10.9001260,77.0541500,86.51,0.000,0.000,0.000,0.107,0.191,-0.084
10.9001240,77.0541300,87.22,0.000,0.000,0.000,0.107,0.180,-0.073
10.9001230,77.0541100,88.01,0.000,0.000,0.000,0.127,0.161,-0.034
10.9001210,77.0540880,88.25,0.000,0.000,0.000,0.092,0.137,-0.045
10.9001180,77.0540400,89.51,0.003,0.000,0.003,0.000,0.103,-0.103
10.9001170,77.0540160,89.86,0.087,0.000,0.087,0.000,0.070,-0.070
10.9001160,77.0539900,90.22,0.160,0.000,0.160,0.000,0.037,-0.037
10.9001150,77.0539500,90.20,0.263,0.000,0.263,0.000,0.005,-0.005
10.9001140,77.0539280,90.01,0.279,0.027,0.252,0.000,0.000,0.000
10.9001140,77.0539000,89.71,0.264,0.060,0.204,0.000,0.000,0.000
10.9001140,77.0538800,89.44,0.258,0.094,0.164,0.000,0.000,0.000
10.9001140,77.0538520,89.18,0.297,0.129,0.168,0.000,0.000,0.000
10.9001140,77.0538100,87.82,0.314,0.163,0.151,0.000,0.000,0.000
10.9001150,77.0537900,87.49,0.349,0.196,0.153,0.000,0.000,0.000
10.9001150,77.0537680,86.88,0.381,0.225,0.156,0.000,0.000,0.000
10.9001150,77.0537400,86.23,0.455,0.251,0.205,0.000,0.000,0.000
10.9001160,77.0537000,84.02,0.513,0.271,0.241,0.000,0.000,0.000
10.9001170,77.0536800,82.72,0.544,0.286,0.258,0.000,0.000,0.000
10.9001170,77.0536680,81.64,0.522,0.299,0.223,0.000,0.000,0.000
10.9001180,77.0536400,80.24,0.531,0.310,0.221,0.000,0.000,0.000
10.9001190,77.0536200,78.71,0.486,0.319,0.167,0.000,0.000,0.000
10.9001200,77.0535900,75.78,0.344,0.329,0.015,0.000,0.000,0.000
10.9001210,77.0535680,75.04,0.273,0.336,-0.063,0.000,0.000,0.000
10.9001230,77.0535500,74.78,0.245,0.336,-0.091,0.000,0.000,0.000
10.9001240,77.0535300,74.05,0.185,0.334,-0.148,0.000,0.000,0.000
10.9001250,77.0535100,73.20,0.157,0.327,-0.170,0.000,0.000,0.000
10.9001310,77.0534800,69.24,0.190,0.318,-0.128,0.000,0.000,0.000
10.9001350,77.0534700,67.59,0.231,0.311,-0.080,0.000,0.000,0.000
10.9001380,77.0534500,66.20,0.287,0.304,-0.017,0.000,0.000,0.000
10.9001410,77.0534400,65.24,0.302,0.298,0.004,0.000,0.000,0.000
10.9001490,77.0534080,63.82,0.301,0.291,0.010,0.000,0.000,0.000
10.9001540,77.0533900,63.07,0.308,0.278,0.030,0.000,0.000,0.000
10.9001580,77.0533760,62.68,0.291,0.263,0.028,0.000,0.000,0.000
10.9001640,77.0533700,61.90,0.217,0.248,-0.031,0.000,0.000,0.000
10.9001690,77.0533500,60.70,0.186,0.235,-0.049,0.000,0.000,0.000
10.9001830,77.0533300,58.59,0.180,0.225,-0.045,0.000,0.000,0.000
10.9001900,77.0533160,57.57,0.186,0.218,-0.032,0.000,0.000,0.000
10.9001980,77.0533100,56.55,0.172,0.211,-0.039,0.000,0.000,0.000
10.9002160,77.0532800,55.77,0.223,0.204,0.019,0.000,0.000,0.000
10.9002250,77.0532736,55.18,0.257,0.193,0.064,0.000,0.000,0.000
10.9002340,77.0532600,54.27,0.254,0.179,0.074,0.000,0.000,0.000
10.9002440,77.0532500,53.61,0.201,0.164,0.038,0.000,0.000,0.000
10.9002540,77.0532480,53.27,0.140,0.146,-0.006,0.000,0.000,0.000
10.9002750,77.0532300,52.02,0.074,0.128,-0.055,0.000,0.000,0.000
10.9002970,77.0532160,50.91,0.000,0.107,-0.107,0.008,0.000,0.008
10.9003090,77.0532160,50.34,0.000,0.088,-0.088,0.076,0.000,0.076
10.9003200,77.0532100,50.18,0.000,0.070,-0.070,0.074,0.000,0.074
10.9003320,77.0532100,50.18,0.000,0.053,-0.053,0.088,0.000,0.088
10.9003440,77.0532000,50.12,0.000,0.036,-0.036,0.073,0.000,0.073
10.9003700,77.0532000,50.54,0.000,0.024,-0.024,0.041,0.000,0.041
10.9003820,77.0531900,50.23,0.000,0.011,-0.011,0.038,0.000,0.038
10.9003940,77.0531900,50.15,0.000,0.001,-0.001,0.035,0.000,0.035
10.9004080,77.0531900,50.56,0.000,0.000,0.000,0.009,0.008,0.001
10.9004200,77.0531900,50.57,0.000,0.000,0.000,0.049,0.016,0.033
10.9004460,77.0532000,50.55,0.000,0.000,0.000,0.082,0.025,0.057
10.9004570,77.0532000,50.04,0.000,0.000,0.000,0.124,0.035,0.089
10.9004710,77.0532100,50.49,0.000,0.000,0.000,0.177,0.047,0.129
10.9004830,77.0532100,50.37,0.000,0.000,0.000,0.205,0.062,0.143
10.9005070,77.0532200,50.89,0.000,0.000,0.000,0.200,0.078,0.122
10.9005190,77.0532300,51.16,0.000,0.000,0.000,0.150,0.094,0.056
10.9005310,77.0532400,51.61,0.000,0.000,0.000,0.125,0.109,0.017
10.9005420,77.0532480,52.18,0.000,0.000,0.000,0.062,0.122,-0.060
10.9005530,77.0532500,52.80,0.000,0.000,0.000,0.008,0.132,-0.124
10.9005740,77.0532736,53.92,0.002,0.000,0.002,0.000,0.138,-0.138
10.9005830,77.0532800,54.46,0.000,0.000,0.000,0.054,0.141,-0.087
10.9005930,77.0533000,54.81,0.000,0.000,0.000,0.023,0.142,-0.119
10.9006100,77.0533200,56.47,0.000,0.000,0.000,0.032,0.141,-0.109
10.9006170,77.0533300,56.83,0.000,0.000,0.000,0.051,0.138,-0.087
10.9006240,77.0533480,57.02,0.000,0.000,0.000,0.050,0.132,-0.082
10.9006310,77.0533600,57.50,0.000,0.000,0.000,0.047,0.127,-0.080
10.9006370,77.0533760,58.18,0.000,0.000,0.000,0.100,0.123,-0.023
10.9006460,77.0534000,58.61,0.000,0.000,0.000,0.127,0.120,0.008
10.9006510,77.0534100,59.04,0.000,0.000,0.000,0.143,0.120,0.023
10.9006550,77.0534300,59.73,0.000,0.000,0.000,0.183,0.124,0.060
10.9006570,77.0534436,59.96,0.000,0.000,0.000,0.201,0.129,0.072
10.9006610,77.0534900,61.11,0.000,0.000,0.000,0.182,0.135,0.047
10.9006620,77.0535080,61.18,0.000,0.000,0.000,0.203,0.142,0.061
10.9006610,77.0535300,62.78,0.000,0.000,0.000,0.240,0.148,0.091
10.9006608,77.0535600,63.13,0.000,0.000,0.000,0.240,0.157,0.083
10.9006600,77.0535700,63.97,0.000,0.000,0.000,0.234,0.165,0.069
10.9006590,77.0535900,64.33,0.000,0.000,0.000,0.210,0.170,0.040
10.9006590,77.0536036,64.83,0.000,0.000,0.000,0.206,0.172,0.034
10.9006570,77.0536400,66.26,0.000,0.000,0.000,0.178,0.173,0.006
10.9006560,77.0536600,67.43,0.000,0.000,0.000,0.128,0.165,-0.037
10.9006550,77.0536700,67.85,0.000,0.000,0.000,0.108,0.156,-0.048
10.9006540,77.0536920,68.86,0.000,0.000,0.000,0.128,0.141,-0.014
10.9006520,77.0537300,69.74,0.000,0.000,0.000,0.123,0.125,-0.002
10.9006520,77.0537500,70.22,0.000,0.000,0.000,0.133,0.103,0.030
10.9006520,77.0537680,70.74,0.000,0.000,0.000,0.115,0.073,0.042
10.9006520,77.0537900,70.96,0.000,0.000,0.000,0.077,0.043,0.034
10.9006520,77.0538200,70.93,0.045,0.000,0.045,0.000,0.015,-0.015
10.9006530,77.0538400,71.25,0.095,0.012,0.083,0.000,0.000,0.000
10.9006560,77.0538700,70.77,0.166,0.036,0.130,0.000,0.000,0.000
10.9006580,77.0538960,70.57,0.187,0.063,0.125,0.000,0.000,0.000
10.9006600,77.0539100,69.93,0.200,0.089,0.110,0.000,0.000,0.000
10.9006640,77.0539500,68.55,0.137,0.111,0.025,0.000,0.000,0.000
10.9006700,77.0539800,67.74,0.145,0.131,0.014,0.000,0.000,0.000
10.9006770,77.0540100,67.25,0.153,0.147,0.006,0.000,0.000,0.000
10.9006840,77.0540400,65.52,0.190,0.156,0.035,0.000,0.000,0.000
10.9006930,77.0540800,64.34,0.210,0.161,0.049,0.000,0.000,0.000
10.9006980,77.0540900,63.79,0.213,0.162,0.051,0.000,0.000,0.000
10.9007030,77.0541000,63.23,0.204,0.160,0.044,0.000,0.000,0.000
10.9007100,77.0541160,62.88,0.150,0.155,-0.004,0.000,0.000,0.000
10.9007230,77.0541480,61.70,0.091,0.140,-0.050,0.000,0.000,0.000
10.9007310,77.0541600,60.92,0.066,0.127,-0.061,0.000,0.000,0.000
10.9007390,77.0541800,60.37,0.023,0.115,-0.092,0.000,0.000,0.000
10.9007460,77.0541840,59.55,0.012,0.108,-0.096,0.000,0.000,0.000
10.9007640,77.0542160,59.92,0.029,0.103,-0.074,0.000,0.000,0.000
10.9007740,77.0542200,59.90,0.062,0.099,-0.037,0.000,0.000,0.000
10.9007840,77.0542400,59.38,0.080,0.098,-0.018,0.000,0.000,0.000
10.9007940,77.0542480,59.25,0.136,0.099,0.038,0.000,0.000,0.000
10.9008150,77.0542700,58.81,0.137,0.101,0.037,0.000,0.000,0.000
10.9008260,77.0542680,57.98,0.172,0.103,0.069,0.000,0.000,0.000
10.9008370,77.0542800,57.51,0.122,0.104,0.018,0.000,0.000,0.000
10.9008490,77.0542900,57.06,0.049,0.105,-0.056,0.000,0.000,0.000
10.9008720,77.0543080,55.93,0.000,0.104,-0.104,0.002,0.000,0.002
10.9008850,77.0543100,55.49,0.000,0.100,-0.100,0.060,0.000,0.060
10.9008970,77.0543200,55.27,0.000,0.094,-0.094,0.089,0.000,0.089
10.9009090,77.0543200,55.08,0.000,0.087,-0.087,0.083,0.000,0.083
10.9009340,77.0543300,54.55,0.000,0.079,-0.079,0.033,0.000,0.033
10.9009610,77.0543400,54.12,0.000,0.070,-0.070,0.044,0.000,0.044
10.9009740,77.0543440,54.00,0.011,0.064,-0.053,0.000,0.000,0.000
10.9009880,77.0543440,53.49,0.000,0.059,-0.059,0.016,0.000,0.016
10.9010010,77.0543440,53.31,0.009,0.056,-0.047,0.000,0.000,0.000
10.9010270,77.0543440,53.09,0.021,0.054,-0.033,0.000,0.000,0.000
10.9010400,77.0543400,53.06,0.042,0.052,-0.009,0.000,0.000,0.000
10.9010520,77.0543400,52.80,0.050,0.048,0.002,0.000,0.000,0.000
10.9010650,77.0543400,52.28,0.064,0.042,0.023,0.000,0.000,0.000
10.9010900,77.0543300,52.23,0.027,0.033,-0.006,0.000,0.000,0.000
10.9011010,77.0543200,52.18,0.000,0.021,-0.021,0.025,0.000,0.025
10.9011130,77.0543100,51.78,0.000,0.006,-0.006,0.036,0.000,0.036
10.9011240,77.0543080,51.31,0.000,0.000,0.000,0.097,0.013,0.084
10.9011460,77.0542900,51.82,0.000,0.000,0.000,0.147,0.035,0.112
10.9011560,77.0542800,51.86,0.000,0.000,0.000,0.187,0.056,0.130
10.9011670,77.0542680,51.74,0.000,0.000,0.000,0.192,0.076,0.116
10.9011770,77.0542700,51.93,0.000,0.000,0.000,0.211,0.082,0.129
10.9011970,77.0542500,53.04,0.000,0.000,0.000,0.204,0.084,0.120
10.9012080,77.0542480,53.97,0.000,0.000,0.000,0.181,0.080,0.101
10.9012180,77.0542300,54.97,0.000,0.000,0.000,0.115,0.072,0.043
10.9012376,77.0542100,55.72,0.000,0.000,0.000,0.045,0.049,-0.004
10.9012540,77.0541840,56.46,0.000,0.000,0.000,0.017,0.034,-0.017
10.9012710,77.0541600,57.59,0.026,0.000,0.026,0.000,0.017,-0.017
10.9012850,77.0541300,57.39,0.084,0.002,0.081,0.000,0.000,0.000
10.9012984,77.0541100,57.22,0.114,0.021,0.094,0.000,0.000,0.000
10.9013100,77.0540800,57.04,0.085,0.037,0.048,0.000,0.000,0.000
10.9013200,77.0540500,56.84,0.100,0.052,0.047,0.000,0.000,0.000
10.9013300,77.0540200,56.46,0.108,0.067,0.041,0.000,0.000,0.000
10.9013380,77.0539900,55.58,0.066,0.079,-0.012,0.000,0.000,0.000
10.9013430,77.0539600,54.74,0.035,0.088,-0.053,0.000,0.000,0.000
10.9013460,77.0539400,53.76,0.023,0.085,-0.063,0.000,0.000,0.000
10.9013470,77.0539100,52.87,0.011,0.079,-0.068,0.000,0.000,0.000
10.9013460,77.0538800,52.99,0.000,0.069,-0.069,0.004,0.000,0.004
10.9013440,77.0538520,52.44,0.000,0.058,-0.058,0.011,0.000,0.011
10.9013400,77.0538240,52.85,0.000,0.046,-0.046,0.030,0.000,0.030
10.9013340,77.0537920,53.01,0.000,0.036,-0.036,0.046,0.000,0.046
10.9013270,77.0537700,52.84,0.000,0.030,-0.030,0.050,0.000,0.050
10.9013200,77.0537500,52.70,0.000,0.031,-0.031,0.046,0.000,0.046
10.9013170,77.0537360,52.75,0.000,0.036,-0.036,0.042,0.000,0.042
10.9013040,77.0536920,52.78,0.001,0.046,-0.046,0.000,0.000,0.000
10.9013000,77.0536800,52.19,0.051,0.059,-0.008,0.000,0.000,0.000
10.9012970,77.0536680,52.00,0.059,0.071,-0.012,0.000,0.000,0.000
10.9012930,77.0536600,51.87,0.078,0.084,-0.005,0.000,0.000,0.000
10.9012840,77.0536300,51.19,0.081,0.095,-0.015,0.000,0.000,0.000
10.9012800,77.0536200,50.64,0.092,0.105,-0.013,0.000,0.000,0.000
10.9012770,77.0536036,50.52,0.069,0.112,-0.043,0.000,0.000,0.000
10.9012730,77.0535900,49.53,0.065,0.118,-0.053,0.000,0.000,0.000
10.9012660,77.0535680,49.14,0.066,0.120,-0.053,0.000,0.000,0.000
10.9012620,77.0535600,48.31,0.109,0.118,-0.010,0.000,0.000,0.000
10.9012580,77.0535400,47.77,0.102,0.114,-0.012,0.000,0.000,0.000
10.9012560,77.0535320,47.22,0.105,0.108,-0.003,0.000,0.000,0.000
10.9012490,77.0535100,46.43,0.125,0.099,0.026,0.000,0.000,0.000
10.9012460,77.0535000,46.20,0.089,0.089,0.000,0.000,0.000,0.000
10.9012430,77.0534900,45.66,0.034,0.078,-0.044,0.000,0.000,0.000
10.9012400,77.0534680,45.65,0.001,0.067,-0.066,0.000,0.000,0.000
10.9012350,77.0534500,45.11,0.000,0.057,-0.057,0.008,0.000,0.008
10.9012310,77.0534436,45.20,0.000,0.047,-0.047,0.036,0.000,0.036
10.9012280,77.0534400,45.09,0.000,0.040,-0.040,0.022,0.000,0.022
10.9012250,77.0534200,44.83,0.000,0.033,-0.033,0.026,0.000,0.026
10.9012190,77.0534000,44.59,0.000,0.027,-0.027,0.028,0.000,0.028
10.9012160,77.0533900,44.78,0.000,0.021,-0.021,0.041,0.000,0.041
10.9012100,77.0533700,44.58,0.000,0.016,-0.016,0.041,0.000,0.041
10.9012070,77.0533600,44.70,0.000,0.013,-0.013,0.045,0.000,0.045
10.9012040,77.0533480,43.93,0.000,0.010,-0.010,0.034,0.000,0.034
10.9011970,77.0533200,44.45,0.000,0.008,-0.008,0.033,0.000,0.033
10.9011940,77.0533160,44.34,0.000,0.007,-0.007,0.059,0.000,0.059
10.9011910,77.0533000,44.57,0.000,0.006,-0.006,0.059,0.000,0.059
10.9011830,77.0532800,44.41,0.000,0.005,-0.005,0.069,0.000,0.069
10.9011800,77.0532700,44.31,0.000,0.003,-0.003,0.064,0.000,0.064
10.9011760,77.0532600,44.37,0.000,0.003,-0.003,0.073,0.000,0.073
10.9011730,77.0532480,44.44,0.000,0.002,-0.002,0.030,0.000,0.030
10.9011690,77.0532400,44.28,0.000,0.002,-0.002,0.007,0.000,0.007
10.9011610,77.0532160,44.26,0.029,0.003,0.026,0.000,0.000,0.000
10.9011570,77.0532100,44.14,0.021,0.006,0.015,0.000,0.000,0.000
10.9011500,77.0531840,44.31,0.006,0.009,-0.003,0.000,0.000,0.000
10.9011420,77.0531600,44.18,0.000,0.013,-0.013,0.028,0.000,0.028
10.9011344,77.0531400,44.04,0.000,0.017,-0.017,0.033,0.000,0.033
10.9011270,77.0531200,43.81,0.000,0.025,-0.025,0.037,0.000,0.037
10.9011200,77.0531000,43.90,0.000,0.034,-0.034,0.046,0.000,0.046
10.9011130,77.0530800,44.52,0.000,0.041,-0.041,0.025,0.000,0.025
10.9010570,77.0529320,41.80,0.000,0.045,-0.045,0.094,0.000,0.094
10.9010490,77.0529000,41.28,0.000,0.047,-0.047,0.106,0.000,0.106
10.9010390,77.0528900,41.38,0.000,0.037,-0.037,0.100,0.000,0.100
10.9010300,77.0528680,41.84,0.000,0.024,-0.024,0.142,0.000,0.142
10.9010210,77.0528500,40.90,0.000,0.008,-0.008,0.163,0.000,0.163
10.9010120,77.0528240,41.74,0.000,0.000,0.000,0.087,0.008,0.079
10.9010030,77.0528100,42.20,0.000,0.000,0.000,0.099,0.023,0.076
10.9009940,77.0527900,42.52,0.000,0.000,0.000,0.126,0.031,0.094
10.9009870,77.0527680,42.27,0.000,0.000,0.000,0.095,0.037,0.057
10.9009800,77.0527500,42.33,0.000,0.000,0.000,0.100,0.040,0.060
10.9009730,77.0527300,42.23,0.000,0.000,0.000,0.102,0.042,0.060
10.9009690,77.0527100,42.72,0.000,0.000,0.000,0.120,0.045,0.076
10.9009640,77.0526900,43.18,0.000,0.000,0.000,0.144,0.048,0.096
10.9009620,77.0526800,43.51,0.000,0.000,0.000,0.111,0.052,0.059
10.9009600,77.0526700,43.55,0.000,0.000,0.000,0.061,0.053,0.008
10.9009560,77.0526500,43.52,0.000,0.000,0.000,0.066,0.053,0.013
10.9009540,77.0526320,43.81,0.000,0.000,0.000,0.035,0.050,-0.015
10.9009520,77.0526300,43.95,0.000,0.000,0.000,0.026,0.045,-0.019
10.9009500,77.0526100,45.00,0.000,0.000,0.000,0.027,0.039,-0.013
10.9009480,77.0525900,45.51,0.000,0.000,0.000,0.052,0.034,0.017
10.9009470,77.0525800,45.62,0.000,0.000,0.000,0.031,0.029,0.003
10.9009460,77.0525760,45.01,0.000,0.000,0.000,0.046,0.023,0.022
10.9009450,77.0525600,44.87,0.000,0.000,0.000,0.035,0.019,0.017
10.9009430,77.0525360,44.93,0.000,0.000,0.000,0.046,0.013,0.032
10.9009430,77.0525300,45.16,0.000,0.000,0.000,0.047,0.010,0.037
10.9009420,77.0525100,44.82,0.000,0.000,0.000,0.061,0.008,0.053
10.9009420,77.0525040,45.09,0.000,0.000,0.000,0.050,0.007,0.043
10.9009410,77.0524700,45.29,0.000,0.000,0.000,0.028,0.007,0.021
10.9009410,77.0524600,45.12,0.006,0.000,0.006,0.000,0.006,-0.006
10.9009410,77.0524480,45.86,0.000,0.000,0.000,0.005,0.004,0.001
10.9009410,77.0524400,45.48,0.031,0.000,0.031,0.000,0.001,-0.001
10.9009420,77.0524160,45.34,0.031,0.003,0.028,0.000,0.000,0.000
10.9009430,77.0523900,45.55,0.001,0.007,-0.006,0.000,0.000,0.000
10.9009430,77.0523800,45.38,0.000,0.011,-0.011,0.052,0.000,0.052
10.9009440,77.0523700,45.04,0.000,0.015,-0.015,0.050,0.000,0.050
10.9009440,77.0523600,45.14,0.000,0.018,-0.018,0.066,0.000,0.066
10.9009450,77.0523400,44.67,0.000,0.019,-0.019,0.048,0.000,0.048
10.9009450,77.0523200,44.89,0.000,0.020,-0.020,0.027,0.000,0.027
10.9009460,77.0523120,44.85,0.000,0.020,-0.020,0.016,0.000,0.016
10.9009460,77.0523000,44.95,0.000,0.018,-0.018,0.006,0.000,0.006
10.9009460,77.0522900,44.96,0.000,0.017,-0.017,0.008,0.000,0.008
10.9009460,77.0522700,44.60,0.000,0.014,-0.014,0.015,0.000,0.015
10.9009460,77.0522500,44.20,0.000,0.012,-0.012,0.008,0.000,0.008
10.9009450,77.0522480,44.23,0.007,0.010,-0.002,0.000,0.000,0.000
10.9009440,77.0522200,44.27,0.002,0.008,-0.006,0.000,0.000,0.000
10.9009430,77.0522160,44.27,0.000,0.006,-0.006,0.006,0.000,0.006
10.9009420,77.0522000,44.40,0.000,0.003,-0.003,0.002,0.000,0.002
10.9009410,77.0521900,44.34,0.000,0.000,-0.000,0.037,0.000,0.037
10.9009400,77.0521800,44.42,0.000,0.000,0.000,0.018,0.002,0.015
10.9009380,77.0521520,44.64,0.000,0.000,0.000,0.020,0.005,0.014
10.9009370,77.0521500,44.46,0.000,0.000,0.000,0.032,0.008,0.024
10.9009360,77.0521300,44.38,0.000,0.000,0.000,0.072,0.009,0.062
10.9009350,77.0521236,44.39,0.000,0.000,0.000,0.083,0.011,0.073
10.9009340,77.0521100,44.28,0.000,0.000,0.000,0.122,0.011,0.110
10.9009310,77.0520880,44.58,0.000,0.000,0.000,0.138,0.011,0.127
10.9009300,77.0520800,44.58,0.000,0.000,0.000,0.118,0.011,0.108
10.9009290,77.0520700,44.74,0.000,0.000,0.000,0.093,0.010,0.083
10.9009288,77.0520560,45.07,0.000,0.000,0.000,0.054,0.008,0.046
10.9009260,77.0520300,45.05,0.000,0.000,0.000,0.050,0.004,0.045
10.9009250,77.0520240,44.97,0.000,0.000,0.000,0.036,0.000,0.036
10.9009240,77.0520100,44.99,0.000,0.005,-0.005,0.057,0.000,0.057
10.9009230,77.0520000,44.75,0.000,0.010,-0.010,0.060,0.000,0.060
10.9009220,77.0519900,45.00,0.000,0.016,-0.016,0.041,0.000,0.041
10.9009200,77.0519600,44.54,0.000,0.021,-0.021,0.009,0.000,0.009
10.9009180,77.0519536,44.66,0.000,0.026,-0.026,0.011,0.000,0.011
10.9009170,77.0519400,44.59,0.027,0.030,-0.003,0.000,0.000,0.000
10.9009160,77.0519300,44.35,0.064,0.033,0.031,0.000,0.000,0.000
10.9009130,77.0519100,44.09,0.028,0.036,-0.008,0.000,0.000,0.000
10.9009120,77.0519000,43.94,0.038,0.038,0.001,0.000,0.000,0.000
10.9009100,77.0518900,44.09,0.058,0.039,0.018,0.000,0.000,0.000
10.9009090,77.0518800,43.79,0.034,0.041,-0.007,0.000,0.000,0.000
10.9009068,77.0518600,43.15,0.012,0.044,-0.031,0.000,0.000,0.000
10.9009060,77.0518500,43.08,0.037,0.046,-0.009,0.000,0.000,0.000
10.9009050,77.0518320,42.92,0.025,0.048,-0.023,0.000,0.000,0.000
10.9009040,77.0518300,42.92,0.085,0.049,0.036,0.000,0.000,0.000
10.9009010,77.0518000,43.05,0.091,0.050,0.040,0.000,0.000,0.000
10.9009000,77.0517936,42.29,0.107,0.052,0.055,0.000,0.000,0.000
10.9008980,77.0517800,42.31,0.123,0.054,0.069,0.000,0.000,0.000
10.9008970,77.0517700,41.50,0.117,0.057,0.060,0.000,0.000,0.000
10.9008950,77.0517500,41.76,0.058,0.059,-0.001,0.000,0.000,0.000
10.9008920,77.0517300,41.30,0.066,0.061,0.005,0.000,0.000,0.000
10.9008910,77.0517200,40.94,0.058,0.061,-0.003,0.000,0.000,0.000
10.9008890,77.0517100,40.74,0.078,0.060,0.018,0.000,0.000,0.000
10.9008872,77.0516900,40.11,0.075,0.060,0.015,0.000,0.000,0.000
10.9008860,77.0516800,39.77,0.104,0.059,0.045,0.000,0.000,0.000
10.9008850,77.0516720,39.64,0.148,0.059,0.088,0.000,0.000,0.000
10.9008830,77.0516600,39.73,0.102,0.058,0.044,0.000,0.000,0.000
10.9008820,77.0516500,39.36,0.023,0.057,-0.033,0.000,0.000,0.000
10.9008790,77.0516320,39.07,0.021,0.054,-0.033,0.000,0.000,0.000
10.9008770,77.0516200,38.85,0.000,0.052,-0.052,0.021,0.000,0.021
10.9008760,77.0516100,38.27,0.000,0.053,-0.053,0.022,0.000,0.022
10.9008720,77.0516000,38.58,0.005,0.066,-0.062,0.000,0.000,0.000
10.9008710,77.0515800,38.13,0.032,0.081,-0.049,0.000,0.000,0.000
10.9008680,77.0515700,38.07,0.032,0.095,-0.063,0.000,0.000,0.000
10.9008664,77.0515500,36.38,0.046,0.108,-0.061,0.000,0.000,0.000
10.9008640,77.0515300,35.95,0.012,0.114,-0.102,0.000,0.000,0.000
10.9008620,77.0515100,34.79,0.009,0.110,-0.101,0.000,0.000,0.000
10.9008590,77.0515000,34.44,0.032,0.100,-0.068,0.000,0.000,0.000
10.9008590,77.0514900,33.05,0.042,0.086,-0.044,0.000,0.000,0.000
10.9008590,77.0514800,31.67,0.041,0.069,-0.028,0.000,0.000,0.000
10.9008570,77.0514680,31.87,0.037,0.050,-0.013,0.000,0.000,0.000
10.9008540,77.0514600,31.82,0.029,0.028,0.001,0.000,0.000,0.000
10.9008530,77.0514500,32.21,0.002,0.009,-0.007,0.000,0.000,0.000
10.9008510,77.0514480,32.92,0.000,0.000,0.000,0.028,0.007,0.020
10.9008470,77.0514300,33.63,0.000,0.000,0.000,0.035,0.018,0.017
10.9008460,77.0514160,33.96,0.000,0.000,0.000,0.026,0.021,0.005
10.9008450,77.0514100,33.71,0.000,0.000,0.000,0.003,0.018,-0.015
10.9008430,77.0514000,33.67,0.022,0.000,0.022,0.000,0.012,-0.012
10.9008410,77.0513900,33.87,0.054,0.000,0.054,0.000,0.003,-0.003
10.9008370,77.0513800,33.75,0.052,0.004,0.048,0.000,0.000,0.000
10.9008350,77.0513700,33.57,0.038,0.007,0.031,0.000,0.000,0.000
10.9008340,77.0513600,33.23,0.000,0.005,-0.005,0.050,0.000,0.050
10.9008320,77.0513500,33.00,0.000,0.000,0.000,0.114,0.001,0.112
10.9008310,77.0513480,32.66,0.000,0.000,0.000,0.155,0.010,0.144
10.9008290,77.0513400,32.66,0.000,0.000,0.000,0.170,0.022,0.148
10.9008260,77.0513200,32.84,0.000,0.000,0.000,0.200,0.036,0.165
10.9008250,77.0513160,33.07,0.000,0.000,0.000,0.148,0.050,0.098
10.9008220,77.0512900,33.92,0.000,0.000,0.000,0.141,0.064,0.076
10.9008200,77.0512880,34.34,0.000,0.000,0.000,0.140,0.078,0.062
10.9008180,77.0512800,34.36,0.000,0.000,0.000,0.139,0.090,0.050
10.9008170,77.0512700,34.94,0.000,0.000,0.000,0.124,0.098,0.026
10.9008150,77.0512600,35.25,0.000,0.000,0.000,0.130,0.103,0.027
10.9008130,77.0512560,35.59,0.000,0.000,0.000,0.123,0.104,0.018
10.9008090,77.0512300,36.64,0.000,0.000,0.000,0.101,0.103,-0.002
10.9008070,77.0512200,36.95,0.000,0.000,0.000,0.099,0.100,-0.001
10.9008050,77.0512160,37.47,0.000,0.000,0.000,0.103,0.094,0.008
10.9008040,77.0512000,37.97,0.000,0.000,0.000,0.087,0.088,-0.000
10.9007990,77.0511840,38.42,0.000,0.000,0.000,0.030,0.080,-0.050
10.9007970,77.0511800,38.69,0.000,0.000,0.000,0.032,0.072,-0.040
10.9007950,77.0511600,38.84,0.000,0.000,0.000,0.035,0.062,-0.027
10.9007930,77.0511520,39.00,0.000,0.000,0.000,0.026,0.052,-0.026
10.9007910,77.0511500,39.18,0.000,0.000,0.000,0.006,0.041,-0.036
10.9007870,77.0511280,39.27,0.049,0.000,0.049,0.000,0.030,-0.030
10.9007850,77.0511200,39.50,0.078,0.000,0.078,0.000,0.019,-0.019
10.9007840,77.0511100,39.98,0.118,0.000,0.118,0.000,0.006,-0.006
10.9007820,77.0511000,39.75,0.146,0.007,0.139,0.000,0.000,0.000
10.9007780,77.0510800,39.78,0.153,0.020,0.133,0.000,0.000,0.000
10.9007760,77.0510700,39.79,0.072,0.032,0.039,0.000,0.000,0.000
10.9007740,77.0510520,39.44,0.061,0.046,0.015,0.000,0.000,0.000
10.9007730,77.0510500,39.41,0.078,0.058,0.020,0.000,0.000,0.000
10.9007690,77.0510300,38.58,0.081,0.068,0.012,0.000,0.000,0.000
10.9007670,77.0510200,38.38,0.054,0.078,-0.024,0.000,0.000,0.000
10.9007640,77.0510000,37.77,0.069,0.085,-0.016,0.000,0.000,0.000
10.9007632,77.0509920,37.21,0.091,0.090,0.001,0.000,0.000,0.000
10.9007620,77.0509900,36.98,0.094,0.091,0.003,0.000,0.000,0.000
10.9007590,77.0509680,36.39,0.089,0.090,-0.001,0.000,0.000,0.000
10.9007580,77.0509600,35.88,0.123,0.085,0.038,0.000,0.000,0.000
10.9007560,77.0509500,35.47,0.124,0.078,0.046,0.000,0.000,0.000
10.9007550,77.0509400,35.21,0.098,0.069,0.029,0.000,0.000,0.000
10.9007540,77.0509360,35.08,0.062,0.061,0.002,0.000,0.000,0.000
10.9007510,77.0509200,34.15,0.076,0.053,0.023,0.000,0.000,0.000
10.9007500,77.0509100,33.98,0.080,0.046,0.034,0.000,0.000,0.000
10.9007490,77.0509000,33.83,0.072,0.042,0.030,0.000,0.000,0.000
10.9007470,77.0508900,34.78,0.071,0.039,0.032,0.000,0.000,0.000
10.9007440,77.0508700,34.46,0.075,0.039,0.036,0.000,0.000,0.000
10.9007430,77.0508680,34.68,0.032,0.043,-0.010,0.000,0.000,0.000
10.9007420,77.0508600,33.77,0.014,0.049,-0.034,0.000,0.000,0.000
10.9007390,77.0508320,33.47,0.018,0.055,-0.037,0.000,0.000,0.000
10.9007380,77.0508300,33.30,0.024,0.061,-0.037,0.000,0.000,0.000
10.9007370,77.0508200,32.98,0.025,0.065,-0.040,0.000,0.000,0.000
10.9007360,77.0508100,32.30,0.053,0.067,-0.013,0.000,0.000,0.000
10.9007340,77.0507900,31.83,0.057,0.067,-0.010,0.000,0.000,0.000
10.9007320,77.0507800,31.75,0.051,0.065,-0.015,0.000,0.000,0.000
10.9007310,77.0507700,31.75,0.052,0.063,-0.011,0.000,0.000,0.000
10.9007300,77.0507680,31.26,0.048,0.062,-0.014,0.000,0.000,0.000
10.9007280,77.0507600,31.15,0.055,0.059,-0.004,0.000,0.000,0.000
10.9007260,77.0507500,30.65,0.053,0.056,-0.003,0.000,0.000,0.000
10.9007250,77.0507400,30.59,0.030,0.053,-0.023,0.000,0.000,0.000
10.9007240,77.0507320,30.55,0.065,0.051,0.014,0.000,0.000,0.000
10.9007230,77.0507300,30.31,0.091,0.047,0.044,0.000,0.000,0.000
10.9007220,77.0507100,29.57,0.083,0.044,0.039,0.000,0.000,0.000
10.9007210,77.0507080,29.73,0.079,0.041,0.038,0.000,0.000,0.000
10.9007200,77.0507000,29.46,0.099,0.038,0.061,0.000,0.000,0.000
10.9007190,77.0506800,29.20,0.076,0.037,0.039,0.000,0.000,0.000
10.9007180,77.0506680,29.02,0.038,0.039,-0.001,0.000,0.000,0.000
10.9007170,77.0506700,29.14,0.024,0.042,-0.018,0.000,0.000,0.000
10.9007150,77.0506500,28.95,0.019,0.048,-0.029,0.000,0.000,0.000
10.9007130,77.0506436,29.07,0.034,0.055,-0.021,0.000,0.000,0.000
10.9007110,77.0506300,28.11,0.022,0.062,-0.040,0.000,0.000,0.000
10.9007100,77.0506200,27.90,0.036,0.069,-0.033,0.000,0.000,0.000
10.9007090,77.0506100,27.79,0.054,0.076,-0.022,0.000,0.000,0.000
10.9007070,77.0506000,27.02,0.065,0.081,-0.016,0.000,0.000,0.000
10.9007060,77.0506000,26.89,0.047,0.085,-0.037,0.000,0.000,0.000
10.9007040,77.0505900,26.17,0.040,0.086,-0.045,0.000,0.000,0.000
10.9007030,77.0505800,26.21,0.014,0.083,-0.069,0.000,0.000,0.000
10.9007010,77.0505760,25.24,0.000,0.075,-0.074,0.000,0.000,0.000
10.9006980,77.0505600,24.29,0.000,0.064,-0.064,0.028,0.000,0.028
10.9006960,77.0505500,24.35,0.000,0.054,-0.054,0.011,0.000,0.011
10.9006950,77.0505500,24.40,0.008,0.045,-0.037,0.000,0.000,0.000
10.9006930,77.0505480,24.13,0.035,0.036,-0.001,0.000,0.000,0.000
10.9006910,77.0505300,23.81,0.044,0.029,0.016,0.000,0.000,0.000
10.9006890,77.0505300,23.97,0.071,0.023,0.048,0.000,0.000,0.000
10.9006870,77.0505160,23.74,0.055,0.016,0.039,0.000,0.000,0.000
10.9006840,77.0505100,23.65,0.042,0.012,0.030,0.000,0.000,0.000
10.9006816,77.0504900,24.10,0.039,0.010,0.029,0.000,0.000,0.000
10.9006800,77.0504800,23.89,0.029,0.013,0.016,0.000,0.000,0.000
10.9006790,77.0504700,23.81,0.015,0.017,-0.002,0.000,0.000,0.000
10.9006780,77.0504700,23.53,0.010,0.022,-0.012,0.000,0.000,0.000
10.9006770,77.0504600,23.39,0.000,0.026,-0.026,0.035,0.000,0.035
10.9006760,77.0504500,23.45,0.000,0.031,-0.031,0.067,0.000,0.067
10.9006740,77.0504480,23.47,0.000,0.033,-0.033,0.071,0.000,0.071
10.9006730,77.0504400,23.50,0.000,0.033,-0.033,0.056,0.000,0.056
10.9006710,77.0504300,22.21,0.000,0.032,-0.032,0.049,0.000,0.049
10.9006700,77.0504200,22.63,0.000,0.028,-0.028,0.010,0.000,0.010
10.9006700,77.0504160,22.00,0.047,0.023,0.024,0.000,0.000,0.000
10.9006690,77.0504100,21.89,0.071,0.018,0.053,0.000,0.000,0.000
10.9006670,77.0504100,22.02,0.079,0.012,0.067,0.000,0.000,0.000
10.9006640,77.0503900,22.22,0.080,0.006,0.074,0.000,0.000,0.000
10.9006620,77.0503900,22.53,0.091,0.002,0.089,0.000,0.000,0.000
10.9006610,77.0503840,22.39,0.056,0.000,0.056,0.000,0.000,-0.000
10.9006610,77.0503800,21.97,0.039,0.000,0.039,0.000,0.001,-0.001
10.9006600,77.0503700,22.86,0.032,0.000,0.032,0.000,0.001,-0.001
10.9006590,77.0503600,22.60,0.043,0.001,0.042,0.000,0.000,0.000
10.9006590,77.0503520,22.67,0.041,0.002,0.038,0.000,0.000,0.000
10.9006560,77.0503500,22.33,0.049,0.003,0.046,0.000,0.000,0.000
10.9006550,77.0503400,22.17,0.049,0.004,0.045,0.000,0.000,0.000
10.9006540,77.0503300,22.01,0.060,0.007,0.054,0.000,0.000,0.000
10.9006530,77.0503300,22.18,0.049,0.009,0.040,0.000,0.000,0.000
10.9006520,77.0503200,21.80,0.044,0.011,0.033,0.000,0.000,0.000
10.9006500,77.0503100,22.52,0.043,0.014,0.029,0.000,0.000,0.000
10.9006480,77.0503100,22.38,0.027,0.017,0.010,0.000,0.000,0.000
10.9006470,77.0503000,22.39,0.016,0.020,-0.004,0.000,0.000,0.000
10.9006460,77.0502900,22.05,0.028,0.024,0.004,0.000,0.000,0.000
10.9006440,77.0502840,22.09,0.031,0.028,0.003,0.000,0.000,0.000
10.9006430,77.0502800,21.98,0.033,0.035,-0.002,0.000,0.000,0.000
10.9006420,77.0502800,21.41,0.052,0.041,0.011,0.000,0.000,0.000
10.9006410,77.0502700,21.02,0.065,0.047,0.019,0.000,0.000,0.000
10.9006400,77.0502600,21.28,0.052,0.051,0.001,0.000,0.000,0.000
10.9006380,77.0502520,21.26,0.022,0.054,-0.032,0.000,0.000,0.000
10.9006370,77.0502500,20.70,0.022,0.054,-0.032,0.000,0.000,0.000
10.9006360,77.0502500,20.50,0.000,0.052,-0.052,0.001,0.000,0.001
10.9006350,77.0502400,20.21,0.000,0.049,-0.049,0.019,0.000,0.019
10.9006330,77.0502300,19.84,0.000,0.045,-0.045,0.020,0.000,0.020
10.9006320,77.0502240,19.50,0.001,0.039,-0.038,0.000,0.000,0.000
10.9006310,77.0502240,19.06,0.000,0.033,-0.033,0.010,0.000,0.010
10.9006310,77.0502200,19.09,0.000,0.025,-0.025,0.008,0.000,0.008
10.9006300,77.0502100,19.16,0.000,0.015,-0.015,0.010,0.000,0.010
10.9006280,77.0502000,19.77,0.000,0.006,-0.006,0.012,0.000,0.012
10.9006280,77.0502000,19.10,0.000,0.000,0.000,0.021,0.002,0.019
10.9006270,77.0501840,18.99,0.000,0.000,0.000,0.021,0.009,0.012
10.9006260,77.0501840,19.06,0.000,0.000,0.000,0.014,0.012,0.002
10.9006250,77.0501800,19.78,0.000,0.000,0.000,0.025,0.010,0.015
10.9006240,77.0501700,19.99,0.000,0.000,0.000,0.038,0.007,0.031
10.9006240,77.0501600,19.96,0.000,0.000,0.000,0.040,0.004,0.035
10.9006230,77.0501520,20.24,0.000,0.000,0.000,0.044,0.001,0.043
10.9006230,77.0501520,19.94,0.000,0.000,-0.000,0.038,0.000,0.038
10.9006220,77.0501500,19.51,0.000,0.000,0.000,0.033,0.001,0.032
10.9006220,77.0501400,19.66,0.000,0.000,0.000,0.024,0.004,0.020
10.9006230,77.0501300,19.63,0.000,0.000,0.000,0.018,0.009,0.008
10.9006220,77.0501300,18.72,0.000,0.000,0.000,0.033,0.017,0.016
10.9006200,77.0501320,19.20,0.000,0.000,0.000,0.060,0.027,0.032
10.9006192,77.0501200,19.54,0.000,0.000,0.000,0.072,0.038,0.033
10.9006180,77.0501100,19.97,0.000,0.000,0.000,0.086,0.048,0.038
10.9006170,77.0501100,19.87,0.000,0.000,0.000,0.096,0.058,0.038
10.9006150,77.0501000,20.42,0.000,0.000,0.000,0.094,0.066,0.028
10.9006130,77.0500900,21.34,0.000,0.000,0.000,0.094,0.072,0.023
10.9006110,77.0500900,21.76,0.000,0.000,0.000,0.092,0.075,0.016
10.9006120,77.0500800,21.71,0.000,0.000,0.000,0.096,0.076,0.020
10.9006100,77.0500700,21.89,0.000,0.000,0.000,0.094,0.076,0.018
10.9006080,77.0500700,22.00,0.000,0.000,0.000,0.116,0.074,0.042
10.9006080,77.0500680,22.26,0.000,0.000,0.000,0.110,0.071,0.038
10.9006050,77.0500500,23.22,0.000,0.000,0.000,0.111,0.070,0.041
10.9006030,77.0500500,23.28,0.000,0.000,0.000,0.099,0.068,0.031
10.9006000,77.0500300,23.87,0.000,0.000,0.000,0.090,0.066,0.024
10.9005992,77.0500240,23.81,0.000,0.000,0.000,0.074,0.066,0.008
10.9005980,77.0500240,23.96,0.000,0.000,0.000,0.099,0.065,0.034
10.9005950,77.0500100,24.66,0.000,0.000,0.000,0.099,0.064,0.035
10.9005930,77.0500000,24.94,0.000,0.000,0.000,0.114,0.064,0.050
10.9005920,77.0499920,24.81,0.000,0.000,0.000,0.120,0.065,0.056
10.9005900,77.0499920,25.06,0.000,0.000,0.000,0.104,0.065,0.039
10.9005890,77.0499900,25.52,0.000,0.000,0.000,0.085,0.066,0.018
10.9005870,77.0499800,25.69,0.000,0.000,0.000,0.079,0.067,0.013
10.9005830,77.0499680,25.83,0.000,0.000,0.000,0.072,0.067,0.005
10.9005810,77.0499600,26.49,0.000,0.000,0.000,0.077,0.068,0.009
10.9005790,77.0499500,26.68,0.000,0.000,0.000,0.080,0.069,0.012
10.9005760,77.0499400,27.52,0.000,0.000,0.000,0.093,0.069,0.024
10.9005740,77.0499320,27.35,0.000,0.000,0.000,0.098,0.070,0.028
10.9005720,77.0499300,27.37,0.000,0.000,0.000,0.080,0.070,0.010
10.9005700,77.0499200,27.80,0.000,0.000,0.000,0.072,0.070,0.003
10.9005680,77.0499100,28.06,0.000,0.000,0.000,0.072,0.070,0.002
10.9005640,77.0499000,28.73,0.000,0.000,0.000,0.047,0.070,-0.023
10.9005620,77.0499000,28.62,0.000,0.000,0.000,0.054,0.070,-0.016
10.9005600,77.0498900,29.21,0.000,0.000,0.000,0.062,0.071,-0.009
10.9005580,77.0498800,29.48,0.000,0.000,0.000,0.057,0.071,-0.015
10.9005520,77.0498600,29.98,0.000,0.000,0.000,0.053,0.071,-0.018
10.9005490,77.0498500,30.49,0.000,0.000,0.000,0.068,0.068,0.000
10.9005470,77.0498400,30.84,0.000,0.000,0.000,0.012,0.064,-0.052
10.9005420,77.0498300,31.21,0.000,0.000,0.000,0.048,0.061,-0.012
10.9005390,77.0498200,31.32,0.000,0.000,0.000,0.060,0.057,0.003
10.9005376,77.0498100,31.49,0.000,0.000,0.000,0.072,0.054,0.018
10.9005330,77.0498000,31.95,0.000,0.000,0.000,0.056,0.054,0.002
10.9005280,77.0497800,32.57,0.000,0.000,0.000,0.106,0.054,0.052
10.9005220,77.0497700,32.73,0.000,0.000,0.000,0.054,0.054,0.001
10.9005170,77.0497500,33.14,0.000,0.000,0.000,0.051,0.053,-0.002
10.9005140,77.0497360,33.60,0.000,0.000,0.000,0.041,0.054,-0.012
10.9005110,77.0497300,33.90,0.000,0.000,0.000,0.011,0.053,-0.042
10.9005080,77.0497100,34.44,0.000,0.000,0.000,0.002,0.051,-0.049
10.9005060,77.0497040,34.48,0.000,0.000,0.000,0.007,0.047,-0.041
10.9005050,77.0497000,34.50,0.001,0.000,0.001,0.000,0.043,-0.043
10.9005030,77.0496800,34.51,0.000,0.000,0.000,0.001,0.036,-0.035
10.9005020,77.0496720,34.88,0.000,0.000,0.000,0.009,0.030,-0.021
10.9005000,77.0496600,35.07,0.013,0.000,0.013,0.000,0.024,-0.024
10.9004990,77.0496500,35.16,0.029,0.000,0.029,0.000,0.020,-0.020
10.9004980,77.0496480,35.10,0.029,0.000,0.029,0.000,0.017,-0.017
10.9004970,77.0496400,35.03,0.047,0.000,0.047,0.000,0.014,-0.014
10.9004968,77.0496160,35.18,0.038,0.000,0.038,0.000,0.010,-0.010
10.9004968,77.0496100,35.02,0.019,0.000,0.019,0.000,0.007,-0.007
10.9004960,77.0496000,35.32,0.000,0.000,0.000,0.041,0.004,0.036
10.9004960,77.0495800,35.22,0.000,0.000,0.000,0.035,0.000,0.035
10.9004960,77.0495760,35.41,0.000,0.004,-0.004,0.024,0.000,0.024
10.9004960,77.0495700,35.35,0.000,0.008,-0.008,0.013,0.000,0.013
10.9004960,77.0495500,35.12,0.018,0.013,0.005,0.000,0.000,0.000
10.9004950,77.0495440,35.48,0.035,0.019,0.016,0.000,0.000,0.000
10.9004950,77.0495300,35.09,0.033,0.023,0.009,0.000,0.000,0.000
10.9004950,77.0495200,34.98,0.004,0.027,-0.023,0.000,0.000,0.000
10.9004940,77.0495120,35.05,0.000,0.030,-0.030,0.031,0.000,0.031
10.9004930,77.0495100,34.37,0.000,0.032,-0.032,0.074,0.000,0.074
10.9004920,77.0494840,34.38,0.000,0.034,-0.034,0.078,0.000,0.078
10.9004910,77.0494800,34.33,0.000,0.035,-0.035,0.088,0.000,0.088
10.9004900,77.0494700,33.97,0.000,0.035,-0.035,0.054,0.000,0.054
10.9004880,77.0494600,33.72,0.000,0.035,-0.035,0.052,0.000,0.052
10.9004850,77.0494480,33.87,0.000,0.034,-0.034,0.038,0.000,0.038
10.9004830,77.0494400,33.87,0.018,0.032,-0.014,0.000,0.000,0.000
10.9004790,77.0494160,33.85,0.046,0.031,0.015,0.000,0.000,0.000
10.9004770,77.0494100,33.23,0.081,0.030,0.051,0.000,0.000,0.000
10.9004752,77.0494000,32.95,0.106,0.030,0.076,0.000,0.000,0.000
10.9004730,77.0493900,32.54,0.119,0.030,0.089,0.000,0.000,0.000
10.9004710,77.0493840,33.18,0.146,0.031,0.115,0.000,0.000,0.000
10.9004650,77.0493700,32.91,0.162,0.031,0.130,0.000,0.000,0.000
10.9004620,77.0493600,32.66,0.168,0.030,0.137,0.000,0.000,0.000
10.9004590,77.0493520,32.81,0.173,0.029,0.143,0.000,0.000,0.000
10.9004550,77.0493500,32.41,0.224,0.028,0.195,0.000,0.000,0.000
10.9004460,77.0493236,32.10,0.184,0.025,0.159,0.000,0.000,0.000
10.9004410,77.0493200,32.09,0.173,0.021,0.152,0.000,0.000,0.000
10.9004370,77.0493100,31.86,0.102,0.017,0.084,0.000,0.000,0.000
10.9004340,77.0493000,31.11,0.080,0.012,0.067,0.000,0.000,0.000
10.9004190,77.0492880,31.81,0.000,0.007,-0.007,0.009,0.000,0.009
10.9004100,77.0492700,31.75,0.000,0.002,-0.002,0.025,0.000,0.025
10.9004050,77.0492600,31.85,0.000,0.000,0.000,0.152,0.002,0.150
10.9003990,77.0492560,31.87,0.000,0.000,0.000,0.217,0.007,0.210
10.9003932,77.0492560,32.25,0.000,0.000,0.000,0.198,0.011,0.187
10.9003880,77.0492500,31.68,0.000,0.000,0.000,0.104,0.014,0.089
10.9003760,77.0492400,31.61,0.000,0.000,0.000,0.122,0.018,0.104
10.9003710,77.0492300,31.80,0.000,0.000,0.000,0.025,0.021,0.005
10.9003640,77.0492240,32.32,0.000,0.000,0.000,0.016,0.023,-0.007
10.9003528,77.0492200,32.04,0.000,0.000,0.000,0.041,0.026,0.014
10.9003470,77.0492100,32.42,0.000,0.000,0.000,0.113,0.030,0.083
10.9003400,77.0492000,32.51,0.000,0.000,0.000,0.107,0.034,0.073
10.9003340,77.0491920,32.75,0.000,0.000,0.000,0.098,0.039,0.059
10.9003290,77.0491920,32.91,0.000,0.000,0.000,0.057,0.043,0.013
10.9003170,77.0491800,33.10,0.000,0.000,0.000,0.071,0.049,0.021
10.9003110,77.0491700,33.09,0.000,0.000,0.000,0.084,0.057,0.027
10.9003060,77.0491636,33.06,0.000,0.000,0.000,0.073,0.066,0.007
10.9003000,77.0491636,33.68,0.000,0.000,0.000,0.120,0.077,0.043
10.9002890,77.0491500,34.10,0.000,0.000,0.000,0.145,0.089,0.056
10.9002830,77.0491400,33.87,0.000,0.000,0.000,0.165,0.102,0.064
10.9002770,77.0491300,34.56,0.000,0.000,0.000,0.173,0.115,0.058
10.9002710,77.0491280,35.35,0.000,0.000,0.000,0.197,0.129,0.069
10.9002660,77.0491200,35.76,0.000,0.000,0.000,0.224,0.139,0.084
10.9002540,77.0491000,36.58,0.000,0.000,0.000,0.209,0.149,0.061
10.9002490,77.0490960,37.53,0.000,0.000,0.000,0.178,0.154,0.024
10.9002440,77.0490900,38.12,0.000,0.000,0.000,0.181,0.154,0.027
10.9002380,77.0490800,38.59,0.000,0.000,0.000,0.239,0.152,0.088
10.9002320,77.0490700,39.12,0.000,0.000,0.000,0.149,0.150,-0.001
10.9002220,77.0490500,41.18,0.000,0.000,0.000,0.191,0.150,0.041
10.9002160,77.0490400,41.52,0.000,0.000,0.000,0.253,0.152,0.101
10.9002110,77.0490320,41.96,0.000,0.000,0.000,0.304,0.157,0.147
10.9002070,77.0490300,41.65,0.000,0.000,0.000,0.267,0.167,0.101
10.9001980,77.0490000,41.69,0.000,0.000,0.000,0.354,0.179,0.175
10.9001930,77.0489968,42.78,0.000,0.000,0.000,0.306,0.192,0.114
10.9001900,77.0489900,43.34,0.000,0.000,0.000,0.253,0.208,0.045
10.9001870,77.0489700,44.48,0.000,0.000,0.000,0.207,0.226,-0.019
10.9001790,77.0489500,46.50,0.000,0.000,0.000,0.195,0.242,-0.047
10.9001750,77.0489360,47.43,0.000,0.000,0.000,0.153,0.254,-0.101
10.9001720,77.0489300,48.36,0.000,0.000,0.000,0.137,0.261,-0.123
10.9001690,77.0489100,49.47,0.000,0.000,0.000,0.139,0.263,-0.124
10.9001650,77.0488800,52.52,0.000,0.000,0.000,0.138,0.263,-0.125
10.9001630,77.0488720,53.20,0.000,0.000,0.000,0.142,0.255,-0.114
10.9001620,77.0488600,53.77,0.000,0.000,0.000,0.171,0.246,-0.075
10.9001600,77.0488400,54.68,0.000,0.000,0.000,0.212,0.240,-0.028
10.9001580,77.0488100,55.57,0.000,0.000,0.000,0.221,0.234,-0.013
10.9001570,77.0488000,56.68,0.000,0.000,0.000,0.228,0.226,0.002
10.9001560,77.0487900,57.25,0.000,0.000,0.000,0.238,0.214,0.024
10.9001550,77.0487760,58.33,0.000,0.000,0.000,0.235,0.204,0.031
10.9001540,77.0487440,59.82,0.000,0.000,0.000,0.213,0.193,0.020
10.9001530,77.0487100,61.50,0.000,0.000,0.000,0.227,0.180,0.047
10.9001530,77.0486900,62.26,0.000,0.000,0.000,0.161,0.168,-0.007
10.9001530,77.0486680,63.42,0.000,0.000,0.000,0.135,0.159,-0.024
10.9001530,77.0486600,64.00,0.000,0.000,0.000,0.102,0.147,-0.045
10.9001530,77.0486300,65.17,0.000,0.000,0.000,0.081,0.135,-0.054
10.9001540,77.0486000,65.65,0.000,0.000,0.000,0.038,0.123,-0.085
10.9001550,77.0485600,66.39,0.000,0.000,0.000,0.074,0.111,-0.037
10.9001570,77.0485300,67.56,0.000,0.000,0.000,0.048,0.103,-0.055
10.9001600,77.0484900,67.76,0.000,0.000,0.000,0.023,0.098,-0.075
10.9001620,77.0484600,68.97,0.005,0.000,0.005,0.000,0.089,-0.089
10.9001640,77.0484400,69.28,0.021,0.000,0.021,0.000,0.077,-0.077
10.9001650,77.0484200,69.14,0.083,0.000,0.083,0.000,0.061,-0.061
10.9001670,77.0484100,69.46,0.154,0.000,0.154,0.000,0.041,-0.041
10.9001690,77.0483840,69.77,0.182,0.000,0.182,0.000,0.020,-0.020
10.9001740,77.0483520,70.04,0.184,0.000,0.184,0.000,0.000,-0.000
10.9001760,77.0483400,69.80,0.219,0.018,0.201,0.000,0.000,0.000
10.9001790,77.0483200,69.61,0.207,0.031,0.176,0.000,0.000,0.000
10.9001850,77.0482900,69.06,0.186,0.042,0.144,0.000,0.000,0.000
10.9001868,77.0482700,68.80,0.206,0.050,0.156,0.000,0.000,0.000
10.9001900,77.0482500,68.54,0.217,0.055,0.162,0.000,0.000,0.000
10.9001970,77.0482200,67.93,0.197,0.058,0.139,0.000,0.000,0.000
10.9002010,77.0482000,67.57,0.194,0.062,0.132,0.000,0.000,0.000
10.9002050,77.0481900,67.34,0.161,0.066,0.095,0.000,0.000,0.000
10.9002080,77.0481700,67.24,0.135,0.073,0.062,0.000,0.000,0.000
10.9002170,77.0481360,67.21,0.142,0.081,0.061,0.000,0.000,0.000
10.9002220,77.0481200,67.05,0.155,0.091,0.064,0.000,0.000,0.000
10.9002320,77.0480900,66.76,0.139,0.100,0.038,0.000,0.000,0.000
10.9002380,77.0480700,66.32,0.142,0.110,0.032,0.000,0.000,0.000
10.9002450,77.0480600,65.67,0.126,0.121,0.005,0.000,0.000,0.000
10.9002510,77.0480500,65.11,0.095,0.131,-0.035,0.000,0.000,0.000
10.9002670,77.0480200,63.36,0.062,0.139,-0.077,0.000,0.000,0.000
10.9002750,77.0480100,62.95,0.094,0.145,-0.051,0.000,0.000,0.000
10.9002850,77.0480000,62.69,0.114,0.147,-0.033,0.000,0.000,0.000
10.9002930,77.0479900,61.81,0.161,0.145,0.016,0.000,0.000,0.000
10.9003110,77.0479680,60.90,0.146,0.142,0.004,0.000,0.000,0.000
10.9003200,77.0479500,60.55,0.196,0.136,0.060,0.000,0.000,0.000
10.9003300,77.0479400,60.11,0.208,0.130,0.078,0.000,0.000,0.000
10.9003380,77.0479300,59.37,0.233,0.126,0.107,0.000,0.000,0.000
10.9003480,77.0479100,59.36,0.215,0.123,0.093,0.000,0.000,0.000
10.9003660,77.0479000,58.24,0.248,0.120,0.127,0.000,0.000,0.000
10.9003750,77.0478800,58.06,0.234,0.120,0.115,0.000,0.000,0.000
10.9003860,77.0478680,57.70,0.183,0.118,0.065,0.000,0.000,0.000
10.9003950,77.0478700,57.06,0.191,0.114,0.077,0.000,0.000,0.000
10.9004060,77.0478500,56.79,0.183,0.110,0.072,0.000,0.000,0.000
10.9004280,77.0478400,56.18,0.178,0.105,0.073,0.000,0.000,0.000
10.9004380,77.0478300,55.34,0.150,0.099,0.051,0.000,0.000,0.000
10.9004500,77.0478200,54.64,0.192,0.093,0.099,0.000,0.000,0.000
10.9004600,77.0478100,54.85,0.076,0.089,-0.013,0.000,0.000,0.000
10.9004840,77.0478000,53.75,0.053,0.085,-0.032,0.000,0.000,0.000
10.9005080,77.0477800,53.81,0.103,0.083,0.020,0.000,0.000,0.000
10.9005200,77.0477760,53.46,0.099,0.083,0.017,0.000,0.000,0.000
10.9005330,77.0477760,53.84,0.060,0.084,-0.024,0.000,0.000,0.000
10.9005450,77.0477700,53.32,0.112,0.089,0.023,0.000,0.000,0.000
10.9005700,77.0477600,52.72,0.116,0.096,0.020,0.000,0.000,0.000
10.9005820,77.0477500,52.16,0.066,0.104,-0.038,0.000,0.000,0.000
10.9005950,77.0477500,51.91,0.089,0.112,-0.022,0.000,0.000,0.000
10.9006200,77.0477480,50.68,0.099,0.121,-0.022,0.000,0.000,0.000
10.9006330,77.0477400,50.22,0.114,0.126,-0.012,0.000,0.000,0.000
10.9006450,77.0477400,49.75,0.127,0.127,-0.000,0.000,0.000,0.000
10.9006580,77.0477400,49.33,0.131,0.126,0.005,0.000,0.000,0.000
10.9006690,77.0477400,48.78,0.128,0.121,0.007,0.000,0.000,0.000
10.9006940,77.0477300,48.07,0.135,0.112,0.023,0.000,0.000,0.000
10.9007050,77.0477300,47.44,0.126,0.102,0.024,0.000,0.000,0.000
10.9007180,77.0477300,46.96,0.101,0.092,0.009,0.000,0.000,0.000
10.9007280,77.0477300,46.08,0.085,0.083,0.001,0.000,0.000,0.000
10.9007520,77.0477300,46.02,0.084,0.076,0.008,0.000,0.000,0.000
10.9007632,77.0477400,45.99,0.094,0.071,0.023,0.000,0.000,0.000
10.9007750,77.0477400,46.23,0.128,0.069,0.060,0.000,0.000,0.000
10.9007850,77.0477400,45.77,0.145,0.069,0.076,0.000,0.000,0.000
10.9008070,77.0477500,45.73,0.193,0.070,0.124,0.000,0.000,0.000
10.9008180,77.0477500,45.44,0.219,0.072,0.147,0.000,0.000,0.000
10.9008270,77.0477600,45.26,0.245,0.075,0.170,0.000,0.000,0.000
10.9008370,77.0477700,45.00,0.239,0.077,0.162,0.000,0.000,0.000
10.9008450,77.0477760,43.95,0.249,0.078,0.171,0.000,0.000,0.000
10.9008610,77.0477800,43.01,0.212,0.077,0.135,0.000,0.000,0.000
10.9008680,77.0477900,43.15,0.143,0.072,0.070,0.000,0.000,0.000
10.9008750,77.0478080,42.67,0.082,0.065,0.018,0.000,0.000,0.000
10.9008820,77.0478100,42.68,0.000,0.054,-0.054,0.001,0.000,0.001
10.9008870,77.0478200,42.38,0.000,0.042,-0.042,0.059,0.000,0.059
10.9008950,77.0478400,42.05,0.000,0.029,-0.029,0.163,0.000,0.163
10.9008980,77.0478436,41.98,0.000,0.016,-0.016,0.157,0.000,0.157
10.9009010,77.0478600,42.13,0.000,0.004,-0.004,0.194,0.000,0.194
10.9009040,77.0478700,42.32,0.000,0.000,0.000,0.157,0.007,0.151
10.9009060,77.0478800,42.23,0.000,0.000,0.000,0.137,0.015,0.122
10.9009070,77.0479000,42.38,0.000,0.000,0.000,0.080,0.024,0.056
10.9009068,77.0479100,42.43,0.000,0.000,0.000,0.098,0.033,0.065
10.9009070,77.0479200,42.61,0.000,0.000,0.000,0.110,0.047,0.063
10.9009060,77.0479300,42.56,0.000,0.000,0.000,0.165,0.060,0.105
10.9009010,77.0479500,43.04,0.000,0.000,0.000,0.212,0.073,0.139
10.9008950,77.0479700,43.90,0.000,0.000,0.000,0.232,0.083,0.149
10.9008872,77.0480000,44.69,0.000,0.000,0.000,0.260,0.090,0.170
10.9008830,77.0480036,44.94,0.000,0.000,0.000,0.252,0.092,0.160
10.9008720,77.0480300,45.34,0.000,0.000,0.000,0.254,0.092,0.163
10.9008670,77.0480320,45.87,0.000,0.000,0.000,0.231,0.092,0.139
10.9008630,77.0480500,47.02,0.000,0.000,0.000,0.199,0.094,0.105
10.9008560,77.0480600,47.53,0.000,0.000,0.000,0.143,0.098,0.045
10.9008468,77.0480800,46.77,0.000,0.000,0.000,0.145,0.102,0.044
10.9008370,77.0481000,47.46,0.000,0.000,0.000,0.110,0.104,0.006
10.9008320,77.0481100,47.34,0.000,0.000,0.000,0.119,0.105,0.014
10.9008280,77.0481300,48.22,0.000,0.000,0.000,0.146,0.107,0.039
10.9008250,77.0481400,49.31,0.000,0.000,0.000,0.188,0.110,0.078
10.9008190,77.0481680,50.37,0.000,0.000,0.000,0.200,0.115,0.085
10.9008160,77.0481800,50.38,0.000,0.000,0.000,0.242,0.132,0.110
10.9008140,77.0481920,50.65,0.000,0.000,0.000,0.281,0.150,0.132
10.9008120,77.0482200,52.16,0.000,0.000,0.000,0.304,0.166,0.138
10.9008120,77.0482500,53.54,0.000,0.000,0.000,0.287,0.181,0.106
10.9008140,77.0482800,55.18,0.000,0.000,0.000,0.277,0.192,0.085
10.9008170,77.0483100,56.55,0.000,0.000,0.000,0.249,0.200,0.049
10.9008230,77.0483400,57.86,0.000,0.000,0.000,0.215,0.205,0.010
10.9008270,77.0483700,59.55,0.000,0.000,0.000,0.195,0.206,-0.011
10.9008310,77.0483840,60.15,0.000,0.000,0.000,0.160,0.207,-0.047
10.9008340,77.0484000,60.97,0.000,0.000,0.000,0.166,0.205,-0.039
10.9008380,77.0484160,61.76,0.000,0.000,0.000,0.189,0.195,-0.006
10.9008410,77.0484300,62.48,0.000,0.000,0.000,0.193,0.188,0.005
10.9008470,77.0484600,63.41,0.000,0.000,0.000,0.193,0.185,0.008
10.9008500,77.0484800,64.21,0.000,0.000,0.000,0.255,0.182,0.073
10.9008540,77.0484900,64.82,0.000,0.000,0.000,0.264,0.182,0.083
10.9008570,77.0485100,65.20,0.000,0.000,0.000,0.243,0.183,0.061
10.9008610,77.0485300,65.92,0.000,0.000,0.000,0.227,0.185,0.041
10.9008670,77.0485600,67.01,0.000,0.000,0.000,0.237,0.187,0.050
10.9008710,77.0485800,67.63,0.000,0.000,0.000,0.232,0.187,0.045
10.9008750,77.0486000,68.61,0.000,0.000,0.000,0.233,0.185,0.048
10.9008790,77.0486160,69.40,0.000,0.000,0.000,0.263,0.181,0.082
10.9008872,77.0486480,70.86,0.000,0.000,0.000,0.275,0.176,0.099
10.9008920,77.0486700,71.47,0.000,0.000,0.000,0.206,0.169,0.037
10.9008970,77.0486800,72.52,0.000,0.000,0.000,0.127,0.161,-0.035
10.9009010,77.0487000,73.02,0.000,0.000,0.000,0.210,0.157,0.053
10.9009060,77.0487200,73.50,0.000,0.000,0.000,0.181,0.154,0.027
10.9009150,77.0487600,74.08,0.000,0.000,0.000,0.170,0.150,0.020
10.9009200,77.0487760,73.62,0.000,0.000,0.000,0.208,0.149,0.060
10.9009250,77.0487900,73.91,0.000,0.000,0.000,0.274,0.149,0.126
10.9009340,77.0488300,75.73,0.000,0.000,0.000,0.173,0.150,0.023
10.9009390,77.0488500,76.55,0.000,0.000,0.000,0.162,0.152,0.010
10.9009440,77.0488700,76.97,0.000,0.000,0.000,0.168,0.155,0.013
10.9009490,77.0488900,77.90,0.000,0.000,0.000,0.173,0.157,0.017
10.9009580,77.0489300,78.93,0.000,0.000,0.000,0.166,0.156,0.009
10.9009620,77.0489500,79.69,0.000,0.000,0.000,0.129,0.150,-0.021
10.9009670,77.0489680,79.46,0.000,0.000,0.000,0.105,0.142,-0.037
10.9009710,77.0489900,80.66,0.000,0.000,0.000,0.106,0.132,-0.026
10.9009750,77.0490100,81.26,0.000,0.000,0.000,0.105,0.120,-0.015
10.9009840,77.0490500,81.93,0.000,0.000,0.000,0.089,0.110,-0.021
10.9009880,77.0490700,82.34,0.000,0.000,0.000,0.119,0.102,0.017
10.9009910,77.0490900,82.84,0.000,0.000,0.000,0.148,0.097,0.051
10.9009950,77.0491100,82.52,0.000,0.000,0.000,0.142,0.093,0.049
10.9010030,77.0491500,83.30,0.000,0.000,0.000,0.128,0.093,0.036
10.9010060,77.0491700,83.23,0.000,0.000,0.000,0.142,0.092,0.050
10.9010100,77.0491920,83.60,0.000,0.000,0.000,0.140,0.092,0.048
10.9010120,77.0492200,83.92,0.000,0.000,0.000,0.170,0.093,0.077
10.9010150,77.0492300,84.18,0.000,0.000,0.000,0.144,0.094,0.050
10.9010220,77.0492800,85.48,0.000,0.000,0.000,0.164,0.093,0.071
10.9010250,77.0493000,85.88,0.000,0.000,0.000,0.162,0.088,0.074
10.9010270,77.0493236,86.17,0.000,0.000,0.000,0.213,0.079,0.134
10.9010320,77.0493600,86.71,0.000,0.000,0.000,0.153,0.065,0.088
10.9010340,77.0493840,87.06,0.000,0.000,0.000,0.170,0.049,0.121
10.9010360,77.0494100,87.46,0.000,0.000,0.000,0.194,0.035,0.159
10.9010410,77.0494500,87.53,0.000,0.000,0.000,0.144,0.024,0.119
10.9010430,77.0494800,87.24,0.000,0.000,0.000,0.062,0.019,0.043
10.9010450,77.0495000,86.94,0.000,0.000,0.000,0.047,0.017,0.030
10.9010470,77.0495200,87.22,0.000,0.000,0.000,0.032,0.020,0.012
10.9010516,77.0495600,86.65,0.008,0.000,0.008,0.000,0.024,-0.024
10.9010540,77.0495800,86.66,0.000,0.000,0.000,0.059,0.031,0.028
10.9010570,77.0496100,86.94,0.000,0.000,0.000,0.097,0.040,0.058
10.9010600,77.0496300,87.04,0.000,0.000,0.000,0.162,0.051,0.111
10.9010670,77.0496720,88.02,0.000,0.000,0.000,0.195,0.061,0.134
10.9010710,77.0497000,88.05,0.000,0.000,0.000,0.220,0.069,0.150
10.9010730,77.0497200,88.55,0.000,0.000,0.000,0.175,0.076,0.099
10.9010780,77.0497360,88.68,0.000,0.000,0.000,0.167,0.081,0.087
10.9010870,77.0497800,89.57,0.000,0.000,0.000,0.222,0.083,0.139
10.9010910,77.0498080,89.77,0.000,0.000,0.000,0.192,0.083,0.109
10.9010950,77.0498300,89.92,0.000,0.000,0.000,0.191,0.083,0.108
10.9011070,77.0498700,90.71,0.000,0.000,0.000,0.236,0.084,0.152
10.9011130,77.0499000,91.00,0.000,0.000,0.000,0.250,0.085,0.165
10.9011190,77.0499200,90.98,0.000,0.000,0.000,0.171,0.086,0.085
10.9011260,77.0499400,91.33,0.000,0.000,0.000,0.203,0.091,0.113
10.9011390,77.0499800,91.75,0.000,0.000,0.000,0.178,0.096,0.083
10.9011470,77.0500000,92.42,0.000,0.000,0.000,0.154,0.100,0.054
10.9011544,77.0500240,92.57,0.000,0.000,0.000,0.184,0.105,0.079
10.9011630,77.0500500,92.72,0.000,0.000,0.000,0.187,0.110,0.077
10.9011790,77.0500920,93.86,0.000,0.000,0.000,0.162,0.114,0.048
10.9011880,77.0501200,94.47,0.000,0.000,0.000,0.167,0.116,0.051
10.9011968,77.0501400,95.14,0.000,0.000,0.000,0.139,0.117,0.022
10.9012050,77.0501600,95.56,0.000,0.000,0.000,0.078,0.117,-0.039
10.9012220,77.0502100,96.19,0.000,0.000,0.000,0.068,0.116,-0.048
10.9012310,77.0502300,96.62,0.000,0.000,0.000,0.061,0.112,-0.051
10.9012400,77.0502520,96.88,0.000,0.000,0.000,0.063,0.106,-0.043
10.9012490,77.0502800,97.40,0.000,0.000,0.000,0.079,0.100,-0.021
10.9012660,77.0503200,98.19,0.000,0.000,0.000,0.092,0.094,-0.002
10.9012750,77.0503500,98.46,0.000,0.000,0.000,0.101,0.088,0.013
10.9012830,77.0503700,98.68,0.000,0.000,0.000,0.073,0.083,-0.010
10.9012920,77.0503900,99.19,0.000,0.000,0.000,0.066,0.080,-0.014
10.9013000,77.0504160,99.26,0.000,0.000,0.000,0.091,0.075,0.016
10.9013240,77.0504900,100.07,0.000,0.000,0.000,0.056,0.070,-0.014
10.9013330,77.0505160,99.78,0.000,0.000,0.000,0.042,0.063,-0.021
10.9013408,77.0505400,100.49,0.000,0.000,0.000,0.067,0.056,0.011
10.9013560,77.0505800,100.89,0.000,0.000,0.000,0.088,0.050,0.038
10.9013630,77.0506100,101.14,0.000,0.000,0.000,0.021,0.043,-0.022
10.9013710,77.0506400,101.44,0.093,0.000,0.093,0.000,0.037,-0.037
10.9013790,77.0506600,101.62,0.068,0.000,0.068,0.000,0.029,-0.029
10.9013850,77.0506800,101.88,0.000,0.000,0.000,0.003,0.021,-0.018
10.9014000,77.0507320,101.47,0.066,0.000,0.066,0.000,0.014,-0.014
10.9014140,77.0507800,101.37,0.008,0.000,0.008,0.000,0.008,-0.008
10.9014210,77.0508100,100.98,0.000,0.000,0.000,0.077,0.002,0.076
10.9014270,77.0508320,101.40,0.001,0.001,-0.000,0.000,0.000,0.000
10.9014400,77.0508800,101.84,0.059,0.003,0.055,0.000,0.000,0.000
10.9014530,77.0509360,101.98,0.008,0.005,0.003,0.000,0.000,0.000
10.9014650,77.0509800,101.91,0.029,0.007,0.022,0.000,0.000,0.000
10.9014780,77.0510300,101.70,0.000,0.011,-0.011,0.013,0.000,0.013
10.9014890,77.0510800,101.31,0.000,0.017,-0.017,0.052,0.000,0.052
10.9015000,77.0511300,101.08,0.039,0.022,0.017,0.000,0.000,0.000
10.9015360,77.0513100,100.51,0.094,0.025,0.068,0.000,0.000,0.000
10.9015464,77.0513500,100.76,0.116,0.028,0.088,0.000,0.000,0.000
10.9015580,77.0514100,101.02,0.131,0.026,0.105,0.000,0.000,0.000
10.9015680,77.0514500,100.50,0.159,0.019,0.140,0.000,0.000,0.000
10.9015790,77.0515080,100.46,0.046,0.011,0.034,0.000,0.000,0.000
10.9015900,77.0515500,100.05,0.000,0.002,-0.002,0.017,0.000,0.017
10.9016010,77.0516080,100.12,0.000,0.000,0.000,0.026,0.007,0.019
10.9016120,77.0516500,100.21,0.000,0.000,0.000,0.024,0.016,0.009
10.9016230,77.0517040,100.46,0.000,0.000,0.000,0.066,0.023,0.043
10.9016330,77.0517500,100.77,0.000,0.000,0.000,0.013,0.031,-0.018
10.9016440,77.0518000,100.81,0.005,0.000,0.005,0.000,0.037,-0.037
10.9016540,77.0518500,101.07,0.000,0.000,0.000,0.023,0.042,-0.019
10.9016640,77.0519000,101.57,0.000,0.000,0.000,0.049,0.046,0.004
10.9016690,77.0519280,101.65,0.000,0.000,0.000,0.037,0.047,-0.009
10.9016780,77.0519800,101.86,0.000,0.000,0.000,0.044,0.047,-0.003
10.9016830,77.0520000,102.12,0.000,0.000,0.000,0.062,0.046,0.016
10.9016880,77.0520300,102.58,0.000,0.000,0.000,0.046,0.043,0.003
10.9016960,77.0520800,102.58,0.000,0.000,0.000,0.059,0.039,0.020
10.9017000,77.0521100,102.83,0.000,0.000,0.000,0.055,0.034,0.021
10.9017040,77.0521300,102.92,0.000,0.000,0.000,0.057,0.027,0.030
10.9017080,77.0521520,103.20,0.000,0.000,0.000,0.028,0.018,0.010
10.9017120,77.0521840,103.39,0.000,0.000,0.000,0.011,0.007,0.004
10.9017150,77.0522100,103.44,0.036,0.006,0.030,0.000,0.000,0.000
10.9017230,77.0522600,103.27,0.057,0.021,0.036,0.000,0.000,0.000
10.9017260,77.0522840,103.33,0.116,0.036,0.080,0.000,0.000,0.000
10.9017290,77.0523120,102.91,0.145,0.052,0.093,0.000,0.000,0.000
10.9017316,77.0523400,103.02,0.184,0.068,0.116,0.000,0.000,0.000
10.9017340,77.0523700,102.65,0.235,0.083,0.151,0.000,0.000,0.000
10.9017400,77.0524160,101.92,0.269,0.097,0.172,0.000,0.000,0.000
10.9017430,77.0524480,101.43,0.262,0.108,0.154,0.000,0.000,0.000
10.9017450,77.0524700,101.03,0.280,0.117,0.163,0.000,0.000,0.000
10.9017470,77.0524900,100.41,0.256,0.125,0.131,0.000,0.000,0.000
10.9017500,77.0525200,100.02,0.204,0.133,0.071,0.000,0.000,0.000
10.9017520,77.0525700,98.94,0.154,0.141,0.013,0.000,0.000,0.000
10.9017530,77.0525900,98.67,0.158,0.149,0.009,0.000,0.000,0.000
10.9017550,77.0526400,97.43,0.139,0.157,-0.017,0.000,0.000,0.000
10.9017560,77.0526640,96.87,0.124,0.162,-0.038,0.000,0.000,0.000
10.9017560,77.0526900,96.51,0.132,0.166,-0.034,0.000,0.000,0.000
10.9017550,77.0527100,95.73,0.140,0.172,-0.032,0.000,0.000,0.000
10.9017540,77.0527600,94.35,0.134,0.181,-0.047,0.000,0.000,0.000
10.9017530,77.0527900,93.56,0.115,0.191,-0.076,0.000,0.000,0.000
10.9017512,77.0528100,92.94,0.156,0.205,-0.050,0.000,0.000,0.000
10.9017510,77.0528300,92.36,0.223,0.223,0.000,0.000,0.000,0.000
10.9017480,77.0528800,91.19,0.315,0.243,0.072,0.000,0.000,0.000
10.9017460,77.0529000,90.78,0.366,0.263,0.103,0.000,0.000,0.000
10.9017440,77.0529320,89.73,0.390,0.288,0.103,0.000,0.000,0.000
10.9017420,77.0529400,88.51,0.421,0.315,0.106,0.000,0.000,0.000
10.9017380,77.0529840,85.95,0.424,0.343,0.081,0.000,0.000,0.000
10.9017370,77.0530100,84.89,0.414,0.367,0.048,0.000,0.000,0.000
10.9017350,77.0530300,83.73,0.418,0.387,0.031,0.000,0.000,0.000
10.9017320,77.0530700,80.52,0.481,0.398,0.083,0.000,0.000,0.000
10.9017316,77.0530840,79.08,0.459,0.402,0.057,0.000,0.000,0.000
10.9017310,77.0531100,77.09,0.441,0.394,0.047,0.000,0.000,0.000
10.9017310,77.0531200,75.30,0.391,0.381,0.010,0.000,0.000,0.000
10.9017316,77.0531600,72.03,0.310,0.367,-0.057,0.000,0.000,0.000
10.9017310,77.0531800,70.73,0.239,0.347,-0.108,0.000,0.000,0.000
10.9017316,77.0531900,69.60,0.232,0.327,-0.095,0.000,0.000,0.000
10.9017320,77.0532160,68.77,0.201,0.311,-0.110,0.000,0.000,0.000
10.9017330,77.0532300,68.07,0.247,0.298,-0.050,0.000,0.000,0.000
10.9017350,77.0532600,66.83,0.316,0.285,0.031,0.000,0.000,0.000
10.9017370,77.0532736,65.97,0.339,0.278,0.062,0.000,0.000,0.000
10.9017390,77.0533000,65.27,0.357,0.273,0.084,0.000,0.000,0.000
10.9017450,77.0533300,63.21,0.298,0.269,0.029,0.000,0.000,0.000
10.9017480,77.0533480,61.93,0.246,0.263,-0.017,0.000,0.000,0.000
10.9017512,77.0533500,60.60,0.206,0.256,-0.050,0.000,0.000,0.000
10.9017590,77.0533800,58.16,0.168,0.248,-0.081,0.000,0.000,0.000
10.9017640,77.0534000,57.43,0.120,0.238,-0.118,0.000,0.000,0.000
10.9017690,77.0534080,56.24,0.170,0.225,-0.055,0.000,0.000,0.000
10.9017740,77.0534200,55.85,0.183,0.214,-0.031,0.000,0.000,0.000
10.9017800,77.0534400,55.28,0.185,0.203,-0.018,0.000,0.000,0.000
10.9017932,77.0534600,54.31,0.208,0.190,0.017,0.000,0.000,0.000
10.9018000,77.0534700,54.19,0.219,0.179,0.040,0.000,0.000,0.000
10.9018080,77.0534800,53.57,0.214,0.168,0.046,0.000,0.000,0.000
10.9018240,77.0535000,51.93,0.187,0.157,0.030,0.000,0.000,0.000
10.9018330,77.0535080,50.89,0.173,0.145,0.028,0.000,0.000,0.000
10.9018410,77.0535200,50.17,0.156,0.133,0.024,0.000,0.000,0.000
10.9018600,77.0535320,49.31,0.096,0.119,-0.022,0.000,0.000,0.000
10.9018710,77.0535320,48.90,0.082,0.104,-0.023,0.000,0.000,0.000
10.9018800,77.0535400,48.59,0.027,0.087,-0.060,0.000,0.000,0.000
10.9018910,77.0535500,48.70,0.000,0.070,-0.070,0.055,0.000,0.055
10.9019010,77.0535600,48.42,0.000,0.053,-0.053,0.111,0.000,0.111
10.9019240,77.0535680,48.82,0.000,0.033,-0.033,0.101,0.000,0.101
10.9019470,77.0535700,48.48,0.000,0.012,-0.012,0.137,0.000,0.137
10.9019580,77.0535700,48.12,0.000,0.000,0.000,0.168,0.008,0.160
10.9019690,77.0535800,47.60,0.000,0.000,0.000,0.151,0.029,0.122
10.9019800,77.0535800,47.63,0.000,0.000,0.000,0.160,0.049,0.111
10.9020040,77.0535900,48.56,0.000,0.000,0.000,0.173,0.066,0.107
10.9020150,77.0536000,48.35,0.000,0.000,0.000,0.167,0.077,0.090
10.9020270,77.0536000,48.96,0.000,0.000,0.000,0.124,0.085,0.039
10.9020390,77.0536036,49.60,0.000,0.000,0.000,0.106,0.090,0.016
10.9020610,77.0536200,51.16,0.000,0.000,0.000,0.072,0.094,-0.022
10.9020730,77.0536200,51.57,0.000,0.000,0.000,0.033,0.092,-0.059
10.9020840,77.0536300,51.92,0.000,0.000,0.000,0.041,0.079,-0.038
10.9020960,77.0536320,52.03,0.000,0.000,0.000,0.045,0.063,-0.019
10.9021170,77.0536500,52.81,0.000,0.000,0.000,0.016,0.046,-0.031
10.9021360,77.0536700,53.29,0.000,0.000,0.000,0.012,0.029,-0.017
10.9021530,77.0536900,53.33,0.000,0.000,0.000,0.017,0.016,0.001
10.9021680,77.0537100,52.84,0.000,0.000,0.000,0.034,0.018,0.016
10.9021820,77.0537360,52.44,0.000,0.000,0.000,0.083,0.026,0.057
10.9021870,77.0537500,52.44,0.000,0.000,0.000,0.140,0.035,0.105
10.9022052,77.0537920,53.19,0.000,0.000,0.000,0.182,0.046,0.135
10.9022070,77.0538100,53.33,0.000,0.000,0.000,0.207,0.057,0.150
10.9022090,77.0538240,53.74,0.000,0.000,0.000,0.201,0.067,0.135
10.9022120,77.0538520,54.37,0.000,0.000,0.000,0.155,0.077,0.078
10.9022120,77.0538600,55.26,0.000,0.000,0.000,0.120,0.087,0.032
10.9022120,77.0538800,55.32,0.000,0.000,0.000,0.118,0.097,0.020
10.9022110,77.0538960,55.48,0.000,0.000,0.000,0.135,0.109,0.025
10.9022090,77.0539100,55.50,0.000,0.000,0.000,0.166,0.122,0.044
10.9022060,77.0539280,55.87,0.000,0.000,0.000,0.184,0.132,0.052
10.9022000,77.0539500,56.82,0.000,0.000,0.000,0.215,0.142,0.073
10.9021950,77.0539600,57.34,0.000,0.000,0.000,0.201,0.152,0.049
10.9021900,77.0539800,58.20,0.000,0.000,0.000,0.189,0.160,0.029
10.9021848,77.0539900,59.15,0.000,0.000,0.000,0.231,0.168,0.063
10.9021710,77.0540160,60.22,0.000,0.000,0.000,0.230,0.171,0.059
10.9021632,77.0540300,61.00,0.000,0.000,0.000,0.232,0.171,0.061
10.9021550,77.0540500,61.72,0.000,0.000,0.000,0.204,0.168,0.036
10.9021470,77.0540600,62.19,0.000,0.000,0.000,0.173,0.163,0.011
10.9021280,77.0540880,63.69,0.000,0.000,0.000,0.100,0.157,-0.057
10.9021180,77.0540900,63.63,0.000,0.000,0.000,0.116,0.150,-0.034
10.9021070,77.0541100,64.44,0.000,0.000,0.000,0.111,0.144,-0.033
10.9020960,77.0541200,64.59,0.000,0.000,0.000,0.112,0.142,-0.029
10.9020840,77.0541300,65.30,0.000,0.000,0.000,0.152,0.143,0.009
10.9020608,77.0541500,66.07,0.000,0.000,0.000,0.179,0.140,0.039
10.9020480,77.0541700,66.46,0.000,0.000,0.000,0.160,0.141,0.019
10.9020350,77.0541800,66.93,0.000,0.000,0.000,0.161,0.142,0.019
10.9020080,77.0542000,67.99,0.000,0.000,0.000,0.218,0.143,0.074
10.9019940,77.0542100,68.52,0.000,0.000,0.000,0.215,0.145,0.070
10.9019800,77.0542200,69.17,0.000,0.000,0.000,0.213,0.150,0.063
10.9019660,77.0542300,69.85,0.000,0.000,0.000,0.216,0.153,0.063
10.9019070,77.0542700,72.09,0.000,0.000,0.000,0.207,0.154,0.052
10.9018920,77.0542800,72.84,0.000,0.000,0.000,0.204,0.155,0.049
10.9018760,77.0542900,73.36,0.000,0.000,0.000,0.231,0.151,0.080
10.9018460,77.0543100,74.19,0.000,0.000,0.000,0.236,0.151,0.084
10.9018300,77.0543200,74.91,0.000,0.000,0.000,0.219,0.152,0.067
10.9018136,77.0543400,75.10,0.000,0.000,0.000,0.219,0.153,0.067
10.9017980,77.0543440,75.76,0.000,0.000,0.000,0.190,0.152,0.038
10.9017820,77.0543600,76.59,0.000,0.000,0.000,0.184,0.153,0.031
10.9017500,77.0543760,77.39,0.000,0.000,0.000,0.175,0.150,0.025
10.9017160,77.0544000,78.63,0.000,0.000,0.000,0.192,0.149,0.043
10.9017000,77.0544100,79.08,0.000,0.000,0.000,0.198,0.146,0.052
10.9016830,77.0544200,79.45,0.000,0.000,0.000,0.206,0.142,0.064
10.9016660,77.0544320,80.05,0.000,0.000,0.000,0.204,0.141,0.064
10.9016310,77.0544600,81.42,0.000,0.000,0.000,0.211,0.137,0.074
10.9016140,77.0544700,81.57,0.000,0.000,0.000,0.189,0.134,0.056
10.9015960,77.0544800,82.61,0.000,0.000,0.000,0.175,0.132,0.044
10.9015790,77.0544900,82.52,0.000,0.000,0.000,0.164,0.129,0.035
10.9015440,77.0545100,83.52,0.000,0.000,0.000,0.150,0.124,0.026
10.9015256,77.0545300,83.98,0.000,0.000,0.000,0.135,0.117,0.018
10.9015070,77.0545360,84.15,0.000,0.000,0.000,0.129,0.107,0.021
10.9014900,77.0545500,84.48,0.000,0.000,0.000,0.101,0.095,0.006
10.9014540,77.0545700,85.49,0.000,0.000,0.000,0.091,0.080,0.011
10.9014360,77.0545800,86.04,0.000,0.000,0.000,0.069,0.059,0.010
10.9014180,77.0545968,86.58,0.000,0.000,0.000,0.029,0.036,-0.007
10.9014000,77.0546100,86.77,0.036,0.000,0.036,0.000,0.014,-0.014
10.9013816,77.0546200,86.92,0.058,0.010,0.048,0.000,0.000,0.000
10.9013450,77.0546400,86.50,0.118,0.037,0.081,0.000,0.000,0.000
10.9013280,77.0546600,86.33,0.153,0.062,0.091,0.000,0.000,0.000
10.9013100,77.0546640,85.57,0.199,0.087,0.112,0.000,0.000,0.000
10.9012920,77.0546800,85.36,0.178,0.110,0.068,0.000,0.000,0.000
10.9012380,77.0547100,83.98,0.168,0.128,0.040,0.000,0.000,0.000
10.9012210,77.0547280,82.94,0.154,0.139,0.015,0.000,0.000,0.000
10.9012040,77.0547300,82.55,0.142,0.146,-0.005,0.000,0.000,0.000
10.9011860,77.0547500,81.84,0.141,0.150,-0.009,0.000,0.000,0.000
10.9011520,77.0547600,80.80,0.143,0.152,-0.009,0.000,0.000,0.000
10.9011340,77.0547800,80.45,0.172,0.152,0.021,0.000,0.000,0.000
10.9011160,77.0547900,80.13,0.197,0.151,0.046,0.000,0.000,0.000
10.9010990,77.0547920,79.24,0.230,0.151,0.078,0.000,0.000,0.000
10.9010820,77.0548000,78.95,0.203,0.151,0.052,0.000,0.000,0.000
10.9010480,77.0548240,77.17,0.201,0.147,0.054,0.000,0.000,0.000
10.9010310,77.0548300,77.04,0.207,0.145,0.062,0.000,0.000,0.000
10.9010120,77.0548400,76.87,0.189,0.142,0.047,0.000,0.000,0.000
10.9009950,77.0548500,76.57,0.176,0.139,0.037,0.000,0.000,0.000
10.9009610,77.0548600,75.57,0.186,0.136,0.049,0.000,0.000,0.000
10.9009440,77.0548600,74.49,0.211,0.139,0.072,0.000,0.000,0.000
10.9009270,77.0548700,73.75,0.186,0.144,0.042,0.000,0.000,0.000
10.9008920,77.0548880,73.06,0.206,0.150,0.056,0.000,0.000,0.000
10.9008580,77.0548900,72.12,0.224,0.153,0.071,0.000,0.000,0.000
10.9008240,77.0549000,71.38,0.233,0.155,0.078,0.000,0.000,0.000
10.9008060,77.0549100,70.64,0.233,0.157,0.076,0.000,0.000,0.000
10.9007730,77.0549100,69.56,0.221,0.154,0.067,0.000,0.000,0.000
10.9007560,77.0549200,68.58,0.167,0.144,0.023,0.000,0.000,0.000
10.9007400,77.0549200,68.05,0.170,0.131,0.039,0.000,0.000,0.000
10.9007230,77.0549200,67.09,0.146,0.110,0.036,0.000,0.000,0.000
10.9006910,77.0549200,64.96,0.109,0.083,0.026,0.000,0.000,0.000
10.9006590,77.0549100,65.50,0.042,0.056,-0.014,0.000,0.000,0.000
10.9006420,77.0549100,65.15,0.003,0.032,-0.029,0.000,0.000,0.000
10.9005930,77.0549000,66.38,0.000,0.004,-0.004,0.056,0.000,0.056
10.9005780,77.0549000,66.28,0.000,0.000,0.000,0.120,0.018,0.102
10.9005450,77.0548900,66.35,0.000,0.000,0.000,0.122,0.038,0.084
10.9005140,77.0548800,65.91,0.000,0.000,0.000,0.063,0.056,0.007
10.9004830,77.0548600,66.54,0.000,0.000,0.000,0.002,0.070,-0.068
10.9004530,77.0548500,67.31,0.000,0.000,0.000,0.055,0.078,-0.024
10.9004370,77.0548400,67.74,0.000,0.000,0.000,0.029,0.088,-0.059
10.9004080,77.0548200,68.57,0.000,0.000,0.000,0.060,0.098,-0.038
10.9003932,77.0548100,69.00,0.000,0.000,0.000,0.105,0.108,-0.003
10.9003790,77.0548000,69.39,0.000,0.000,0.000,0.166,0.117,0.049
10.9003650,77.0547900,69.42,0.000,0.000,0.000,0.126,0.121,0.005
10.9003380,77.0547600,70.39,0.000,0.000,0.000,0.130,0.123,0.007
10.9003260,77.0547500,70.89,0.000,0.000,0.000,0.164,0.123,0.041
10.9003130,77.0547300,71.53,0.000,0.000,0.000,0.148,0.123,0.025
10.9002900,77.0547100,72.26,0.000,0.000,0.000,0.155,0.124,0.032
10.9002780,77.0546960,72.97,0.000,0.000,0.000,0.166,0.124,0.042
10.9002680,77.0546700,73.63,0.000,0.000,0.000,0.199,0.124,0.075
10.9002570,77.0546600,73.66,0.000,0.000,0.000,0.196,0.122,0.073
10.9002480,77.0546400,73.94,0.000,0.000,0.000,0.240,0.122,0.118
10.9002290,77.0546100,74.99,0.000,0.000,0.000,0.206,0.121,0.085
10.9002210,77.0545900,75.15,0.000,0.000,0.000,0.174,0.120,0.054
10.9002120,77.0545700,75.56,0.000,0.000,0.000,0.151,0.122,0.029
10.9002050,77.0545600,76.09,0.000,0.000,0.000,0.116,0.127,-0.011
10.9001890,77.0545200,77.56,0.000,0.000,0.000,0.015,0.132,-0.116
10.9001830,77.0545040,77.72,0.000,0.000,0.000,0.026,0.135,-0.109
10.9001760,77.0544800,77.51,0.000,0.000,0.000,0.062,0.140,-0.077
10.9001690,77.0544700,77.67,0.000,0.000,0.000,0.041,0.143,-0.102
10.9001630,77.0544400,79.15,0.000,0.000,0.000,0.044,0.147,-0.103
10.9001500,77.0544080,80.66,0.000,0.000,0.000,0.085,0.149,-0.064
10.9001450,77.0543800,80.95,0.000,0.000,0.000,0.059,0.152,-0.092
10.9001400,77.0543600,81.12,0.000,0.000,0.000,0.049,0.153,-0.104
10.9001350,77.0543440,81.98,0.000,0.000,0.000,0.036,0.153,-0.117
10.9001260,77.0543000,82.83,0.000,0.000,0.000,0.023,0.148,-0.124
10.9001230,77.0542800,83.16,0.000,0.000,0.000,0.044,0.142,-0.098
10.9001190,77.0542600,84.04,0.000,0.000,0.000,0.052,0.136,-0.084
10.9001150,77.0542400,84.71,0.000,0.000,0.000,0.033,0.128,-0.094
10.9001110,77.0541900,85.77,0.000,0.000,0.000,0.049,0.119,-0.070
10.9001090,77.0541700,85.77,0.000,0.000,0.000,0.046,0.108,-0.062
10.9001080,77.0541480,86.10,0.000,0.000,0.000,0.002,0.094,-0.092
10.9001060,77.0541300,86.39,0.013,0.000,0.013,0.000,0.076,-0.076
10.9001050,77.0541100,86.93,0.069,0.000,0.069,0.000,0.055,-0.055
10.9001040,77.0540600,87.64,0.124,0.000,0.124,0.000,0.030,-0.030
10.9001030,77.0540400,87.62,0.126,0.000,0.126,0.000,0.005,-0.005
10.9001020,77.0540160,88.05,0.176,0.020,0.157,0.000,0.000,0.000
10.9001000,77.0539700,87.49,0.240,0.048,0.191,0.000,0.000,0.000
10.9001000,77.0539500,87.35,0.303,0.081,0.222,0.000,0.000,0.000
10.9001000,77.0539280,86.96,0.341,0.115,0.225,0.000,0.000,0.000
10.9001000,77.0539100,86.29,0.393,0.158,0.235,0.000,0.000,0.000
10.9000990,77.0538600,85.53,0.397,0.202,0.195,0.000,0.000,0.000
10.9001000,77.0538240,83.95,0.375,0.238,0.137,0.000,0.000,0.000
10.9001010,77.0538000,83.34,0.273,0.266,0.007,0.000,0.000,0.000
10.9001020,77.0537800,81.78,0.248,0.288,-0.040,0.000,0.000,0.000
10.9001048,77.0537500,77.88,0.250,0.301,-0.052,0.000,0.000,0.000
10.9001060,77.0537300,76.72,0.247,0.310,-0.063,0.000,0.000,0.000
10.9001070,77.0537100,75.96,0.270,0.315,-0.046,0.000,0.000,0.000
10.9001110,77.0536700,74.42,0.309,0.317,-0.008,0.000,0.000,0.000
10.9001130,77.0536600,72.77,0.350,0.315,0.035,0.000,0.000,0.000
10.9001140,77.0536400,71.74,0.360,0.304,0.057,0.000,0.000,0.000
10.9001160,77.0536200,70.78,0.335,0.292,0.043,0.000,0.000,0.000
10.9001180,77.0536036,69.78,0.302,0.279,0.023,0.000,0.000,0.000
10.9001210,77.0535700,67.61,0.312,0.267,0.045,0.000,0.000,0.000
10.9001230,77.0535600,66.38,0.286,0.253,0.033,0.000,0.000,0.000
10.9001260,77.0535200,64.57,0.299,0.238,0.061,0.000,0.000,0.000
10.9001280,77.0535080,63.83,0.281,0.221,0.060,0.000,0.000,0.000
10.9001310,77.0534900,63.20,0.275,0.203,0.072,0.000,0.000,0.000
10.9001330,77.0534680,62.43,0.251,0.184,0.067,0.000,0.000,0.000
10.9001360,77.0534600,62.04,0.247,0.169,0.078,0.000,0.000,0.000
10.9001430,77.0534300,61.09,0.222,0.159,0.064,0.000,0.000,0.000
10.9001464,77.0534100,60.52,0.239,0.153,0.086,0.000,0.000,0.000
10.9001510,77.0534080,59.80,0.245,0.152,0.094,0.000,0.000,0.000
10.9001560,77.0533900,59.63,0.249,0.152,0.097,0.000,0.000,0.000
10.9001610,77.0533760,59.90,0.211,0.154,0.056,0.000,0.000,0.000
10.9001710,77.0533480,59.18,0.167,0.156,0.012,0.000,0.000,0.000
10.9001790,77.0533400,57.60,0.150,0.155,-0.005,0.000,0.000,0.000
10.9001860,77.0533200,56.85,0.162,0.154,0.008,0.000,0.000,0.000
10.9001940,77.0533160,55.82,0.185,0.153,0.031,0.000,0.000,0.000
10.9002120,77.0532900,54.55,0.199,0.151,0.048,0.000,0.000,0.000
10.9002220,77.0532800,54.02,0.238,0.146,0.091,0.000,0.000,0.000
10.9002310,77.0532736,53.86,0.255,0.138,0.117,0.000,0.000,0.000
10.9002420,77.0532700,53.84,0.216,0.130,0.086,0.000,0.000,0.000
10.9002630,77.0532500,53.23,0.147,0.119,0.028,0.000,0.000,0.000
10.9002740,77.0532480,52.41,0.105,0.106,-0.001,0.000,0.000,0.000
10.9002860,77.0532400,52.16,0.041,0.093,-0.052,0.000,0.000,0.000
10.9002970,77.0532300,51.71,0.000,0.081,-0.081,0.027,0.000,0.027
10.9003090,77.0532300,50.96,0.000,0.067,-0.067,0.061,0.000,0.061
10.9003316,77.0532200,50.46,0.000,0.052,-0.052,0.077,0.000,0.077
10.9003430,77.0532200,50.22,0.000,0.035,-0.035,0.042,0.000,0.042
10.9003550,77.0532160,49.85,0.011,0.017,-0.006,0.000,0.000,0.000
10.9003810,77.0532160,50.44,0.057,0.000,0.057,0.000,0.003,-0.003
10.9003940,77.0532160,50.65,0.084,0.000,0.084,0.000,0.022,-0.022
10.9004080,77.0532160,50.85,0.117,0.000,0.117,0.000,0.038,-0.038
10.9004200,77.0532200,50.65,0.065,0.000,0.065,0.000,0.052,-0.052
10.9004340,77.0532200,50.92,0.027,0.000,0.027,0.000,0.063,-0.063
10.9004590,77.0532300,51.84,0.032,0.000,0.032,0.000,0.070,-0.070
10.9004720,77.0532400,52.35,0.000,0.000,0.000,0.051,0.076,-0.025
10.9004840,77.0532400,52.56,0.000,0.000,0.000,0.111,0.077,0.034
10.9005080,77.0532500,52.95,0.000,0.000,0.000,0.109,0.075,0.034
10.9005190,77.0532600,52.99,0.000,0.000,0.000,0.113,0.070,0.043
10.9005410,77.0532736,53.83,0.000,0.000,0.000,0.129,0.066,0.063
10.9005530,77.0532800,54.67,0.000,0.000,0.000,0.047,0.061,-0.014
10.9005630,77.0533000,54.48,0.008,0.000,0.008,0.000,0.053,-0.053
10.9005730,77.0533100,54.31,0.000,0.000,0.000,0.009,0.045,-0.036
10.9005910,77.0533300,54.44,0.001,0.000,0.001,0.000,0.041,-0.041
10.9006070,77.0533500,55.86,0.007,0.000,0.007,0.000,0.039,-0.039
10.9006210,77.0533760,56.61,0.000,0.000,0.000,0.049,0.039,0.010
10.9006310,77.0534000,55.58,0.000,0.000,0.000,0.106,0.049,0.057
10.9006370,77.0534300,54.90,0.000,0.000,0.000,0.126,0.062,0.064
10.9006410,77.0534500,55.62,0.000,0.000,0.000,0.172,0.074,0.099
10.9006420,77.0534700,55.56,0.000,0.000,0.000,0.239,0.084,0.155
10.9006430,77.0534800,56.33,0.000,0.000,0.000,0.218,0.097,0.121
10.9006440,77.0535100,57.62,0.000,0.000,0.000,0.196,0.109,0.088
10.9006420,77.0535300,58.37,0.000,0.000,0.000,0.174,0.120,0.054
10.9006410,77.0535400,59.13,0.000,0.000,0.000,0.146,0.128,0.018
10.9006408,77.0535600,58.92,0.000,0.000,0.000,0.135,0.135,-0.001
10.9006390,77.0535700,59.84,0.000,0.000,0.000,0.151,0.139,0.012
10.9006360,77.0536036,60.70,0.000,0.000,0.000,0.161,0.138,0.023
10.9006350,77.0536200,61.35,0.000,0.000,0.000,0.158,0.136,0.023
10.9006340,77.0536320,61.56,0.000,0.000,0.000,0.200,0.132,0.068
10.9006330,77.0536500,62.03,0.000,0.000,0.000,0.194,0.125,0.068
10.9006310,77.0536680,62.75,0.000,0.000,0.000,0.165,0.116,0.049
10.9006300,77.0537000,63.66,0.000,0.000,0.000,0.112,0.101,0.011
10.9006290,77.0537200,63.97,0.000,0.000,0.000,0.068,0.086,-0.018
10.9006290,77.0537360,64.38,0.000,0.000,0.000,0.058,0.070,-0.012
10.9006290,77.0537680,65.29,0.000,0.000,0.000,0.028,0.052,-0.024
10.9006290,77.0537800,65.58,0.026,0.000,0.026,0.000,0.035,-0.035
10.9006300,77.0538000,65.53,0.033,0.000,0.033,0.000,0.019,-0.019
10.9006300,77.0538200,65.59,0.000,0.000,0.000,0.029,0.003,0.026
10.9006340,77.0538600,64.04,0.000,0.010,-0.010,0.018,0.000,0.018
10.9006360,77.0538800,64.23,0.000,0.018,-0.018,0.019,0.000,0.019
10.9006380,77.0538960,63.87,0.000,0.023,-0.023,0.062,0.000,0.062
10.9006400,77.0539100,64.34,0.000,0.023,-0.023,0.097,0.000,0.097
10.9006440,77.0539500,64.13,0.000,0.021,-0.021,0.037,0.000,0.037
10.9006470,77.0539600,64.30,0.000,0.019,-0.019,0.011,0.000,0.011
10.9006510,77.0539800,63.99,0.000,0.020,-0.020,0.003,0.000,0.003
10.9006540,77.0539900,64.16,0.029,0.022,0.007,0.000,0.000,0.000
10.9006580,77.0540100,64.18,0.038,0.027,0.011,0.000,0.000,0.000
10.9006650,77.0540400,63.93,0.027,0.034,-0.007,0.000,0.000,0.000
10.9006700,77.0540560,63.99,0.026,0.044,-0.018,0.000,0.000,0.000
10.9006740,77.0540700,63.77,0.000,0.053,-0.053,0.013,0.000,0.013
10.9006790,77.0540880,63.46,0.000,0.064,-0.064,0.019,0.000,0.019
10.9006830,77.0541000,63.35,0.013,0.074,-0.061,0.000,0.000,0.000
10.9006950,77.0541300,62.67,0.021,0.082,-0.060,0.000,0.000,0.000
10.9007010,77.0541480,62.28,0.051,0.088,-0.037,0.000,0.000,0.000
10.9007070,77.0541600,61.99,0.106,0.094,0.013,0.000,0.000,0.000
10.9007140,77.0541800,61.49,0.106,0.097,0.009,0.000,0.000,0.000
10.9007280,77.0542000,60.50,0.103,0.098,0.005,0.000,0.000,0.000
10.9007360,77.0542160,60.59,0.137,0.099,0.038,0.000,0.000,0.000
10.9007440,77.0542300,59.91,0.120,0.099,0.021,0.000,0.000,0.000
10.9007620,77.0542500,59.14,0.113,0.097,0.015,0.000,0.000,0.000
10.9007700,77.0542600,58.61,0.137,0.094,0.043,0.000,0.000,0.000
10.9007890,77.0542800,58.55,0.132,0.091,0.041,0.000,0.000,0.000
10.9008000,77.0543000,58.05,0.142,0.090,0.052,0.000,0.000,0.000
10.9008100,77.0543080,57.76,0.154,0.088,0.065,0.000,0.000,0.000
10.9008320,77.0543200,57.17,0.166,0.088,0.078,0.000,0.000,0.000
10.9008440,77.0543300,56.65,0.145,0.088,0.057,0.000,0.000,0.000
10.9008560,77.0543400,56.39,0.133,0.089,0.044,0.000,0.000,0.000
10.9008670,77.0543440,56.14,0.062,0.088,-0.026,0.000,0.000,0.000
10.9008800,77.0543500,55.90,0.106,0.087,0.019,0.000,0.000,0.000
10.9008920,77.0543600,55.49,0.096,0.085,0.011,0.000,0.000,0.000
10.9009180,77.0543700,54.88,0.073,0.083,-0.010,0.000,0.000,0.000
10.9009300,77.0543760,54.49,0.110,0.079,0.030,0.000,0.000,0.000
10.9009570,77.0543760,53.97,0.151,0.074,0.076,0.000,0.000,0.000
10.9009700,77.0543800,53.86,0.128,0.067,0.061,0.000,0.000,0.000
10.9009830,77.0543800,53.36,0.114,0.058,0.056,0.000,0.000,0.000
10.9009960,77.0543800,53.03,0.122,0.044,0.078,0.000,0.000,0.000
10.9010100,77.0543800,52.99,0.078,0.028,0.050,0.000,0.000,0.000
10.9010230,77.0543800,52.99,0.023,0.011,0.012,0.000,0.000,0.000
10.9010490,77.0543760,52.71,0.000,0.000,0.000,0.055,0.006,0.048
10.9010610,77.0543760,52.15,0.000,0.000,0.000,0.096,0.024,0.071
10.9010730,77.0543700,52.33,0.000,0.000,0.000,0.174,0.043,0.131
10.9010980,77.0543600,53.50,0.000,0.000,0.000,0.211,0.061,0.150
10.9011110,77.0543500,53.87,0.000,0.000,0.000,0.222,0.079,0.143
10.9011220,77.0543440,53.98,0.000,0.000,0.000,0.220,0.096,0.124
10.9011450,77.0543300,54.36,0.000,0.000,0.000,0.210,0.111,0.099
10.9011560,77.0543200,54.97,0.000,0.000,0.000,0.192,0.123,0.070
10.9011670,77.0543080,55.61,0.000,0.000,0.000,0.231,0.132,0.099
10.9011770,77.0543000,56.33,0.000,0.000,0.000,0.258,0.141,0.117
10.9011880,77.0542900,57.19,0.000,0.000,0.000,0.244,0.135,0.109
10.9012090,77.0542700,58.16,0.000,0.000,0.000,0.228,0.127,0.101
10.9012180,77.0542500,58.33,0.000,0.000,0.000,0.221,0.116,0.105
10.9012280,77.0542480,58.83,0.000,0.000,0.000,0.138,0.103,0.036
10.9012380,77.0542300,59.73,0.000,0.000,0.000,0.110,0.086,0.024
10.9012470,77.0542160,60.46,0.000,0.000,0.000,0.073,0.082,-0.009
10.9012640,77.0541900,61.46,0.000,0.000,0.000,0.054,0.079,-0.025
10.9012800,77.0541600,62.25,0.000,0.000,0.000,0.016,0.077,-0.061
10.9012950,77.0541300,63.25,0.000,0.000,0.000,0.017,0.078,-0.061
10.9013080,77.0541000,64.02,0.000,0.000,0.000,0.006,0.081,-0.075
10.9013200,77.0540700,65.11,0.000,0.000,0.000,0.077,0.099,-0.022
10.9013320,77.0540400,65.97,0.000,0.000,0.000,0.148,0.121,0.027
10.9013410,77.0540100,65.94,0.000,0.000,0.000,0.187,0.142,0.045
10.9013500,77.0539700,66.79,0.000,0.000,0.000,0.224,0.170,0.054
10.9013560,77.0539400,67.39,0.000,0.000,0.000,0.209,0.196,0.013
10.9013608,77.0539000,67.81,0.000,0.000,0.000,0.204,0.212,-0.008
10.9013610,77.0538600,69.16,0.000,0.000,0.000,0.194,0.232,-0.038
10.9013610,77.0538300,70.74,0.000,0.000,0.000,0.210,0.242,-0.031
10.9013610,77.0537920,71.94,0.000,0.000,0.000,0.236,0.245,-0.009
10.9013600,77.0537500,73.92,0.000,0.000,0.000,0.271,0.248,0.023
10.9013580,77.0537100,76.03,0.000,0.000,0.000,0.249,0.245,0.004
10.9013560,77.0536700,77.73,0.000,0.000,0.000,0.232,0.235,-0.003
10.9013550,77.0536500,78.31,0.000,0.000,0.000,0.213,0.235,-0.022
10.9013540,77.0536320,79.03,0.000,0.000,0.000,0.217,0.231,-0.014
10.9013510,77.0535900,80.73,0.000,0.000,0.000,0.199,0.226,-0.026
10.9013470,77.0535500,82.35,0.000,0.000,0.000,0.173,0.218,-0.045
10.9013430,77.0535080,84.38,0.000,0.000,0.000,0.132,0.209,-0.078
10.9013390,77.0534600,86.07,0.000,0.000,0.000,0.026,0.206,-0.180
10.9013340,77.0534100,87.75,0.076,0.000,0.076,0.000,0.200,-0.200
10.9013310,77.0533900,88.39,0.137,0.000,0.137,0.000,0.191,-0.191
10.9013250,77.0533480,89.88,0.108,0.000,0.108,0.000,0.178,-0.178
10.9013210,77.0533200,89.55,0.080,0.000,0.080,0.000,0.162,-0.162
10.9013190,77.0533000,89.75,0.000,0.000,0.000,0.010,0.138,-0.128
10.9013160,77.0532736,89.48,0.000,0.000,0.000,0.072,0.116,-0.044
10.9013090,77.0532300,91.22,0.000,0.000,0.000,0.125,0.099,0.026
10.9013060,77.0532100,91.28,0.000,0.000,0.000,0.125,0.090,0.035
10.9013020,77.0531840,91.70,0.000,0.000,0.000,0.142,0.088,0.054
10.9012990,77.0531600,91.84,0.000,0.000,0.000,0.159,0.091,0.068
10.9012960,77.0531400,91.84,0.000,0.000,0.000,0.174,0.099,0.075
10.9012930,77.0531136,91.99,0.000,0.000,0.000,0.165,0.107,0.059
10.9012850,77.0530700,92.29,0.000,0.000,0.000,0.167,0.116,0.051
10.9012820,77.0530500,92.96,0.000,0.000,0.000,0.151,0.127,0.023
10.9012780,77.0530240,93.66,0.000,0.000,0.000,0.135,0.138,-0.003
10.9012750,77.0530000,94.24,0.000,0.000,0.000,0.129,0.150,-0.020
10.9012670,77.0529500,95.25,0.000,0.000,0.000,0.142,0.164,-0.021
10.9012630,77.0529320,95.88,0.000,0.000,0.000,0.143,0.174,-0.031
10.9012560,77.0528700,97.28,0.000,0.000,0.000,0.157,0.180,-0.022
10.9012510,77.0528500,98.26,0.000,0.000,0.000,0.195,0.182,0.013
10.9012470,77.0528240,98.77,0.000,0.000,0.000,0.227,0.179,0.047
10.9012420,77.0527920,99.82,0.000,0.000,0.000,0.237,0.174,0.062
10.9012380,77.0527700,100.54,0.000,0.000,0.000,0.237,0.169,0.067
10.9012300,77.0527200,101.70,0.000,0.000,0.000,0.194,0.164,0.030
10.9012260,77.0527000,102.40,0.000,0.000,0.000,0.168,0.160,0.008
10.9012220,77.0526640,102.65,0.000,0.000,0.000,0.148,0.156,-0.008
10.9012140,77.0526100,103.15,0.000,0.000,0.000,0.170,0.153,0.018
10.9012090,77.0525900,103.82,0.000,0.000,0.000,0.156,0.152,0.004
10.9012050,77.0525600,104.50,0.000,0.000,0.000,0.188,0.151,0.037
10.9012000,77.0525360,104.89,0.000,0.000,0.000,0.176,0.151,0.025
10.9011968,77.0525040,105.35,0.000,0.000,0.000,0.153,0.152,0.001
10.9011870,77.0524500,106.38,0.000,0.000,0.000,0.103,0.151,-0.047
10.9011820,77.0524200,107.18,0.000,0.000,0.000,0.097,0.148,-0.051
10.9011770,77.0524000,108.26,0.000,0.000,0.000,0.086,0.145,-0.059
10.9011730,77.0523700,108.97,0.000,0.000,0.000,0.096,0.140,-0.044
10.9011630,77.0523120,109.62,0.000,0.000,0.000,0.124,0.136,-0.012
10.9011570,77.0522840,110.15,0.000,0.000,0.000,0.146,0.129,0.017
10.9011540,77.0522500,110.44,0.000,0.000,0.000,0.160,0.121,0.039
10.9011490,77.0522300,110.67,0.000,0.000,0.000,0.171,0.113,0.058
10.9011440,77.0522000,110.78,0.000,0.000,0.000,0.153,0.107,0.046
10.9011340,77.0521500,111.52,0.000,0.000,0.000,0.139,0.102,0.037
10.9011290,77.0521200,112.19,0.000,0.000,0.000,0.071,0.101,-0.030
10.9011240,77.0520880,112.83,0.000,0.000,0.000,0.027,0.101,-0.074
10.9011132,77.0520300,113.07,0.000,0.000,0.000,0.009,0.102,-0.093
10.9011090,77.0520000,113.31,0.000,0.000,0.000,0.041,0.102,-0.061
10.9010970,77.0519400,113.91,0.003,0.000,0.003,0.000,0.101,-0.101
10.9010910,77.0519100,114.41,0.000,0.000,0.000,0.058,0.098,-0.040
10.9010850,77.0518800,114.97,0.000,0.000,0.000,0.098,0.094,0.004
10.9010800,77.0518600,115.44,0.000,0.000,0.000,0.086,0.090,-0.004
10.9010690,77.0517936,116.26,0.000,0.000,0.000,0.039,0.086,-0.047
10.9010630,77.0517680,116.58,0.000,0.000,0.000,0.070,0.082,-0.012
10.9010570,77.0517360,116.79,0.000,0.000,0.000,0.057,0.077,-0.020
10.9010516,77.0517040,116.77,0.000,0.000,0.000,0.056,0.074,-0.018
10.9010460,77.0516720,116.89,0.000,0.000,0.000,0.089,0.072,0.018
10.9010350,77.0516200,117.34,0.000,0.000,0.000,0.097,0.071,0.027
10.9010300,77.0515900,117.45,0.000,0.000,0.000,0.108,0.071,0.037
10.9010240,77.0515600,117.56,0.000,0.000,0.000,0.100,0.075,0.025
10.9010120,77.0515000,118.26,0.000,0.000,0.000,0.108,0.081,0.027
10.9010070,77.0514700,118.73,0.000,0.000,0.000,0.093,0.088,0.005
10.9010020,77.0514400,119.02,0.000,0.000,0.000,0.081,0.095,-0.014
10.9009960,77.0514100,119.09,0.000,0.000,0.000,0.057,0.102,-0.044
10.9009910,77.0513800,119.94,0.000,0.000,0.000,0.059,0.108,-0.048
10.9009810,77.0513160,120.58,0.000,0.000,0.000,0.042,0.111,-0.070
10.9009760,77.0512880,120.79,0.000,0.000,0.000,0.055,0.113,-0.058
10.9009710,77.0512560,121.10,0.000,0.000,0.000,0.076,0.114,-0.039
10.9009610,77.0511840,122.39,0.000,0.000,0.000,0.076,0.116,-0.039
10.9009550,77.0511520,122.86,0.000,0.000,0.000,0.072,0.115,-0.043
10.9009500,77.0511280,123.25,0.000,0.000,0.000,0.080,0.114,-0.033
10.9009460,77.0510960,123.58,0.000,0.000,0.000,0.060,0.113,-0.053
10.9009410,77.0510600,124.07,0.000,0.000,0.000,0.053,0.111,-0.058
10.9009300,77.0509920,124.37,0.000,0.000,0.000,0.058,0.107,-0.050
10.9009250,77.0509680,124.92,0.000,0.000,0.000,0.059,0.105,-0.046
10.9009190,77.0509360,125.37,0.000,0.000,0.000,0.070,0.101,-0.031
10.9009140,77.0508920,125.85,0.000,0.000,0.000,0.076,0.098,-0.022
10.9009040,77.0508320,126.74,0.000,0.000,0.000,0.081,0.094,-0.013
10.9008990,77.0508036,126.77,0.000,0.000,0.000,0.063,0.093,-0.030
10.9008940,77.0507700,126.81,0.000,0.000,0.000,0.058,0.092,-0.035
10.9008890,77.0507320,127.70,0.000,0.000,0.000,0.040,0.096,-0.056
10.9008840,77.0507080,127.94,0.000,0.000,0.000,0.042,0.098,-0.056
10.9008690,77.0506080,128.20,0.000,0.000,0.000,0.041,0.099,-0.058
10.9008600,77.0505480,129.29,0.000,0.000,0.000,0.061,0.097,-0.036
10.9008490,77.0504768,130.27,0.000,0.000,0.000,0.084,0.094,-0.010
10.9008440,77.0504400,131.19,0.000,0.000,0.000,0.072,0.090,-0.017
10.9008380,77.0504100,132.20,0.000,0.000,0.000,0.060,0.083,-0.023
10.9008330,77.0503800,131.96,0.000,0.000,0.000,0.052,0.077,-0.025
10.9008230,77.0503100,131.91,0.000,0.000,0.000,0.031,0.067,-0.035
10.9008180,77.0502800,131.88,0.010,0.000,0.010,0.000,0.053,-0.053
10.9008130,77.0502400,131.76,0.039,0.000,0.039,0.000,0.036,-0.036
10.9008070,77.0502100,132.08,0.102,0.000,0.102,0.000,0.014,-0.014
10.9008030,77.0501800,132.58,0.140,0.007,0.133,0.000,0.000,0.000
10.9007910,77.0501100,133.13,0.219,0.024,0.195,0.000,0.000,0.000
10.9007850,77.0500700,133.35,0.380,0.041,0.339,0.000,0.000,0.000
10.9007740,77.0500000,132.14,0.513,0.056,0.456,0.000,0.000,0.000
10.9007680,77.0499700,132.07,0.611,0.073,0.538,0.000,0.000,0.000
10.9007630,77.0499400,131.67,0.734,0.145,0.589,0.000,0.000,0.000
10.9007570,77.0499080,130.77,0.791,0.237,0.555,0.000,0.000,0.000
10.9007450,77.0498400,129.04,0.749,0.333,0.415,0.000,0.000,0.000
10.9007350,77.0497800,128.51,0.727,0.439,0.287,0.000,0.000,0.000
10.9007230,77.0497200,126.87,0.728,0.541,0.186,0.000,0.000,0.000
10.9007120,77.0496600,123.32,0.744,0.626,0.118,0.000,0.000,0.000
10.9007016,77.0496100,117.83,0.770,0.696,0.074,0.000,0.000,0.000
10.9006970,77.0495800,115.87,0.776,0.760,0.016,0.000,0.000,0.000
10.9006930,77.0495440,106.90,0.702,0.813,-0.111,0.000,0.000,0.000
10.9006900,77.0495200,103.25,0.668,0.852,-0.184,0.000,0.000,0.000
10.9006890,77.0495100,98.50,0.639,0.841,-0.202,0.000,0.000,0.000
10.9006860,77.0494840,95.48,0.622,0.806,-0.183,0.000,0.000,0.000
10.9006790,77.0494480,90.25,0.630,0.752,-0.122,0.000,0.000,0.000
10.9006750,77.0494200,87.71,0.737,0.683,0.055,0.000,0.000,0.000
10.9006710,77.0494100,85.45,0.772,0.609,0.162,0.000,0.000,0.000
10.9006670,77.0493840,83.14,0.775,0.536,0.239,0.000,0.000,0.000
10.9006590,77.0493500,81.35,0.741,0.476,0.265,0.000,0.000,0.000
10.9006550,77.0493300,79.21,0.703,0.424,0.279,0.000,0.000,0.000
10.9006500,77.0493100,78.38,0.645,0.385,0.259,0.000,0.000,0.000
10.9006450,77.0492900,77.16,0.592,0.358,0.234,0.000,0.000,0.000
10.9006408,77.0492700,76.57,0.545,0.342,0.203,0.000,0.000,0.000
10.9006310,77.0492400,75.08,0.518,0.335,0.183,0.000,0.000,0.000
10.9006260,77.0492200,74.03,0.522,0.340,0.181,0.000,0.000,0.000
10.9006200,77.0492000,72.69,0.512,0.354,0.158,0.000,0.000,0.000
10.9006110,77.0491700,69.89,0.480,0.382,0.098,0.000,0.000,0.000
10.9006050,77.0491600,68.27,0.459,0.419,0.040,0.000,0.000,0.000
10.9006000,77.0491400,67.11,0.431,0.456,-0.025,0.000,0.000,0.000
10.9005960,77.0491280,65.84,0.396,0.494,-0.098,0.000,0.000,0.000
10.9005920,77.0491100,65.39,0.372,0.528,-0.156,0.000,0.000,0.000
10.9005800,77.0490900,60.79,0.349,0.547,-0.198,0.000,0.000,0.000
10.9005760,77.0490800,57.64,0.341,0.551,-0.209,0.000,0.000,0.000
10.9005700,77.0490700,55.53,0.278,0.537,-0.259,0.000,0.000,0.000
10.9005660,77.0490640,53.06,0.208,0.506,-0.298,0.000,0.000,0.000
10.9005580,77.0490600,46.59,0.154,0.459,-0.305,0.000,0.000,0.000
10.9005530,77.0490500,44.39,0.073,0.392,-0.320,0.000,0.000,0.000
10.9005470,77.0490400,43.47,0.000,0.316,-0.316,0.057,0.000,0.057
10.9005400,77.0490320,43.03,0.000,0.236,-0.236,0.112,0.000,0.112
10.9005340,77.0490300,42.49,0.000,0.153,-0.153,0.168,0.000,0.168
10.9005180,77.0490200,42.78,0.000,0.072,-0.072,0.200,0.000,0.200
10.9005100,77.0490100,43.72,0.000,0.007,-0.007,0.198,0.000,0.198
10.9005000,77.0490000,43.92,0.000,0.000,0.000,0.171,0.043,0.127
10.9004920,77.0489968,44.44,0.000,0.000,0.000,0.185,0.077,0.109
10.9004720,77.0489900,45.48,0.000,0.000,0.000,0.169,0.097,0.072
10.9004610,77.0489800,45.76,0.000,0.000,0.000,0.184,0.103,0.080
10.9004510,77.0489700,46.18,0.000,0.000,0.000,0.142,0.103,0.039
10.9004280,77.0489680,47.33,0.000,0.000,0.000,0.124,0.099,0.025
10.9004160,77.0489680,47.58,0.000,0.000,0.000,0.066,0.092,-0.026
10.9004050,77.0489600,47.93,0.000,0.000,0.000,0.055,0.084,-0.029
10.9003840,77.0489500,48.33,0.000,0.000,0.000,0.064,0.080,-0.016
10.9003732,77.0489400,48.57,0.000,0.000,0.000,0.125,0.078,0.047
10.9003620,77.0489360,48.39,0.000,0.000,0.000,0.159,0.079,0.080
10.9003420,77.0489200,48.87,0.000,0.000,0.000,0.132,0.089,0.042
10.9003310,77.0489100,49.56,0.000,0.000,0.000,0.128,0.105,0.023
10.9003210,77.0489040,49.27,0.000,0.000,0.000,0.089,0.122,-0.033
10.9003110,77.0489000,49.49,0.000,0.000,0.000,0.070,0.144,-0.074
10.9002930,77.0488800,50.24,0.000,0.000,0.000,0.030,0.168,-0.138
10.9002840,77.0488700,50.93,0.000,0.000,0.000,0.089,0.190,-0.101
10.9002740,77.0488600,52.53,0.000,0.000,0.000,0.130,0.210,-0.080
10.9002660,77.0488400,53.34,0.000,0.000,0.000,0.205,0.228,-0.023
10.9002580,77.0488320,54.34,0.000,0.000,0.000,0.248,0.244,0.004
10.9002430,77.0488080,56.34,0.000,0.000,0.000,0.291,0.257,0.034
10.9002360,77.0487900,57.07,0.000,0.000,0.000,0.299,0.264,0.035
10.9002290,77.0487800,58.24,0.000,0.000,0.000,0.303,0.267,0.035
10.9002230,77.0487700,59.28,0.000,0.000,0.000,0.332,0.271,0.061
10.9002120,77.0487400,61.27,0.000,0.000,0.000,0.327,0.271,0.056
10.9002072,77.0487200,61.88,0.000,0.000,0.000,0.327,0.269,0.058
10.9002030,77.0487080,62.42,0.000,0.000,0.000,0.338,0.267,0.072
10.9001990,77.0486900,63.73,0.000,0.000,0.000,0.347,0.266,0.081
10.9001910,77.0486500,65.87,0.000,0.000,0.000,0.307,0.265,0.043
10.9001880,77.0486400,66.82,0.000,0.000,0.000,0.299,0.261,0.038
10.9001870,77.0486200,67.40,0.000,0.000,0.000,0.272,0.258,0.014
10.9001850,77.0486100,68.20,0.000,0.000,0.000,0.233,0.257,-0.024
10.9001810,77.0485700,70.20,0.000,0.000,0.000,0.215,0.253,-0.038
10.9001800,77.0485500,71.21,0.000,0.000,0.000,0.216,0.245,-0.029
10.9001800,77.0485300,72.36,0.000,0.000,0.000,0.206,0.239,-0.033
10.9001790,77.0485160,73.07,0.000,0.000,0.000,0.237,0.231,0.006
10.9001790,77.0484800,74.88,0.000,0.000,0.000,0.259,0.219,0.040
10.9001800,77.0484560,75.26,0.000,0.000,0.000,0.223,0.201,0.023
10.9001810,77.0484400,75.76,0.000,0.000,0.000,0.166,0.177,-0.011
10.9001820,77.0484160,76.95,0.000,0.000,0.000,0.038,0.149,-0.111
10.9001850,77.0483800,78.58,0.088,0.000,0.088,0.000,0.117,-0.117
10.9001870,77.0483520,79.37,0.173,0.000,0.173,0.000,0.079,-0.079
10.9001890,77.0483300,79.53,0.215,0.000,0.215,0.000,0.042,-0.042
10.9001910,77.0483200,79.26,0.246,0.000,0.246,0.000,0.004,-0.004
10.9001940,77.0482960,79.03,0.207,0.034,0.173,0.000,0.000,0.000
10.9002000,77.0482520,78.65,0.180,0.071,0.109,0.000,0.000,0.000
10.9002030,77.0482300,77.81,0.196,0.101,0.095,0.000,0.000,0.000
10.9002070,77.0482200,77.22,0.208,0.126,0.082,0.000,0.000,0.000
10.9002090,77.0481920,76.45,0.215,0.144,0.071,0.000,0.000,0.000
10.9002170,77.0481600,75.82,0.212,0.153,0.059,0.000,0.000,0.000
10.9002210,77.0481400,74.60,0.196,0.156,0.040,0.000,0.000,0.000
10.9002260,77.0481300,74.22,0.182,0.154,0.028,0.000,0.000,0.000
10.9002340,77.0480900,72.85,0.180,0.149,0.031,0.000,0.000,0.000
10.9002390,77.0480700,72.32,0.153,0.141,0.012,0.000,0.000,0.000
10.9002440,77.0480600,71.87,0.130,0.129,0.001,0.000,0.000,0.000
10.9002492,77.0480320,71.07,0.160,0.107,0.053,0.000,0.000,0.000
10.9002610,77.0480036,70.46,0.145,0.086,0.059,0.000,0.000,0.000
10.9002670,77.0479900,70.13,0.142,0.064,0.078,0.000,0.000,0.000
10.9002800,77.0479600,69.42,0.173,0.045,0.128,0.000,0.000,0.000
10.9002870,77.0479320,69.67,0.180,0.030,0.149,0.000,0.000,0.000
10.9002930,77.0479200,69.34,0.159,0.039,0.120,0.000,0.000,0.000
10.9003080,77.0478900,69.19,0.153,0.052,0.101,0.000,0.000,0.000
10.9003230,77.0478600,68.72,0.148,0.069,0.079,0.000,0.000,0.000
10.9003400,77.0478300,68.37,0.118,0.086,0.032,0.000,0.000,0.000
10.9003580,77.0478080,67.58,0.101,0.104,-0.003,0.000,0.000,0.000
10.9003840,77.0477800,65.07,0.080,0.140,-0.060,0.000,0.000,0.000
10.9004080,77.0477700,63.18,0.091,0.174,-0.083,0.000,0.000,0.000
10.9004330,77.0477480,61.85,0.089,0.206,-0.117,0.000,0.000,0.000
10.9005110,77.0477100,59.22,0.107,0.229,-0.122,0.000,0.000,0.000
10.9005376,77.0476900,58.20,0.133,0.251,-0.119,0.000,0.000,0.000
10.9005650,77.0476800,57.49,0.139,0.236,-0.097,0.000,0.000,0.000
10.9005920,77.0476736,56.50,0.153,0.217,-0.064,0.000,0.000,0.000
10.9006192,77.0476700,56.02,0.189,0.200,-0.011,0.000,0.000,0.000
10.9006470,77.0476600,54.85,0.182,0.191,-0.009,0.000,0.000,0.000
10.9006740,77.0476600,54.05,0.161,0.180,-0.019,0.000,0.000,0.000
10.9007010,77.0476600,53.49,0.168,0.175,-0.007,0.000,0.000,0.000
10.9007270,77.0476600,52.57,0.181,0.168,0.013,0.000,0.000,0.000
10.9007540,77.0476600,51.84,0.131,0.155,-0.024,0.000,0.000,0.000
10.9007780,77.0476700,50.45,0.105,0.134,-0.029,0.000,0.000,0.000
10.9008010,77.0476736,49.41,0.039,0.108,-0.069,0.000,0.000,0.000
10.9008230,77.0476900,47.97,0.007,0.076,-0.069,0.000,0.000,0.000
10.9008440,77.0477100,48.28,0.000,0.044,-0.044,0.072,0.000,0.072
10.9008540,77.0477160,48.51,0.000,0.016,-0.016,0.090,0.000,0.090
10.9008720,77.0477300,48.53,0.000,0.000,0.000,0.126,0.005,0.121
10.9008800,77.0477400,49.01,0.000,0.000,0.000,0.085,0.022,0.063
10.9008872,77.0477500,49.38,0.000,0.000,0.000,0.118,0.032,0.086
10.9008950,77.0477600,49.84,0.000,0.000,0.000,0.110,0.036,0.074
10.9009020,77.0477700,50.15,0.000,0.000,0.000,0.152,0.036,0.115
10.9009120,77.0477900,50.66,0.000,0.000,0.000,0.153,0.032,0.121
10.9009160,77.0478080,50.78,0.000,0.000,0.000,0.126,0.024,0.102
10.9009200,77.0478100,50.34,0.000,0.000,0.000,0.075,0.015,0.061
10.9009230,77.0478300,50.53,0.000,0.000,0.000,0.049,0.008,0.041
10.9009250,77.0478500,50.31,0.000,0.000,0.000,0.016,0.003,0.013
10.9009260,77.0478700,50.40,0.023,0.000,0.023,0.000,0.003,-0.003
10.9009260,77.0478800,50.57,0.034,0.000,0.034,0.000,0.009,-0.009
10.9009240,77.0478900,49.55,0.000,0.000,0.000,0.024,0.021,0.003
10.9009200,77.0479100,49.47,0.000,0.000,0.000,0.093,0.039,0.054
10.9009170,77.0479300,50.00,0.000,0.000,0.000,0.145,0.063,0.082
10.9009080,77.0479500,50.42,0.000,0.000,0.000,0.171,0.088,0.083
10.9009030,77.0479600,50.95,0.000,0.000,0.000,0.204,0.114,0.090
10.9008980,77.0479700,51.10,0.000,0.000,0.000,0.202,0.142,0.060
10.9008870,77.0480000,53.10,0.000,0.000,0.000,0.219,0.164,0.055
10.9008740,77.0480300,54.50,0.000,0.000,0.000,0.194,0.179,0.014
10.9008680,77.0480320,54.65,0.000,0.000,0.000,0.189,0.190,-0.002
10.9008630,77.0480500,55.36,0.000,0.000,0.000,0.216,0.196,0.019
10.9008580,77.0480680,56.08,0.000,0.000,0.000,0.204,0.197,0.007
10.9008520,77.0480800,57.11,0.000,0.000,0.000,0.176,0.196,-0.020
10.9008440,77.0481100,58.96,0.000,0.000,0.000,0.161,0.197,-0.035
10.9008400,77.0481300,59.66,0.000,0.000,0.000,0.182,0.198,-0.017
10.9008370,77.0481400,60.22,0.000,0.000,0.000,0.214,0.197,0.017
10.9008320,77.0481700,61.21,0.000,0.000,0.000,0.241,0.198,0.044
10.9008300,77.0481900,61.93,0.000,0.000,0.000,0.238,0.197,0.041
10.9008290,77.0482000,62.19,0.000,0.000,0.000,0.249,0.195,0.054
10.9008290,77.0482200,63.12,0.000,0.000,0.000,0.276,0.194,0.082
10.9008280,77.0482300,64.15,0.000,0.000,0.000,0.290,0.195,0.095
10.9008300,77.0482700,65.37,0.000,0.000,0.000,0.284,0.197,0.087
10.9008310,77.0482900,66.63,0.000,0.000,0.000,0.299,0.201,0.097
10.9008330,77.0483000,66.87,0.000,0.000,0.000,0.292,0.206,0.086
10.9008350,77.0483280,67.62,0.000,0.000,0.000,0.286,0.211,0.075
10.9008400,77.0483520,68.60,0.000,0.000,0.000,0.243,0.216,0.027
10.9008420,77.0483800,69.38,0.000,0.000,0.000,0.234,0.220,0.013
10.9008460,77.0483900,70.46,0.000,0.000,0.000,0.218,0.225,-0.007
10.9008490,77.0484100,70.93,0.000,0.000,0.000,0.228,0.229,-0.002
10.9008570,77.0484500,72.98,0.000,0.000,0.000,0.225,0.235,-0.010
10.9008610,77.0484700,73.94,0.000,0.000,0.000,0.251,0.240,0.010
10.9008660,77.0484880,75.21,0.000,0.000,0.000,0.272,0.244,0.028
10.9008700,77.0485100,75.94,0.000,0.000,0.000,0.287,0.245,0.042
10.9008740,77.0485200,76.69,0.000,0.000,0.000,0.291,0.247,0.043
10.9008840,77.0485600,78.36,0.000,0.000,0.000,0.284,0.244,0.040
10.9008880,77.0485840,79.25,0.000,0.000,0.000,0.287,0.238,0.048
10.9008930,77.0486000,80.06,0.000,0.000,0.000,0.281,0.231,0.050
10.9008980,77.0486200,80.78,0.000,0.000,0.000,0.266,0.223,0.043
10.9009068,77.0486700,82.56,0.000,0.000,0.000,0.261,0.213,0.048
10.9009120,77.0486800,83.36,0.000,0.000,0.000,0.134,0.205,-0.071
10.9009180,77.0487080,84.30,0.000,0.000,0.000,0.105,0.197,-0.092
10.9009230,77.0487300,85.35,0.000,0.000,0.000,0.095,0.191,-0.097
10.9009330,77.0487760,86.05,0.000,0.000,0.000,0.097,0.186,-0.090
10.9009390,77.0487900,85.92,0.000,0.000,0.000,0.101,0.180,-0.079
10.9009440,77.0488100,86.71,0.000,0.000,0.000,0.257,0.175,0.082
10.9009496,77.0488320,87.95,0.000,0.000,0.000,0.274,0.173,0.101
10.9009610,77.0488800,88.79,0.000,0.000,0.000,0.279,0.171,0.108
10.9009660,77.0489040,88.83,0.000,0.000,0.000,0.305,0.169,0.136
10.9009710,77.0489300,90.38,0.000,0.000,0.000,0.305,0.165,0.139
10.9009770,77.0489500,90.62,0.000,0.000,0.000,0.262,0.161,0.101
10.9009920,77.0490200,93.04,0.000,0.000,0.000,0.252,0.153,0.099
10.9009970,77.0490400,93.24,0.000,0.000,0.000,0.231,0.140,0.092
10.9010020,77.0490640,93.78,0.000,0.000,0.000,0.199,0.126,0.073
10.9010070,77.0490900,94.11,0.000,0.000,0.000,0.169,0.112,0.057
10.9010150,77.0491300,95.00,0.000,0.000,0.000,0.152,0.096,0.056
10.9010230,77.0491900,95.67,0.000,0.000,0.000,0.130,0.083,0.047
10.9010270,77.0492100,95.88,0.000,0.000,0.000,0.120,0.073,0.047
10.9010310,77.0492300,95.66,0.000,0.000,0.000,0.045,0.065,-0.021
10.9010360,77.0492800,95.88,0.000,0.000,0.000,0.070,0.063,0.007
10.9010390,77.0493100,95.94,0.000,0.000,0.000,0.101,0.063,0.038
10.9010420,77.0493300,96.50,0.000,0.000,0.000,0.145,0.062,0.083
10.9010450,77.0493520,96.44,0.000,0.000,0.000,0.289,0.061,0.228
10.9010480,77.0493800,96.94,0.000,0.000,0.000,0.467,0.061,0.406
10.9010530,77.0494300,97.17,0.000,0.000,0.000,0.463,0.060,0.403
10.9010560,77.0494500,97.94,0.000,0.000,0.000,0.466,0.059,0.407
10.9010590,77.0494800,98.64,0.000,0.000,0.000,0.451,0.065,0.386
10.9010630,77.0495100,98.67,0.000,0.000,0.000,0.355,0.071,0.284
10.9010690,77.0495500,98.44,0.000,0.000,0.000,0.285,0.076,0.209
10.9010760,77.0496100,98.88,0.000,0.000,0.000,0.248,0.082,0.166
10.9010840,77.0496500,99.42,0.000,0.000,0.000,0.192,0.086,0.106
10.9010930,77.0497040,100.71,0.000,0.000,0.000,0.131,0.092,0.039
10.9011020,77.0497500,101.29,0.000,0.000,0.000,0.079,0.098,-0.019
10.9011080,77.0497800,101.72,0.000,0.000,0.000,0.040,0.105,-0.065
10.9011190,77.0498300,102.27,0.000,0.000,0.000,0.062,0.113,-0.051
10.9011260,77.0498600,102.68,0.000,0.000,0.000,0.102,0.122,-0.020
10.9011340,77.0498800,103.16,0.000,0.000,0.000,0.151,0.127,0.025
10.9011490,77.0499320,103.60,0.000,0.000,0.000,0.171,0.133,0.039
10.9011560,77.0499600,104.07,0.000,0.000,0.000,0.228,0.138,0.090
10.9011640,77.0499800,104.36,0.000,0.000,0.000,0.322,0.146,0.176
10.9011740,77.0500100,105.18,0.000,0.000,0.000,0.313,0.154,0.159
10.9011920,77.0500600,106.62,0.000,0.000,0.000,0.321,0.162,0.159
10.9012020,77.0500900,107.12,0.000,0.000,0.000,0.305,0.168,0.137
10.9012120,77.0501100,107.55,0.000,0.000,0.000,0.236,0.171,0.065
10.9012210,77.0501400,108.64,0.000,0.000,0.000,0.126,0.170,-0.044
10.9012320,77.0501600,109.18,0.000,0.000,0.000,0.096,0.168,-0.071
10.9012520,77.0502200,110.80,0.000,0.000,0.000,0.034,0.161,-0.127
10.9012620,77.0502400,111.08,0.000,0.000,0.000,0.028,0.155,-0.127
10.9012730,77.0502700,111.71,0.000,0.000,0.000,0.031,0.147,-0.116
10.9012920,77.0503200,112.56,0.000,0.000,0.000,0.019,0.139,-0.119
10.9013020,77.0503520,112.98,0.000,0.000,0.000,0.044,0.130,-0.086
10.9013120,77.0503800,113.31,0.000,0.000,0.000,0.003,0.121,-0.118
10.9013210,77.0504100,113.92,0.000,0.000,0.000,0.025,0.113,-0.088
10.9013310,77.0504300,114.24,0.009,0.000,0.009,0.000,0.108,-0.108
10.9013408,77.0504600,115.06,0.030,0.000,0.030,0.000,0.102,-0.102
10.9013580,77.0505160,114.76,0.155,0.000,0.155,0.000,0.099,-0.099
10.9013670,77.0505480,115.82,0.107,0.000,0.107,0.000,0.098,-0.098
10.9013760,77.0505760,116.18,0.000,0.000,0.000,0.009,0.096,-0.087
10.9013930,77.0506300,116.66,0.000,0.000,0.000,0.107,0.096,0.011
10.9014010,77.0506600,116.05,0.000,0.000,0.000,0.172,0.098,0.074
10.9014090,77.0506900,117.20,0.000,0.000,0.000,0.310,0.101,0.209
10.9014250,77.0507400,118.19,0.000,0.000,0.000,0.329,0.104,0.225
10.9014330,77.0507700,118.12,0.000,0.000,0.000,0.194,0.108,0.086
10.9014410,77.0508036,118.23,0.000,0.000,0.000,0.105,0.111,-0.005
10.9014490,77.0508320,118.87,0.000,0.000,0.000,0.098,0.114,-0.016
10.9014570,77.0508680,119.26,0.000,0.000,0.000,0.105,0.115,-0.010
10.9014720,77.0509300,120.33,0.000,0.000,0.000,0.127,0.117,0.010
10.9014810,77.0509500,121.11,0.000,0.000,0.000,0.151,0.120,0.031
10.9014880,77.0509800,121.39,0.000,0.000,0.000,0.176,0.120,0.056
10.9014960,77.0510100,121.66,0.000,0.000,0.000,0.155,0.119,0.035
10.9015030,77.0510400,121.89,0.000,0.000,0.000,0.144,0.119,0.025
10.9015180,77.0511000,122.92,0.000,0.000,0.000,0.168,0.117,0.050
10.9015256,77.0511300,123.31,0.000,0.000,0.000,0.150,0.115,0.035
10.9015330,77.0511600,123.45,0.000,0.000,0.000,0.128,0.115,0.013
10.9015400,77.0511900,124.12,0.000,0.000,0.000,0.103,0.115,-0.012
10.9015540,77.0512560,125.05,0.000,0.000,0.000,0.111,0.114,-0.004
10.9015620,77.0512900,125.70,0.000,0.000,0.000,0.123,0.113,0.010
10.9015750,77.0513500,126.08,0.000,0.000,0.000,0.081,0.110,-0.029
10.9015820,77.0513840,126.24,0.000,0.000,0.000,0.069,0.109,-0.039
10.9015880,77.0514160,126.69,0.000,0.000,0.000,0.090,0.106,-0.016
10.9016020,77.0514680,127.75,0.000,0.000,0.000,0.035,0.105,-0.070
10.9016080,77.0515100,128.38,0.110,0.000,0.110,0.000,0.105,-0.105
10.9016150,77.0515440,128.39,0.070,0.000,0.070,0.000,0.103,-0.103
10.9016210,77.0515760,128.89,0.044,0.000,0.044,0.000,0.101,-0.101
10.9016280,77.0516080,128.78,0.035,0.000,0.035,0.000,0.098,-0.098
10.9016330,77.0516320,129.53,0.021,0.000,0.021,0.000,0.094,-0.094
10.9016460,77.0517040,130.04,0.000,0.000,0.000,0.052,0.087,-0.035
10.9016510,77.0517360,130.51,0.021,0.000,0.021,0.000,0.080,-0.080
10.9016650,77.0518000,131.14,0.078,0.000,0.078,0.000,0.073,-0.073
10.9016700,77.0518320,131.56,0.097,0.000,0.097,0.000,0.064,-0.064
10.9016770,77.0518700,131.77,0.096,0.000,0.096,0.000,0.051,-0.051
10.9016830,77.0519000,131.99,0.127,0.000,0.127,0.000,0.030,-0.030
10.9016900,77.0519300,132.21,0.095,0.000,0.095,0.000,0.003,-0.003
10.9017010,77.0520000,132.33,0.089,0.031,0.058,0.000,0.000,0.000
10.9017120,77.0520700,132.24,0.083,0.062,0.021,0.000,0.000,0.000
10.9017230,77.0521300,131.94,0.148,0.098,0.050,0.000,0.000,0.000
10.9017316,77.0522000,130.99,0.130,0.123,0.007,0.000,0.000,0.000
10.9017360,77.0522300,130.28,0.115,0.146,-0.031,0.000,0.000,0.000
10.9017440,77.0523000,128.66,0.111,0.168,-0.057,0.000,0.000,0.000
10.9017470,77.0523300,128.09,0.138,0.192,-0.054,0.000,0.000,0.000
10.9017510,77.0523600,127.68,0.141,0.212,-0.071,0.000,0.000,0.000
10.9017530,77.0523900,126.62,0.202,0.234,-0.032,0.000,0.000,0.000
10.9017580,77.0524500,125.34,0.285,0.256,0.029,0.000,0.000,0.000
10.9017600,77.0524900,124.90,0.346,0.275,0.070,0.000,0.000,0.000
10.9017620,77.0525200,123.81,0.433,0.297,0.136,0.000,0.000,0.000
10.9017630,77.0525500,122.86,0.502,0.317,0.184,0.000,0.000,0.000
10.9017660,77.0526100,120.08,0.575,0.337,0.238,0.000,0.000,0.000
10.9017660,77.0526320,118.73,0.607,0.357,0.250,0.000,0.000,0.000
10.9017670,77.0526640,116.96,0.639,0.374,0.266,0.000,0.000,0.000
10.9017670,77.0527000,115.39,0.678,0.388,0.290,0.000,0.000,0.000
10.9017660,77.0527300,113.84,0.685,0.403,0.282,0.000,0.000,0.000
10.9017660,77.0527500,112.52,0.656,0.417,0.240,0.000,0.000,0.000
10.9017650,77.0528100,109.98,0.653,0.434,0.219,0.000,0.000,0.000
10.9017640,77.0528300,108.46,0.640,0.452,0.188,0.000,0.000,0.000
10.9017630,77.0528680,106.73,0.606,0.469,0.137,0.000,0.000,0.000
10.9017620,77.0528900,105.42,0.607,0.483,0.124,0.000,0.000,0.000
10.9017590,77.0529400,102.74,0.589,0.496,0.094,0.000,0.000,0.000
10.9017580,77.0529600,100.81,0.685,0.507,0.178,0.000,0.000,0.000
10.9017560,77.0529840,98.47,0.719,0.523,0.196,0.000,0.000,0.000
10.9017550,77.0530100,95.40,0.734,0.542,0.193,0.000,0.000,0.000
10.9017520,77.0530500,91.69,0.707,0.571,0.136,0.000,0.000,0.000
10.9017510,77.0530900,89.44,0.692,0.569,0.123,0.000,0.000,0.000
10.9017490,77.0531136,87.88,0.563,0.563,0.001,0.000,0.000,0.000
10.9017480,77.0531300,86.02,0.484,0.548,-0.063,0.000,0.000,0.000
10.9017470,77.0531500,81.42,0.441,0.528,-0.087,0.000,0.000,0.000
10.9017450,77.0531840,75.84,0.487,0.506,-0.019,0.000,0.000,0.000
10.9017450,77.0532000,74.04,0.488,0.490,-0.002,0.000,0.000,0.000
10.9017460,77.0532160,71.78,0.506,0.466,0.040,0.000,0.000,0.000
10.9017480,77.0532480,68.12,0.517,0.442,0.075,0.000,0.000,0.000
10.9017510,77.0532736,64.89,0.472,0.415,0.056,0.000,0.000,0.000
10.9017540,77.0533100,62.03,0.393,0.379,0.014,0.000,0.000,0.000
10.9017600,77.0533400,59.03,0.348,0.374,-0.026,0.000,0.000,0.000
10.9017670,77.0533700,56.62,0.298,0.366,-0.068,0.000,0.000,0.000
10.9017710,77.0533800,55.51,0.241,0.350,-0.108,0.000,0.000,0.000
10.9017750,77.0533900,54.53,0.236,0.325,-0.089,0.000,0.000,0.000
10.9017810,77.0534080,53.59,0.185,0.296,-0.110,0.000,0.000,0.000
10.9017920,77.0534300,51.62,0.147,0.247,-0.099,0.000,0.000,0.000
10.9017980,77.0534400,50.88,0.118,0.201,-0.082,0.000,0.000,0.000
10.9018060,77.0534436,50.36,0.093,0.156,-0.063,0.000,0.000,0.000
10.9018136,77.0534600,50.18,0.047,0.116,-0.069,0.000,0.000,0.000
10.9018300,77.0534680,48.50,0.009,0.076,-0.067,0.000,0.000,0.000
10.9018390,77.0534800,48.74,0.000,0.036,-0.036,0.049,0.000,0.049
10.9018480,77.0534900,48.46,0.000,0.000,0.000,0.114,0.001,0.114
10.9018580,77.0535000,48.96,0.000,0.000,0.000,0.129,0.035,0.094
10.9018690,77.0535080,49.49,0.000,0.000,0.000,0.156,0.066,0.090
10.9018910,77.0535100,50.35,0.000,0.000,0.000,0.206,0.091,0.115
10.9019020,77.0535200,50.64,0.000,0.000,0.000,0.213,0.104,0.109
10.9019150,77.0535200,51.09,0.000,0.000,0.000,0.202,0.109,0.093
10.9019390,77.0535300,51.61,0.000,0.000,0.000,0.187,0.104,0.084
10.9019530,77.0535320,52.67,0.000,0.000,0.000,0.168,0.094,0.074
10.9019660,77.0535400,54.27,0.000,0.000,0.000,0.156,0.083,0.074
10.9019790,77.0535400,54.83,0.000,0.000,0.000,0.088,0.071,0.016
10.9019930,77.0535500,55.37,0.000,0.000,0.000,0.036,0.060,-0.025
10.9020180,77.0535600,53.33,0.000,0.000,0.000,0.013,0.050,-0.037
10.9020300,77.0535600,52.99,0.010,0.000,0.010,0.000,0.040,-0.040
10.9020420,77.0535680,53.54,0.047,0.000,0.047,0.000,0.031,-0.031
10.9020670,77.0535700,53.92,0.084,0.000,0.084,0.000,0.025,-0.025
10.9020790,77.0535800,54.08,0.066,0.000,0.066,0.000,0.022,-0.022
10.9020910,77.0535900,54.54,0.075,0.000,0.075,0.000,0.022,-0.022
10.9021020,77.0536000,54.65,0.056,0.000,0.056,0.000,0.021,-0.021
10.9021240,77.0536100,54.60,0.052,0.000,0.052,0.000,0.018,-0.018
10.9021350,77.0536300,55.28,0.008,0.000,0.008,0.000,0.014,-0.014
10.9021440,77.0536320,55.30,0.000,0.000,0.000,0.017,0.009,0.008
10.9021540,77.0536400,55.15,0.000,0.000,0.000,0.053,0.003,0.050
10.9021700,77.0536680,54.94,0.000,0.000,0.000,0.082,0.000,0.082
10.9021780,77.0536700,54.48,0.000,0.000,0.000,0.041,0.000,0.041
10.9021848,77.0536900,54.30,0.000,0.000,0.000,0.053,0.002,0.051
10.9021900,77.0536920,54.33,0.000,0.000,0.000,0.040,0.007,0.033
10.9022010,77.0537300,54.26,0.000,0.000,0.000,0.077,0.014,0.063
10.9022050,77.0537400,54.49,0.014,0.000,0.014,0.000,0.023,-0.023
10.9022090,77.0537500,54.91,0.000,0.000,0.000,0.014,0.033,-0.020
10.9022120,77.0537680,54.77,0.000,0.000,0.000,0.015,0.045,-0.031
10.9022140,77.0537800,55.22,0.000,0.000,0.000,0.008,0.059,-0.051
10.9022160,77.0538000,55.38,0.000,0.000,0.000,0.004,0.073,-0.070
10.9022160,77.0538300,55.85,0.000,0.000,0.000,0.126,0.087,0.039
10.9022160,77.0538500,56.40,0.000,0.000,0.000,0.167,0.099,0.068
10.9022140,77.0538600,56.71,0.000,0.000,0.000,0.218,0.109,0.109
10.9022120,77.0538800,57.02,0.000,0.000,0.000,0.242,0.117,0.125
10.9022052,77.0539100,58.05,0.000,0.000,0.000,0.255,0.125,0.130
10.9022010,77.0539280,58.81,0.000,0.000,0.000,0.229,0.132,0.097
10.9021950,77.0539300,59.25,0.000,0.000,0.000,0.243,0.139,0.104
10.9021890,77.0539500,59.80,0.000,0.000,0.000,0.225,0.146,0.079
10.9021830,77.0539600,60.50,0.000,0.000,0.000,0.228,0.151,0.076
10.9021670,77.0539840,61.03,0.000,0.000,0.000,0.158,0.154,0.004
10.9021590,77.0540000,61.66,0.000,0.000,0.000,0.111,0.156,-0.045
10.9021490,77.0540160,62.27,0.000,0.000,0.000,0.071,0.156,-0.085
10.9021400,77.0540300,63.10,0.000,0.000,0.000,0.055,0.158,-0.104
10.9021190,77.0540560,64.16,0.000,0.000,0.000,0.048,0.160,-0.112
10.9021070,77.0540600,65.07,0.000,0.000,0.000,0.098,0.163,-0.065
10.9020960,77.0540800,65.66,0.000,0.000,0.000,0.122,0.167,-0.044
10.9020840,77.0540900,65.98,0.000,0.000,0.000,0.135,0.170,-0.035
10.9020608,77.0541160,66.87,0.000,0.000,0.000,0.165,0.172,-0.008
10.9020480,77.0541200,67.21,0.000,0.000,0.000,0.183,0.173,0.010
10.9020350,77.0541400,67.96,0.000,0.000,0.000,0.246,0.174,0.072
10.9020210,77.0541480,69.16,0.000,0.000,0.000,0.281,0.174,0.107
10.9020070,77.0541600,70.18,0.000,0.000,0.000,0.304,0.175,0.129
10.9019800,77.0541840,71.04,0.000,0.000,0.000,0.301,0.174,0.127
10.9019660,77.0541900,71.46,0.000,0.000,0.000,0.337,0.172,0.165
10.9019520,77.0542100,72.33,0.000,0.000,0.000,0.285,0.170,0.116
10.9019376,77.0542160,72.89,0.000,0.000,0.000,0.262,0.165,0.097
10.9019080,77.0542400,73.66,0.000,0.000,0.000,0.242,0.162,0.080
10.9018930,77.0542500,74.48,0.000,0.000,0.000,0.223,0.159,0.064
10.9018770,77.0542600,75.07,0.000,0.000,0.000,0.175,0.155,0.020
10.9018610,77.0542680,75.54,0.000,0.000,0.000,0.171,0.154,0.017
10.9018460,77.0542800,76.16,0.000,0.000,0.000,0.157,0.153,0.004
10.9018136,77.0543080,77.01,0.000,0.000,0.000,0.165,0.152,0.013
10.9017970,77.0543100,77.59,0.000,0.000,0.000,0.180,0.152,0.028
10.9017810,77.0543300,78.13,0.000,0.000,0.000,0.197,0.150,0.047
10.9017490,77.0543500,79.21,0.000,0.000,0.000,0.212,0.149,0.063
10.9017316,77.0543600,79.82,0.000,0.000,0.000,0.243,0.146,0.098
10.9017150,77.0543760,80.30,0.000,0.000,0.000,0.245,0.138,0.107
10.9016980,77.0543800,81.03,0.000,0.000,0.000,0.226,0.126,0.100
10.9016810,77.0544000,81.33,0.000,0.000,0.000,0.239,0.110,0.129
10.9016640,77.0544080,81.82,0.000,0.000,0.000,0.261,0.087,0.173
10.9016290,77.0544300,83.09,0.000,0.000,0.000,0.137,0.061,0.076
10.9016120,77.0544400,83.66,0.000,0.000,0.000,0.049,0.033,0.016
10.9015770,77.0544700,84.15,0.015,0.000,0.015,0.000,0.006,-0.006
10.9015590,77.0544800,83.96,0.113,0.021,0.092,0.000,0.000,0.000
10.9015420,77.0544900,82.98,0.225,0.047,0.177,0.000,0.000,0.000
10.9015250,77.0545040,82.87,0.187,0.071,0.116,0.000,0.000,0.000
10.9014900,77.0545300,81.88,0.186,0.093,0.093,0.000,0.000,0.000
10.9014740,77.0545360,81.05,0.179,0.106,0.073,0.000,0.000,0.000
10.9014410,77.0545600,80.02,0.169,0.111,0.058,0.000,0.000,0.000
10.9014240,77.0545700,79.21,0.163,0.109,0.053,0.000,0.000,0.000
10.9014070,77.0545800,79.55,0.143,0.104,0.038,0.000,0.000,0.000
10.9013740,77.0546000,78.92,0.118,0.098,0.020,0.000,0.000,0.000
10.9013580,77.0546100,78.00,0.148,0.101,0.047,0.000,0.000,0.000
10.9013410,77.0546300,77.57,0.183,0.105,0.078,0.000,0.000,0.000
10.9013090,77.0546400,77.08,0.170,0.113,0.057,0.000,0.000,0.000
10.9012770,77.0546640,76.53,0.185,0.120,0.066,0.000,0.000,0.000
10.9012430,77.0546900,75.51,0.214,0.126,0.088,0.000,0.000,0.000
10.9012120,77.0547000,74.48,0.192,0.134,0.058,0.000,0.000,0.000
10.9011790,77.0547200,73.07,0.172,0.140,0.032,0.000,0.000,0.000
10.9011630,77.0547280,72.71,0.146,0.140,0.006,0.000,0.000,0.000
10.9011470,77.0547400,72.58,0.094,0.140,-0.047,0.000,0.000,0.000
10.9011150,77.0547568,71.34,0.061,0.137,-0.076,0.000,0.000,0.000
10.9011000,77.0547600,70.70,0.024,0.127,-0.103,0.000,0.000,0.000
10.9010840,77.0547700,70.09,0.000,0.116,-0.116,0.016,0.000,0.016
10.9010690,77.0547800,70.12,0.013,0.107,-0.094,0.000,0.000,0.000
10.9010370,77.0547900,68.94,0.080,0.097,-0.017,0.000,0.000,0.000
10.9010060,77.0548000,68.79,0.080,0.088,-0.008,0.000,0.000,0.000
10.9009900,77.0548100,68.76,0.091,0.081,0.011,0.000,0.000,0.000
10.9009730,77.0548200,68.41,0.113,0.076,0.037,0.000,0.000,0.000
10.9009420,77.0548300,67.63,0.106,0.076,0.030,0.000,0.000,0.000
10.9009270,77.0548300,67.32,0.076,0.079,-0.002,0.000,0.000,0.000
10.9009100,77.0548400,67.43,0.069,0.083,-0.014,0.000,0.000,0.000
10.9008950,77.0548500,67.15,0.059,0.089,-0.030,0.000,0.000,0.000
10.9008640,77.0548560,66.70,0.057,0.096,-0.039,0.000,0.000,0.000
10.9008480,77.0548600,65.99,0.082,0.103,-0.021,0.000,0.000,0.000
10.9008330,77.0548700,65.76,0.083,0.111,-0.027,0.000,0.000,0.000
10.9008170,77.0548700,65.38,0.119,0.120,-0.001,0.000,0.000,0.000
10.9008020,77.0548800,64.66,0.149,0.130,0.020,0.000,0.000,0.000
10.9007710,77.0548880,63.90,0.113,0.139,-0.026,0.000,0.000,0.000
10.9007560,77.0548880,63.68,0.111,0.146,-0.036,0.000,0.000,0.000
10.9007410,77.0548900,63.06,0.101,0.153,-0.052,0.000,0.000,0.000
10.9007250,77.0548900,62.26,0.126,0.159,-0.033,0.000,0.000,0.000
10.9006960,77.0548900,61.09,0.102,0.163,-0.061,0.000,0.000,0.000
10.9006810,77.0548900,60.50,0.134,0.164,-0.029,0.000,0.000,0.000
10.9006650,77.0548900,59.96,0.129,0.164,-0.035,0.000,0.000,0.000
10.9006510,77.0548900,59.34,0.126,0.163,-0.037,0.000,0.000,0.000
10.9006220,77.0548900,57.94,0.083,0.160,-0.077,0.000,0.000,0.000
10.9006080,77.0548900,57.47,0.093,0.157,-0.064,0.000,0.000,0.000
10.9005950,77.0548900,56.83,0.085,0.153,-0.068,0.000,0.000,0.000
10.9005810,77.0548880,56.19,0.072,0.146,-0.073,0.000,0.000,0.000
10.9005690,77.0548880,55.87,0.036,0.136,-0.100,0.000,0.000,0.000
10.9005410,77.0548800,55.13,0.000,0.122,-0.122,0.004,0.000,0.004
10.9005290,77.0548800,54.76,0.000,0.105,-0.105,0.088,0.000,0.088
10.9005160,77.0548700,53.78,0.000,0.087,-0.087,0.118,0.000,0.118
10.9005040,77.0548700,53.07,0.000,0.070,-0.070,0.108,0.000,0.108
10.9004790,77.0548560,52.68,0.000,0.053,-0.053,0.047,0.000,0.047
10.9004680,77.0548560,52.10,0.000,0.037,-0.037,0.040,0.000,0.040
10.9004550,77.0548500,53.07,0.067,0.022,0.045,0.000,0.000,0.000
10.9004440,77.0548400,53.17,0.091,0.004,0.087,0.000,0.000,0.000
10.9004200,77.0548240,53.71,0.054,0.000,0.054,0.000,0.014,-0.014
10.9003980,77.0548100,53.72,0.012,0.000,0.012,0.000,0.031,-0.031
10.9003880,77.0548000,53.31,0.000,0.000,0.000,0.012,0.045,-0.032
10.9003770,77.0547920,53.09,0.000,0.000,0.000,0.087,0.054,0.032
10.9003550,77.0547700,53.67,0.000,0.000,0.000,0.118,0.059,0.059
10.9003450,77.0547600,54.12,0.000,0.000,0.000,0.131,0.062,0.070
10.9003340,77.0547568,54.36,0.000,0.000,0.000,0.164,0.063,0.101
10.9003240,77.0547400,55.37,0.000,0.000,0.000,0.147,0.064,0.083
10.9003140,77.0547300,55.67,0.000,0.000,0.000,0.116,0.065,0.052
10.9002950,77.0547100,56.40,0.000,0.000,0.000,0.091,0.063,0.028
10.9002860,77.0546960,56.29,0.000,0.000,0.000,0.095,0.060,0.035
10.9002770,77.0546900,56.42,0.000,0.000,0.000,0.079,0.055,0.025
10.9002600,77.0546640,56.08,0.000,0.000,0.000,0.088,0.048,0.039
10.9002510,77.0546500,56.17,0.000,0.000,0.000,0.124,0.042,0.082
10.9002440,77.0546400,56.58,0.000,0.000,0.000,0.142,0.037,0.105
10.9002360,77.0546300,56.85,0.000,0.000,0.000,0.102,0.033,0.069
10.9002280,77.0546100,57.10,0.000,0.000,0.000,0.068,0.032,0.036
10.9002130,77.0545900,57.58,0.000,0.000,0.000,0.031,0.032,-0.001
10.9002070,77.0545700,57.41,0.000,0.000,0.000,0.002,0.033,-0.031
10.9002000,77.0545680,57.79,0.028,0.000,0.028,0.000,0.033,-0.033
10.9001868,77.0545360,57.27,0.008,0.000,0.008,0.000,0.033,-0.033
10.9001820,77.0545200,57.57,0.000,0.000,0.000,0.008,0.032,-0.024
10.9001760,77.0545040,57.68,0.000,0.000,0.000,0.014,0.030,-0.016
10.9001710,77.0545000,57.77,0.022,0.000,0.022,0.000,0.029,-0.029
10.9001668,77.0544800,57.97,0.000,0.000,0.000,0.006,0.029,-0.023
10.9001580,77.0544500,58.69,0.000,0.000,0.000,0.025,0.030,-0.005
10.9001540,77.0544320,58.43,0.000,0.000,0.000,0.036,0.032,0.004
10.9001500,77.0544200,58.68,0.000,0.000,0.000,0.036,0.033,0.002
10.9001464,77.0544080,58.74,0.000,0.000,0.000,0.036,0.035,0.001
10.9001410,77.0543800,58.52,0.000,0.000,0.000,0.007,0.038,-0.031
10.9001390,77.0543700,58.78,0.014,0.000,0.014,0.000,0.041,-0.041
10.9001370,77.0543500,59.01,0.024,0.000,0.024,0.000,0.044,-0.044
10.9001350,77.0543400,59.07,0.013,0.000,0.013,0.000,0.049,-0.049
10.9001340,77.0543200,59.11,0.000,0.000,0.000,0.025,0.053,-0.029
10.9001310,77.0542900,59.87,0.000,0.000,0.000,0.043,0.057,-0.014
10.9001300,77.0542680,60.27,0.000,0.000,0.000,0.048,0.060,-0.011
10.9001300,77.0542600,60.02,0.000,0.000,0.000,0.044,0.061,-0.016
10.9001280,77.0542300,61.04,0.000,0.000,0.000,0.045,0.061,-0.015
10.9001280,77.0542160,61.05,0.000,0.000,0.000,0.030,0.059,-0.029
10.9001280,77.0542000,61.38,0.000,0.000,0.000,0.022,0.056,-0.034
10.9001280,77.0541840,61.58,0.016,0.000,0.016,0.000,0.053,-0.053
10.9001270,77.0541600,61.66,0.022,0.000,0.022,0.000,0.050,-0.050
10.9001270,77.0541480,61.84,0.016,0.000,0.016,0.000,0.045,-0.045
10.9001270,77.0541160,61.99,0.000,0.000,0.000,0.016,0.041,-0.025
10.9001270,77.0541000,62.22,0.000,0.000,0.000,0.065,0.038,0.027
10.9001270,77.0540880,62.26,0.000,0.000,0.000,0.092,0.034,0.057
10.9001270,77.0540560,62.71,0.000,0.000,0.000,0.119,0.028,0.091
10.9001270,77.0540400,62.71,0.000,0.000,0.000,0.099,0.019,0.081
10.9001270,77.0540000,62.88,0.000,0.000,0.000,0.055,0.010,0.045
10.9001270,77.0539840,62.91,0.009,0.000,0.009,0.000,0.001,-0.001
10.9001270,77.0539700,63.22,0.000,0.008,-0.008,0.008,0.000,0.008
10.9001270,77.0539400,63.03,0.015,0.016,-0.001,0.000,0.000,0.000
10.9001270,77.0539280,63.05,0.029,0.031,-0.002,0.000,0.000,0.000
10.9001260,77.0539100,62.69,0.038,0.048,-0.010,0.000,0.000,0.000
10.9001260,77.0538800,62.05,0.065,0.065,-0.000,0.000,0.000,0.000
10.9001260,77.0538500,61.80,0.104,0.082,0.022,0.000,0.000,0.000
10.9001260,77.0538200,60.60,0.136,0.101,0.035,0.000,0.000,0.000
10.9001270,77.0537900,60.17,0.110,0.108,0.001,0.000,0.000,0.000
10.9001280,77.0537600,59.14,0.089,0.113,-0.024,0.000,0.000,0.000
10.9001290,77.0537300,58.32,0.053,0.118,-0.065,0.000,0.000,0.000
10.9001310,77.0536920,57.70,0.020,0.122,-0.102,0.000,0.000,0.000
10.9001320,77.0536800,57.23,0.021,0.119,-0.098,0.000,0.000,0.000
10.9001330,77.0536680,56.92,0.035,0.117,-0.082,0.000,0.000,0.000
10.9001340,77.0536500,56.52,0.071,0.113,-0.042,0.000,0.000,0.000
10.9001370,77.0536300,55.82,0.106,0.108,-0.001,0.000,0.000,0.000
10.9001390,77.0536100,55.45,0.139,0.102,0.038,0.000,0.000,0.000
10.9001410,77.0536000,55.17,0.143,0.096,0.047,0.000,0.000,0.000
10.9001430,77.0535800,54.39,0.155,0.091,0.063,0.000,0.000,0.000
10.9001470,77.0535600,53.88,0.122,0.089,0.033,0.000,0.000,0.000
10.9001490,77.0535400,53.66,0.081,0.087,-0.005,0.000,0.000,0.000
10.9001520,77.0535300,53.35,0.053,0.086,-0.033,0.000,0.000,0.000
10.9001550,77.0535200,53.01,0.033,0.087,-0.053,0.000,0.000,0.000
10.9001580,77.0535080,53.20,0.019,0.087,-0.068,0.000,0.000,0.000
10.9001650,77.0534800,52.65,0.049,0.089,-0.040,0.000,0.000,0.000
10.9001670,77.0534700,52.49,0.082,0.091,-0.009,0.000,0.000,0.000
10.9001710,77.0534500,51.81,0.089,0.093,-0.004,0.000,0.000,0.000
10.9001790,77.0534300,50.91,0.114,0.096,0.018,0.000,0.000,0.000
10.9001830,77.0534200,50.49,0.151,0.099,0.052,0.000,0.000,0.000
10.9001870,77.0534080,50.13,0.151,0.099,0.053,0.000,0.000,0.000
10.9001910,77.0534000,49.86,0.148,0.098,0.050,0.000,0.000,0.000
10.9001960,77.0533800,49.48,0.180,0.097,0.084,0.000,0.000,0.000
10.9002060,77.0533600,48.75,0.174,0.095,0.079,0.000,0.000,0.000
10.9002100,77.0533500,48.33,0.149,0.094,0.056,0.000,0.000,0.000
10.9002160,77.0533400,48.37,0.123,0.094,0.029,0.000,0.000,0.000
10.9002284,77.0533200,47.65,0.099,0.098,0.002,0.000,0.000,0.000
10.9002350,77.0533100,47.50,0.084,0.102,-0.018,0.000,0.000,0.000
10.9002420,77.0533000,46.94,0.086,0.106,-0.021,0.000,0.000,0.000
10.9002492,77.0532900,46.97,0.108,0.112,-0.004,0.000,0.000,0.000
10.9002570,77.0532800,46.51,0.139,0.119,0.020,0.000,0.000,0.000
10.9002720,77.0532700,45.33,0.194,0.126,0.069,0.000,0.000,0.000
10.9002800,77.0532600,44.57,0.228,0.131,0.097,0.000,0.000,0.000
10.9002890,77.0532500,44.50,0.216,0.134,0.082,0.000,0.000,0.000
10.9002970,77.0532480,43.79,0.218,0.134,0.084,0.000,0.000,0.000
10.9003060,77.0532400,43.01,0.240,0.129,0.110,0.000,0.000,0.000
10.9003240,77.0532300,42.10,0.209,0.122,0.087,0.000,0.000,0.000
10.9003330,77.0532200,41.72,0.164,0.114,0.050,0.000,0.000,0.000
10.9003420,77.0532200,41.10,0.107,0.105,0.003,0.000,0.000,0.000
10.9003520,77.0532160,40.25,0.060,0.093,-0.033,0.000,0.000,0.000
10.9003710,77.0532160,40.54,0.000,0.077,-0.077,0.028,0.000,0.028
10.9003800,77.0532100,40.17,0.000,0.058,-0.058,0.079,0.000,0.079
10.9004000,77.0532100,39.87,0.000,0.036,-0.036,0.114,0.000,0.114
10.9004100,77.0532100,39.63,0.000,0.015,-0.015,0.089,0.000,0.089
10.9004190,77.0532100,39.25,0.000,0.000,0.000,0.106,0.004,0.102
10.9004390,77.0532160,39.03,0.000,0.000,0.000,0.107,0.020,0.088
10.9004490,77.0532160,39.39,0.000,0.000,0.000,0.109,0.034,0.075
10.9004590,77.0532160,39.73,0.000,0.000,0.000,0.091,0.048,0.043
10.9004690,77.0532200,40.07,0.000,0.000,0.000,0.086,0.062,0.025
10.9004980,77.0532300,41.27,0.000,0.000,0.000,0.093,0.072,0.021
10.9005080,77.0532400,41.52,0.000,0.000,0.000,0.068,0.079,-0.011
10.9005168,77.0532480,41.86,0.000,0.000,0.000,0.057,0.081,-0.024
10.9005260,77.0532480,42.53,0.000,0.000,0.000,0.062,0.080,-0.018
10.9005440,77.0532600,42.58,0.000,0.000,0.000,0.080,0.077,0.003
10.9005520,77.0532700,42.93,0.000,0.000,0.000,0.063,0.072,-0.009
10.9005680,77.0532800,43.24,0.000,0.000,0.000,0.063,0.067,-0.004
10.9005760,77.0532900,43.56,0.000,0.000,0.000,0.070,0.062,0.008
10.9005820,77.0533000,43.99,0.000,0.000,0.000,0.102,0.057,0.046
10.9005890,77.0533100,44.01,0.000,0.000,0.000,0.094,0.053,0.041
10.9005960,77.0533200,44.22,0.000,0.000,0.000,0.009,0.051,-0.041
10.9006010,77.0533300,44.51,0.000,0.000,0.000,0.055,0.050,0.005
10.9006130,77.0533500,44.75,0.000,0.000,0.000,0.069,0.051,0.018
10.9006180,77.0533600,44.82,0.000,0.000,0.000,0.082,0.052,0.030
10.9006210,77.0533700,44.74,0.000,0.000,0.000,0.112,0.056,0.056
10.9006290,77.0533900,45.00,0.000,0.000,0.000,0.220,0.061,0.159
10.9006320,77.0534080,45.30,0.000,0.000,0.000,0.229,0.068,0.161
10.9006360,77.0534100,45.92,0.000,0.000,0.000,0.241,0.076,0.165
10.9006380,77.0534300,45.93,0.000,0.000,0.000,0.213,0.084,0.129
10.9006420,77.0534500,46.35,0.000,0.000,0.000,0.211,0.092,0.118
10.9006430,77.0534600,46.85,0.000,0.000,0.000,0.223,0.099,0.124
10.9006440,77.0534680,47.31,0.000,0.000,0.000,0.206,0.105,0.101
10.9006450,77.0534900,47.98,0.000,0.000,0.000,0.192,0.109,0.083
10.9006450,77.0535100,48.86,0.000,0.000,0.000,0.191,0.112,0.080
10.9006450,77.0535200,49.18,0.000,0.000,0.000,0.182,0.110,0.072
10.9006450,77.0535320,49.47,0.000,0.000,0.000,0.168,0.107,0.062
10.9006440,77.0535500,49.88,0.000,0.000,0.000,0.162,0.103,0.059
10.9006430,77.0535600,50.42,0.000,0.000,0.000,0.168,0.098,0.070
10.9006420,77.0535900,51.45,0.000,0.000,0.000,0.162,0.093,0.069
10.9006410,77.0536036,51.57,0.000,0.000,0.000,0.156,0.091,0.065
10.9006408,77.0536100,51.70,0.000,0.000,0.000,0.129,0.090,0.039
10.9006400,77.0536300,51.95,0.000,0.000,0.000,0.103,0.091,0.012
10.9006390,77.0536400,51.49,0.000,0.000,0.000,0.070,0.092,-0.022
10.9006380,77.0536680,52.62,0.000,0.000,0.000,0.036,0.092,-0.056
10.9006380,77.0536800,52.66,0.000,0.000,0.000,0.024,0.093,-0.070
10.9006380,77.0536920,53.46,0.017,0.000,0.017,0.000,0.096,-0.096
10.9006380,77.0537100,54.04,0.000,0.000,0.000,0.006,0.098,-0.092
10.9006390,77.0537360,54.46,0.000,0.000,0.000,0.031,0.101,-0.069
10.9006400,77.0537500,54.88,0.000,0.000,0.000,0.046,0.103,-0.057
10.9006400,77.0537680,55.40,0.000,0.000,0.000,0.038,0.099,-0.062
10.9006420,77.0537920,56.20,0.000,0.000,0.000,0.077,0.095,-0.018
10.9006440,77.0538100,56.10,0.000,0.000,0.000,0.050,0.088,-0.038
10.9006450,77.0538240,56.46,0.000,0.000,0.000,0.008,0.082,-0.073
10.9006490,77.0538520,57.37,0.000,0.000,0.000,0.002,0.077,-0.075
10.9006510,77.0538700,57.75,0.008,0.000,0.008,0.000,0.071,-0.071
10.9006530,77.0538800,58.15,0.039,0.000,0.039,0.000,0.064,-0.064
10.9006580,77.0539100,58.48,0.076,0.000,0.076,0.000,0.057,-0.057
10.9006630,77.0539400,59.10,0.114,0.000,0.114,0.000,0.048,-0.048
10.9006690,77.0539700,59.52,0.144,0.000,0.144,0.000,0.037,-0.037
10.9006770,77.0539900,59.82,0.175,0.000,0.175,0.000,0.027,-0.027
10.9006840,77.0540200,59.96,0.169,0.000,0.169,0.000,0.016,-0.016
10.9006880,77.0540400,60.11,0.094,0.000,0.094,0.000,0.004,-0.004
10.9006930,77.0540560,59.88,0.068,0.011,0.057,0.000,0.000,0.000
10.9006980,77.0540700,60.05,0.072,0.028,0.044,0.000,0.000,0.000
10.9007070,77.0541000,59.72,0.096,0.044,0.052,0.000,0.000,0.000
10.9007130,77.0541160,59.30,0.111,0.061,0.050,0.000,0.000,0.000
10.9007190,77.0541200,59.61,0.199,0.076,0.123,0.000,0.000,0.000
10.9007300,77.0541500,58.73,0.211,0.089,0.122,0.000,0.000,0.000
10.9007370,77.0541700,58.03,0.233,0.101,0.132,0.000,0.000,0.000
10.9007432,77.0541800,57.60,0.209,0.112,0.097,0.000,0.000,0.000
10.9007510,77.0541900,57.06,0.194,0.122,0.072,0.000,0.000,0.000
10.9007590,77.0542100,56.98,0.175,0.131,0.043,0.000,0.000,0.000
10.9007740,77.0542300,55.71,0.165,0.140,0.025,0.000,0.000,0.000
10.9007830,77.0542400,55.13,0.133,0.146,-0.013,0.000,0.000,0.000
10.9007910,77.0542480,54.82,0.073,0.147,-0.074,0.000,0.000,0.000
10.9008000,77.0542600,54.25,0.060,0.145,-0.085,0.000,0.000,0.000
10.9008090,77.0542700,54.13,0.079,0.142,-0.063,0.000,0.000,0.000
10.9008270,77.0542800,52.23,0.063,0.135,-0.072,0.000,0.000,0.000
10.9008370,77.0543000,51.05,0.004,0.127,-0.124,0.000,0.000,0.000
10.9008468,77.0543080,50.88,0.008,0.119,-0.111,0.000,0.000,0.000
10.9008670,77.0543200,50.42,0.005,0.110,-0.105,0.000,0.000,0.000
10.9008780,77.0543200,50.11,0.000,0.099,-0.099,0.044,0.000,0.044
10.9008880,77.0543300,49.93,0.000,0.088,-0.088,0.058,0.000,0.058
10.9009100,77.0543440,49.57,0.008,0.078,-0.071,0.000,0.000,0.000
10.9009210,77.0543440,49.42,0.004,0.072,-0.068,0.000,0.000,0.000
10.9009320,77.0543500,49.18,0.000,0.068,-0.068,0.002,0.000,0.002
10.9009440,77.0543600,48.99,0.016,0.068,-0.052,0.000,0.000,0.000
10.9009560,77.0543600,48.46,0.039,0.069,-0.029,0.000,0.000,0.000
10.9009910,77.0543700,48.09,0.033,0.069,-0.036,0.000,0.000,0.000
10.9010040,77.0543700,47.71,0.085,0.067,0.018,0.000,0.000,0.000
10.9010150,77.0543700,47.60,0.104,0.064,0.041,0.000,0.000,0.000
10.9010380,77.0543600,46.49,0.107,0.058,0.049,0.000,0.000,0.000
10.9010500,77.0543600,46.33,0.090,0.050,0.040,0.000,0.000,0.000
10.9010610,77.0543600,46.52,0.063,0.039,0.024,0.000,0.000,0.000
10.9010720,77.0543500,46.43,0.026,0.026,-0.000,0.000,0.000,0.000
10.9010936,77.0543440,45.70,0.000,0.011,-0.011,0.014,0.000,0.014
10.9011040,77.0543400,45.68,0.000,0.000,0.000,0.057,0.005,0.052
10.9011132,77.0543400,45.81,0.000,0.000,0.000,0.096,0.022,0.075
10.9011240,77.0543300,46.15,0.000,0.000,0.000,0.127,0.037,0.090
10.9011430,77.0543100,46.41,0.000,0.000,0.000,0.133,0.049,0.083
10.9011530,77.0543080,46.64,0.000,0.000,0.000,0.137,0.061,0.075
10.9011610,77.0543000,47.11,0.000,0.000,0.000,0.145,0.072,0.073
10.9011800,77.0542800,47.99,0.000,0.000,0.000,0.127,0.078,0.049
10.9011890,77.0542680,48.07,0.000,0.000,0.000,0.109,0.074,0.034
10.9011980,77.0542700,48.87,0.000,0.000,0.000,0.120,0.069,0.052
10.9012240,77.0542400,49.48,0.000,0.000,0.000,0.123,0.060,0.063
10.9012320,77.0542300,49.62,0.000,0.000,0.000,0.112,0.049,0.062
10.9012390,77.0542160,49.75,0.000,0.000,0.000,0.120,0.039,0.081
10.9012480,77.0542100,50.18,0.000,0.000,0.000,0.089,0.030,0.059
10.9012630,77.0541840,50.58,0.000,0.000,0.000,0.049,0.022,0.027
10.9012780,77.0541700,51.51,0.000,0.000,0.000,0.033,0.015,0.018
10.9012920,77.0541400,51.78,0.000,0.000,0.000,0.018,0.009,0.009
10.9013040,77.0541160,51.77,0.040,0.000,0.040,0.000,0.003,-0.003
10.9013140,77.0540900,51.24,0.047,0.000,0.047,0.000,0.004,-0.004
10.9013230,77.0540700,50.75,0.015,0.000,0.015,0.000,0.005,-0.005
10.9013310,77.0540500,50.78,0.037,0.000,0.037,0.000,0.008,-0.008
10.9013370,77.0540160,50.79,0.045,0.000,0.045,0.000,0.013,-0.013
10.9013408,77.0539900,51.10,0.034,0.000,0.034,0.000,0.019,-0.019
10.9013420,77.0539600,50.99,0.030,0.000,0.030,0.000,0.028,-0.028
10.9013420,77.0539400,51.52,0.042,0.000,0.042,0.000,0.038,-0.038
10.9013408,77.0539100,51.92,0.059,0.000,0.059,0.000,0.048,-0.048
10.9013370,77.0538900,52.06,0.079,0.000,0.079,0.000,0.056,-0.056
10.9013330,77.0538600,51.07,0.058,0.000,0.058,0.000,0.063,-0.063
10.9013270,77.0538300,51.93,0.063,0.000,0.063,0.000,0.070,-0.070
10.9013200,77.0538100,53.04,0.099,0.000,0.099,0.000,0.076,-0.076
10.9013140,77.0537800,53.43,0.063,0.000,0.063,0.000,0.079,-0.079
10.9013070,77.0537600,54.09,0.026,0.000,0.026,0.000,0.081,-0.081
10.9013030,77.0537400,54.16,0.024,0.000,0.024,0.000,0.082,-0.082
10.9012980,77.0537100,54.85,0.001,0.000,0.001,0.000,0.079,-0.079
10.9012940,77.0536920,54.78,0.053,0.000,0.053,0.000,0.074,-0.074
10.9012910,77.0536900,55.32,0.079,0.000,0.079,0.000,0.066,-0.066
10.9012870,77.0536700,55.58,0.106,0.000,0.106,0.000,0.057,-0.057
10.9012800,77.0536400,55.94,0.108,0.000,0.108,0.000,0.045,-0.045
10.9012780,77.0536300,56.57,0.108,0.000,0.108,0.000,0.033,-0.033
10.9012740,77.0536100,56.19,0.009,0.000,0.009,0.000,0.021,-0.021
10.9012700,77.0536036,56.37,0.000,0.000,0.000,0.042,0.012,0.030
10.9012630,77.0535700,56.60,0.000,0.000,0.000,0.063,0.005,0.058
10.9012600,77.0535600,56.63,0.000,0.000,0.000,0.055,0.004,0.051
10.9012576,77.0535400,56.48,0.000,0.000,0.000,0.053,0.006,0.047
10.9012490,77.0535200,55.84,0.000,0.000,0.000,0.017,0.012,0.005
10.9012430,77.0535080,55.51,0.007,0.000,0.007,0.000,0.019,-0.019
10.9012380,77.0534900,54.50,0.045,0.000,0.045,0.000,0.027,-0.027
10.9012320,77.0534700,55.75,0.064,0.000,0.064,0.000,0.036,-0.036
10.9012280,77.0534500,56.26,0.099,0.000,0.099,0.000,0.045,-0.045
10.9012240,77.0534400,57.33,0.108,0.000,0.108,0.000,0.053,-0.053
10.9012200,77.0534200,57.05,0.104,0.000,0.104,0.000,0.057,-0.057
10.9012140,77.0533900,58.04,0.044,0.000,0.044,0.000,0.056,-0.056
10.9012100,77.0533760,58.02,0.012,0.000,0.012,0.000,0.045,-0.045
10.9012060,77.0533600,58.10,0.000,0.000,0.000,0.039,0.032,0.007
10.9012020,77.0533480,58.46,0.000,0.000,0.000,0.069,0.018,0.051
10.9011950,77.0533200,58.50,0.000,0.000,0.000,0.040,0.006,0.034
10.9011910,77.0533100,58.47,0.031,0.004,0.028,0.000,0.000,0.000
10.9011870,77.0532900,58.72,0.099,0.012,0.086,0.000,0.000,0.000
10.9011830,77.0532736,57.98,0.077,0.020,0.057,0.000,0.000,0.000
10.9011750,77.0532480,57.53,0.091,0.029,0.062,0.000,0.000,0.000
10.9011660,77.0532200,56.58,0.079,0.039,0.040,0.000,0.000,0.000
10.9011560,77.0531900,55.75,0.000,0.048,-0.048,0.006,0.000,0.006
10.9011480,77.0531700,55.71,0.000,0.064,-0.064,0.097,0.000,0.097
10.9011380,77.0531400,54.89,0.000,0.079,-0.079,0.066,0.000,0.066
10.9011290,77.0531136,54.82,0.000,0.092,-0.092,0.059,0.000,0.059
10.9011250,77.0531000,54.15,0.000,0.100,-0.100,0.048,0.000,0.048
10.9010900,77.0530200,52.21,0.016,0.107,-0.091,0.000,0.000,0.000
10.9010800,77.0529900,51.60,0.100,0.098,0.002,0.000,0.000,0.000
10.9010700,77.0529700,51.28,0.146,0.084,0.062,0.000,0.000,0.000
10.9010590,77.0529400,51.47,0.097,0.069,0.028,0.000,0.000,0.000
10.9010500,77.0529200,51.21,0.066,0.053,0.014,0.000,0.000,0.000
10.9010390,77.0528920,51.02,0.000,0.036,-0.036,0.008,0.000,0.008
10.9010300,77.0528700,50.74,0.000,0.022,-0.022,0.083,0.000,0.083
10.9010210,77.0528500,50.73,0.000,0.014,-0.014,0.097,0.000,0.097
10.9010110,77.0528240,51.21,0.000,0.006,-0.006,0.085,0.000,0.085
10.9010030,77.0527920,50.70,0.000,0.004,-0.004,0.046,0.000,0.046
10.9009950,77.0527700,50.57,0.000,0.001,-0.001,0.003,0.000,0.003
10.9009880,77.0527500,51.47,0.000,0.000,0.000,0.003,0.001,0.002
10.9009810,77.0527300,50.92,0.000,0.000,0.000,0.011,0.002,0.009
10.9009780,77.0527100,51.36,0.005,0.000,0.005,0.000,0.002,-0.002
10.9009750,77.0527000,50.60,0.000,0.000,0.000,0.013,0.002,0.011
10.9009692,77.0526700,51.18,0.000,0.000,0.000,0.030,0.001,0.029
10.9009680,77.0526600,51.04,0.000,0.000,-0.000,0.005,0.000,0.005
10.9009650,77.0526500,51.00,0.000,0.001,-0.001,0.031,0.000,0.031
10.9009610,77.0526200,51.11,0.000,0.002,-0.002,0.046,0.000,0.046
10.9009600,77.0526100,50.96,0.000,0.004,-0.004,0.071,0.000,0.071
10.9009580,77.0526000,51.01,0.000,0.007,-0.007,0.051,0.000,0.051
10.9009570,77.0525800,50.93,0.000,0.010,-0.010,0.055,0.000,0.055
10.9009550,77.0525760,51.03,0.000,0.013,-0.013,0.046,0.000,0.046
10.9009540,77.0525400,51.12,0.000,0.017,-0.017,0.022,0.000,0.022
10.9009530,77.0525360,50.86,0.012,0.020,-0.008,0.000,0.000,0.000
10.9009530,77.0525200,50.68,0.029,0.023,0.006,0.000,0.000,0.000
10.9009530,77.0525040,50.82,0.056,0.026,0.029,0.000,0.000,0.000
10.9009530,77.0524800,50.38,0.050,0.029,0.021,0.000,0.000,0.000
10.9009530,77.0524700,50.04,0.065,0.031,0.034,0.000,0.000,0.000
10.9009530,77.0524600,50.11,0.057,0.033,0.024,0.000,0.000,0.000
10.9009540,77.0524480,50.36,0.074,0.034,0.040,0.000,0.000,0.000
10.9009540,77.0524200,49.61,0.051,0.035,0.015,0.000,0.000,0.000
10.9009550,77.0524100,49.88,0.048,0.036,0.012,0.000,0.000,0.000
10.9009550,77.0523900,49.36,0.025,0.035,-0.010,0.000,0.000,0.000
10.9009560,77.0523700,49.35,0.024,0.035,-0.010,0.000,0.000,0.000
10.9009570,77.0523440,49.09,0.007,0.034,-0.027,0.000,0.000,0.000
10.9009570,77.0523300,49.08,0.035,0.034,0.002,0.000,0.000,0.000
10.9009570,77.0523200,48.29,0.052,0.035,0.017,0.000,0.000,0.000
10.9009580,77.0523100,48.63,0.063,0.037,0.026,0.000,0.000,0.000
10.9009570,77.0522900,48.78,0.039,0.041,-0.002,0.000,0.000,0.000
10.9009570,77.0522700,48.65,0.031,0.046,-0.015,0.000,0.000,0.000
10.9009570,77.0522600,48.20,0.098,0.053,0.045,0.000,0.000,0.000
10.9009560,77.0522480,48.18,0.138,0.059,0.080,0.000,0.000,0.000
10.9009560,77.0522400,48.01,0.132,0.067,0.066,0.000,0.000,0.000
10.9009550,77.0522100,47.52,0.160,0.075,0.085,0.000,0.000,0.000
10.9009540,77.0522000,47.17,0.156,0.082,0.074,0.000,0.000,0.000
10.9009540,77.0521840,46.67,0.096,0.087,0.009,0.000,0.000,0.000
10.9009530,77.0521800,46.56,0.068,0.092,-0.024,0.000,0.000,0.000
10.9009510,77.0521520,45.53,0.071,0.097,-0.026,0.000,0.000,0.000
10.9009510,77.0521400,44.95,0.066,0.099,-0.033,0.000,0.000,0.000
10.9009500,77.0521300,44.73,0.064,0.102,-0.039,0.000,0.000,0.000
10.9009490,77.0521200,44.94,0.037,0.106,-0.069,0.000,0.000,0.000
10.9009470,77.0521000,43.54,0.020,0.109,-0.089,0.000,0.000,0.000
10.9009460,77.0520880,43.29,0.040,0.112,-0.072,0.000,0.000,0.000
10.9009440,77.0520800,43.58,0.073,0.114,-0.041,0.000,0.000,0.000
10.9009430,77.0520600,42.91,0.095,0.118,-0.023,0.000,0.000,0.000
10.9009410,77.0520500,41.73,0.080,0.123,-0.042,0.000,0.000,0.000
10.9009390,77.0520300,41.27,0.095,0.125,-0.030,0.000,0.000,0.000
10.9009380,77.0520240,40.79,0.101,0.127,-0.026,0.000,0.000,0.000
10.9009370,77.0520200,40.30,0.075,0.129,-0.054,0.000,0.000,0.000
10.9009330,77.0519920,39.62,0.072,0.128,-0.056,0.000,0.000,0.000
10.9009320,77.0519900,38.93,0.108,0.125,-0.017,0.000,0.000,0.000
10.9009310,77.0519700,38.53,0.106,0.122,-0.015,0.000,0.000,0.000
10.9009290,77.0519600,38.04,0.080,0.118,-0.038,0.000,0.000,0.000
10.9009270,77.0519500,37.26,0.075,0.112,-0.038,0.000,0.000,0.000
10.9009260,77.0519400,36.90,0.070,0.105,-0.035,0.000,0.000,0.000
10.9009240,77.0519280,36.45,0.044,0.096,-0.053,0.000,0.000,0.000
10.9009230,77.0519200,36.19,0.035,0.086,-0.052,0.000,0.000,0.000
10.9009220,77.0519100,35.48,0.063,0.076,-0.013,0.000,0.000,0.000
10.9009180,77.0518960,35.25,0.051,0.065,-0.013,0.000,0.000,0.000
10.9009160,77.0518900,34.73,0.030,0.054,-0.024,0.000,0.000,0.000
10.9009150,77.0518800,34.62,0.028,0.045,-0.017,0.000,0.000,0.000
10.9009100,77.0518600,34.64,0.022,0.038,-0.016,0.000,0.000,0.000
10.9009080,77.0518500,34.69,0.000,0.034,-0.034,0.018,0.000,0.018
10.9009070,77.0518400,34.45,0.000,0.033,-0.033,0.016,0.000,0.016
10.9009040,77.0518320,34.78,0.010,0.036,-0.026,0.000,0.000,0.000
10.9008990,77.0518200,34.54,0.000,0.042,-0.042,0.013,0.000,0.013
10.9008960,77.0518100,34.40,0.000,0.050,-0.050,0.002,0.000,0.002
10.9008930,77.0518000,34.30,0.042,0.061,-0.019,0.000,0.000,0.000
10.9008900,77.0517936,34.47,0.104,0.071,0.033,0.000,0.000,0.000
10.9008840,77.0517800,33.81,0.093,0.083,0.010,0.000,0.000,0.000
10.9008770,77.0517680,32.75,0.140,0.093,0.047,0.000,0.000,0.000
10.9008730,77.0517600,32.11,0.123,0.097,0.027,0.000,0.000,0.000
10.9008650,77.0517400,31.70,0.109,0.096,0.013,0.000,0.000,0.000
10.9008610,77.0517360,30.49,0.056,0.089,-0.034,0.000,0.000,0.000
10.9008560,77.0517360,30.32,0.026,0.074,-0.048,0.000,0.000,0.000
10.9008510,77.0517300,29.49,0.000,0.053,-0.053,0.038,0.000,0.038
10.9008460,77.0517200,29.63,0.000,0.032,-0.032,0.012,0.000,0.012
10.9008340,77.0517100,29.32,0.009,0.012,-0.002,0.000,0.000,0.000
10.9008280,77.0517040,29.11,0.000,0.000,0.000,0.023,0.008,0.014
10.9008230,77.0517040,29.33,0.003,0.000,0.003,0.000,0.027,-0.027
10.9008150,77.0517000,30.11,0.058,0.000,0.058,0.000,0.046,-0.046
10.9008020,77.0517000,30.46,0.029,0.000,0.029,0.000,0.061,-0.061
10.9007860,77.0516900,31.30,0.000,0.000,0.000,0.059,0.072,-0.013
10.9007700,77.0516800,32.55,0.000,0.000,0.000,0.042,0.081,-0.038
10.9007550,77.0516800,32.82,0.000,0.000,0.000,0.067,0.085,-0.017
10.9007380,77.0516800,33.39,0.000,0.000,0.000,0.098,0.083,0.016
10.9007210,77.0516800,34.61,0.000,0.000,0.000,0.118,0.082,0.036
10.9007120,77.0516800,34.38,0.000,0.000,0.000,0.091,0.079,0.012
10.9007030,77.0516800,34.30,0.000,0.000,0.000,0.100,0.076,0.025
10.9006950,77.0516800,34.67,0.000,0.000,0.000,0.037,0.071,-0.034
10.9006770,77.0516800,35.15,0.000,0.000,0.000,0.033,0.065,-0.032
10.9006680,77.0516800,35.42,0.000,0.000,0.000,0.022,0.056,-0.034
10.9006600,77.0516800,35.49,0.000,0.000,0.000,0.007,0.048,-0.041
10.9006500,77.0516800,35.96,0.023,0.000,0.023,0.000,0.039,-0.039
10.9006410,77.0516800,36.01,0.000,0.000,0.000,0.000,0.028,-0.027
10.9006230,77.0516900,36.40,0.014,0.000,0.014,0.000,0.016,-0.016
10.9006150,77.0516900,36.35,0.003,0.000,0.003,0.000,0.006,-0.006
10.9006050,77.0516900,36.73,0.016,0.004,0.011,0.000,0.000,0.000
10.9005970,77.0516900,36.70,0.023,0.014,0.009,0.000,0.000,0.000
10.9005880,77.0517000,35.97,0.000,0.022,-0.022,0.019,0.000,0.019
10.9005700,77.0517000,35.59,0.000,0.030,-0.030,0.011,0.000,0.011
10.9005620,77.0517000,35.25,0.013,0.038,-0.026,0.000,0.000,0.000
10.9005530,77.0517000,35.22,0.013,0.047,-0.034,0.000,0.000,0.000
10.9005440,77.0517040,35.35,0.027,0.055,-0.028,0.000,0.000,0.000
10.9005270,77.0517040,35.23,0.093,0.063,0.030,0.000,0.000,0.000
10.9005180,77.0517040,35.02,0.116,0.070,0.045,0.000,0.000,0.000
10.9005100,77.0517100,35.00,0.148,0.078,0.070,0.000,0.000,0.000
10.9005020,77.0517100,34.63,0.179,0.087,0.092,0.000,0.000,0.000
10.9004940,77.0517100,33.94,0.154,0.097,0.057,0.000,0.000,0.000
10.9004860,77.0517200,33.53,0.142,0.107,0.036,0.000,0.000,0.000
10.9004710,77.0517300,32.58,0.126,0.116,0.010,0.000,0.000,0.000
10.9004640,77.0517300,32.04,0.113,0.124,-0.011,0.000,0.000,0.000
10.9004560,77.0517300,31.66,0.083,0.129,-0.046,0.000,0.000,0.000
10.9004500,77.0517360,31.13,0.079,0.132,-0.053,0.000,0.000,0.000
10.9004350,77.0517400,30.65,0.079,0.134,-0.055,0.000,0.000,0.000
10.9004290,77.0517400,30.10,0.084,0.134,-0.050,0.000,0.000,0.000
10.9004230,77.0517500,29.20,0.089,0.134,-0.045,0.000,0.000,0.000
10.9004170,77.0517500,28.72,0.121,0.132,-0.011,0.000,0.000,0.000
10.9004060,77.0517600,27.96,0.126,0.129,-0.003,0.000,0.000,0.000
10.9004000,77.0517680,27.67,0.105,0.125,-0.019,0.000,0.000,0.000
10.9003940,77.0517680,26.72,0.112,0.119,-0.007,0.000,0.000,0.000
10.9003900,77.0517700,26.55,0.104,0.112,-0.008,0.000,0.000,0.000
10.9003850,77.0517800,25.98,0.021,0.106,-0.085,0.000,0.000,0.000
10.9003750,77.0517900,25.32,0.000,0.099,-0.099,0.022,0.000,0.022
10.9003720,77.0517936,24.80,0.000,0.095,-0.095,0.090,0.000,0.090
10.9003680,77.0517936,24.36,0.000,0.092,-0.092,0.181,0.000,0.181
10.9003600,77.0518100,24.70,0.000,0.090,-0.090,0.230,0.000,0.230
10.9003560,77.0518100,24.15,0.000,0.090,-0.090,0.170,0.000,0.170
10.9003500,77.0518300,24.01,0.000,0.093,-0.093,0.114,0.000,0.114
10.9003480,77.0518300,22.97,0.000,0.095,-0.095,0.025,0.000,0.025
10.9003460,77.0518320,22.87,0.084,0.097,-0.013,0.000,0.000,0.000
10.9003420,77.0518400,21.76,0.154,0.099,0.055,0.000,0.000,0.000
10.9003400,77.0518500,21.36,0.168,0.099,0.069,0.000,0.000,0.000
10.9003390,77.0518600,21.26,0.148,0.096,0.052,0.000,0.000,0.000
10.9003380,77.0518600,20.85,0.129,0.090,0.038,0.000,0.000,0.000
10.9003360,77.0518700,19.74,0.095,0.085,0.011,0.000,0.000,0.000
10.9003350,77.0518700,19.83,0.065,0.078,-0.014,0.000,0.000,0.000
10.9003350,77.0518800,19.40,0.064,0.071,-0.006,0.000,0.000,0.000
10.9003350,77.0518900,19.17,0.039,0.064,-0.025,0.000,0.000,0.000
10.9003350,77.0518900,19.04,0.000,0.059,-0.059,0.021,0.000,0.021
10.9003350,77.0519000,18.80,0.000,0.055,-0.055,0.018,0.000,0.018
10.9003360,77.0519000,18.97,0.000,0.054,-0.054,0.057,0.000,0.057
10.9003370,77.0519100,18.73,0.000,0.054,-0.054,0.092,0.000,0.092
10.9003370,77.0519100,18.49,0.000,0.055,-0.055,0.080,0.000,0.080
10.9003400,77.0519300,17.53,0.000,0.054,-0.054,0.026,0.000,0.026
10.9003410,77.0519300,17.19,0.000,0.054,-0.054,0.036,0.000,0.036
10.9003410,77.0519400,16.69,0.000,0.052,-0.052,0.000,0.000,0.000
10.9003420,77.0519400,16.33,0.009,0.053,-0.044,0.000,0.000,0.000
10.9003430,77.0519500,16.28,0.036,0.056,-0.019,0.000,0.000,0.000
10.9003430,77.0519536,16.23,0.049,0.060,-0.012,0.000,0.000,0.000
10.9003440,77.0519536,16.41,0.079,0.068,0.011,0.000,0.000,0.000
10.9003440,77.0519600,16.06,0.114,0.075,0.039,0.000,0.000,0.000
10.9003450,77.0519700,16.00,0.124,0.082,0.042,0.000,0.000,0.000
10.9003460,77.0519800,16.00,0.134,0.092,0.042,0.000,0.000,0.000
10.9003460,77.0519800,15.34,0.138,0.102,0.036,0.000,0.000,0.000
10.9003460,77.0519900,13.82,0.146,0.111,0.035,0.000,0.000,0.000
10.9003470,77.0519900,13.53,0.119,0.118,0.001,0.000,0.000,0.000
10.9003460,77.0519920,13.03,0.126,0.123,0.002,0.000,0.000,0.000
10.9003460,77.0519920,12.23,0.108,0.124,-0.015,0.000,0.000,0.000
10.9003460,77.0520000,11.70,0.082,0.121,-0.039,0.000,0.000,0.000
10.9003460,77.0520000,11.29,0.043,0.115,-0.072,0.000,0.000,0.000
10.9003450,77.0520100,10.90,0.043,0.108,-0.065,0.000,0.000,0.000
10.9003460,77.0520100,10.18,0.042,0.100,-0.058,0.000,0.000,0.000
10.9003460,77.0520100,9.74,0.048,0.093,-0.045,0.000,0.000,0.000
10.9003460,77.0520200,9.49,0.077,0.087,-0.010,0.000,0.000,0.000
10.9003460,77.0520200,9.19,0.073,0.084,-0.011,0.000,0.000,0.000
10.9003460,77.0520200,8.74,0.080,0.082,-0.002,0.000,0.000,0.000
10.9003460,77.0520240,8.88,0.068,0.082,-0.014,0.000,0.000,0.000
10.9003460,77.0520240,8.17,0.059,0.083,-0.024,0.000,0.000,0.000
10.9003460,77.0520300,7.85,0.041,0.085,-0.044,0.000,0.000,0.000
10.9003470,77.0520300,7.79,0.049,0.089,-0.040,0.000,0.000,0.000
10.9003470,77.0520300,7.27,0.039,0.093,-0.053,0.000,0.000,0.000
10.9003480,77.0520400,6.89,0.050,0.095,-0.045,0.000,0.000,0.000
10.9003480,77.0520400,6.62,0.058,0.094,-0.036,0.000,0.000,0.000
10.9003490,77.0520400,5.75,0.065,0.093,-0.028,0.000,0.000,0.000
10.9003500,77.0520400,4.59,0.073,0.089,-0.016,0.000,0.000,0.000
10.9003500,77.0520400,4.44,0.084,0.083,0.001,0.000,0.000,0.000
10.9003510,77.0520400,3.82,0.090,0.079,0.011,0.000,0.000,0.000
10.9003510,77.0520400,3.85,0.100,0.077,0.023,0.000,0.000,0.000
10.9003510,77.0520500,3.93,0.089,0.075,0.014,0.000,0.000,0.000
10.9003520,77.0520500,3.11,0.072,0.072,0.001,0.000,0.000,0.000
10.9003520,77.0520500,2.10,0.047,0.069,-0.022,0.000,0.000,0.000
10.9003528,77.0520500,1.17,0.013,0.063,-0.050,0.000,0.000,0.000
10.9003520,77.0520500,0.44,0.000,0.056,-0.056,0.013,0.000,0.013
10.9003528,77.0520500,0.46,0.000,0.050,-0.050,0.019,0.000,0.019
10.9003528,77.0520500,0.72,0.000,0.042,-0.042,0.028,0.000,0.028
10.9003528,77.0520500,0.33,0.000,0.034,-0.034,0.033,0.000,0.033
10.9003528,77.0520500,0.46,0.000,0.025,-0.025,0.035,0.000,0.035
10.9003530,77.0520500,0.55,0.000,0.017,-0.017,0.035,0.000,0.035
10.9003530,77.0520500,0.34,0.000,0.010,-0.010,0.039,0.000,0.039
10.9003530,77.0520500,0.59,0.000,0.005,-0.005,0.043,0.000,0.043
10.9003530,77.0520500,0.40,0.000,0.000,-0.000,0.049,0.000,0.049
10.9003540,77.0520500,0.44,0.000,0.000,0.000,0.056,0.003,0.053
10.9003540,77.0520500,0.40,0.000,0.000,0.000,0.063,0.007,0.057
10.9003540,77.0520500,0.29,0.000,0.000,0.000,0.066,0.011,0.055
10.9003540,77.0520500,0.23,0.000,0.000,0.000,0.085,0.013,0.073
10.9003540,77.0520500,0.27,0.000,0.000,0.000,0.098,0.014,0.084
10.9003540,77.0520500,0.39,0.000,0.000,0.000,0.081,0.015,0.065
10.9003550,77.0520500,0.75,0.000,0.000,0.000,0.071,0.016,0.056
10.9003550,77.0520500,1.53,0.000,0.000,0.000,0.065,0.015,0.051
10.9003550,77.0520500,1.09,0.000,0.000,0.000,0.039,0.013,0.026
10.9003560,77.0520500,0.74,0.000,0.000,0.000,0.013,0.011,0.002
10.9003560,77.0520500,1.24,0.000,0.000,0.000,0.026,0.009,0.017
10.9003560,77.0520500,1.15,0.000,0.000,0.000,0.038,0.007,0.031
10.9003560,77.0520500,0.90,0.000,0.000,0.000,0.044,0.006,0.038
10.9003570,77.0520500,1.04,0.000,0.000,0.000,0.061,0.007,0.054
10.9003570,77.0520500,0.89,0.000,0.000,0.000,0.076,0.009,0.067
10.9003580,77.0520500,0.85,0.000,0.000,0.000,0.088,0.010,0.078
10.9003580,77.0520500,0.71,0.000,0.000,0.000,0.088,0.012,0.077
10.9003580,77.0520500,1.12,0.000,0.000,0.000,0.078,0.014,0.064
10.9003580,77.0520500,1.30,0.000,0.000,0.000,0.091,0.014,0.077
10.9003600,77.0520500,1.81,0.000,0.000,0.000,0.114,0.014,0.100
10.9003600,77.0520500,1.62,0.000,0.000,0.000,0.125,0.014,0.111
10.9003600,77.0520500,1.57,0.000,0.000,0.000,0.143,0.012,0.131
10.9003610,77.0520500,1.26,0.000,0.000,0.000,0.175,0.009,0.166
10.9003610,77.0520500,1.37,0.000,0.000,0.000,0.179,0.008,0.171
10.9003620,77.0520500,1.81,0.000,0.000,0.000,0.186,0.010,0.177
10.9003630,77.0520500,2.04,0.000,0.000,0.000,0.192,0.013,0.179
10.9003640,77.0520500,1.73,0.000,0.000,0.000,0.157,0.016,0.141
10.9003640,77.0520500,0.74,0.000,0.000,0.000,0.114,0.019,0.096
10.9003650,77.0520500,1.51,0.000,0.000,0.000,0.086,0.018,0.068
10.9003650,77.0520500,1.42,0.000,0.000,0.000,0.058,0.017,0.041
10.9003660,77.0520560,2.11,0.000,0.000,0.000,0.017,0.013,0.004
10.9003670,77.0520560,2.42,0.000,0.000,0.000,0.012,0.008,0.004
10.9003690,77.0520560,3.03,0.000,0.000,0.000,0.023,0.004,0.019
10.9003690,77.0520560,2.81,0.000,0.003,-0.003,0.017,0.000,0.017
10.9003700,77.0520560,2.48,0.000,0.012,-0.012,0.009,0.000,0.009
10.9003700,77.0520560,1.70,0.000,0.019,-0.019,0.022,0.000,0.022
10.9003700,77.0520560,1.94,0.000,0.024,-0.024,0.041,0.000,0.041
10.9003700,77.0520560,1.35,0.000,0.029,-0.029,0.040,0.000,0.040
10.9003710,77.0520560,1.02,0.000,0.028,-0.028,0.043,0.000,0.043
10.9003720,77.0520560,0.95,0.000,0.023,-0.023,0.036,0.000,0.036
10.9003720,77.0520560,1.57,0.000,0.018,-0.018,0.032,0.000,0.032
10.9003720,77.0520560,0.98,0.000,0.011,-0.011,0.021,0.000,0.021
10.9003730,77.0520560,2.13,0.000,0.001,-0.001,0.018,0.000,0.018
10.9003732,77.0520560,0.32,0.000,0.000,0.000,0.015,0.006,0.009
10.9003740,77.0520560,1.68,0.000,0.000,0.000,0.018,0.011,0.007
10.9003740,77.0520560,0.56,0.000,0.000,0.000,0.013,0.015,-0.002
10.9003740,77.0520560,0.86,0.000,0.000,0.000,0.009,0.017,-0.007
10.9003750,77.0520560,1.71,0.000,0.000,0.000,0.015,0.015,0.000
10.9003760,77.0520560,2.02,0.000,0.000,0.000,0.016,0.015,0.001
10.9003760,77.0520560,1.51,0.000,0.000,0.000,0.007,0.012,-0.005
10.9003770,77.0520560,2.34,0.000,0.000,0.000,0.019,0.008,0.011
10.9003770,77.0520560,2.48,0.000,0.000,0.000,0.032,0.001,0.031
10.9003750,77.0520560,1.09,0.000,0.004,-0.004,0.052,0.000,0.052
10.9003750,77.0520600,2.15,0.000,0.009,-0.009,0.066,0.000,0.066
10.9003740,77.0520600,2.66,0.000,0.013,-0.013,0.068,0.000,0.068
10.9003750,77.0520600,1.23,0.000,0.017,-0.017,0.067,0.000,0.067
10.9003750,77.0520600,0.54,0.000,0.017,-0.017,0.062,0.000,0.062
10.9003760,77.0520600,1.30,0.000,0.014,-0.014,0.045,0.000,0.045
10.9003770,77.0520600,1.27,0.000,0.013,-0.013,0.032,0.000,0.032
10.9003770,77.0520600,1.20,0.000,0.012,-0.012,0.042,0.000,0.042
10.9003770,77.0520600,0.88,0.000,0.007,-0.007,0.036,0.000,0.036
10.9003770,77.0520600,0.99,0.000,0.004,-0.004,0.017,0.000,0.017
10.9003780,77.0520600,2.11,0.008,0.002,0.006,0.000,0.000,0.000
10.9003770,77.0520600,1.22,0.000,0.000,-0.000,0.004,0.000,0.004
10.9003770,77.0520600,0.80,0.000,0.000,0.000,0.004,0.001,0.003
10.9003780,77.0520600,1.24,0.000,0.000,0.000,0.001,0.000,0.001
10.9003780,77.0520600,1.11,0.000,0.001,-0.001,0.015,0.000,0.015
10.9003770,77.0520600,1.25,0.000,0.001,-0.001,0.039,0.000,0.039
10.9003770,77.0520600,0.91,0.000,0.000,0.000,0.030,0.002,0.028
10.9003780,77.0520600,1.43,0.000,0.000,0.000,0.033,0.008,0.025
10.9003780,77.0520600,1.20,0.000,0.000,0.000,0.036,0.015,0.021
10.9003780,77.0520600,1.33,0.000,0.000,0.000,0.036,0.025,0.011
10.9003780,77.0520560,1.47,0.000,0.000,0.000,0.036,0.034,0.002
10.9003780,77.0520600,0.85,0.000,0.000,0.000,0.033,0.040,-0.007
10.9003770,77.0520600,0.72,0.000,0.000,0.000,0.031,0.041,-0.010
10.9003770,77.0520600,1.15,0.000,0.000,0.000,0.029,0.039,-0.010
10.9003760,77.0520560,2.59,0.000,0.000,0.000,0.036,0.035,0.002
10.9003770,77.0520560,3.34,0.000,0.000,0.000,0.040,0.029,0.011
10.9003770,77.0520560,3.64,0.000,0.000,0.000,0.045,0.020,0.024
10.9003770,77.0520560,3.18,0.000,0.000,0.000,0.021,0.010,0.010
10.9003770,77.0520560,2.76,0.000,0.001,-0.001,0.013,0.000,0.013
10.9003740,77.0520500,3.51,0.017,0.011,0.006,0.000,0.000,0.000
10.9003740,77.0520500,2.59,0.021,0.021,0.000,0.000,0.000,0.000
10.9003740,77.0520500,1.49,0.009,0.026,-0.016,0.000,0.000,0.000
10.9003750,77.0520500,1.47,0.000,0.026,-0.026,0.025,0.000,0.025
10.9003750,77.0520500,1.68,0.000,0.023,-0.023,0.040,0.000,0.040
10.9003760,77.0520500,1.49,0.000,0.015,-0.015,0.068,0.000,0.068
10.9003770,77.0520500,1.63,0.000,0.008,-0.008,0.078,0.000,0.078
10.9003770,77.0520500,1.58,0.000,0.002,-0.002,0.057,0.000,0.057
10.9003770,77.0520500,1.67,0.000,0.000,0.000,0.057,0.002,0.055
10.9003780,77.0520500,1.89,0.000,0.000,0.000,0.052,0.004,0.047
10.9003790,77.0520500,2.01,0.000,0.001,-0.001,0.051,0.000,0.051
10.9003800,77.0520500,2.08,0.000,0.008,-0.008,0.046,0.000,0.046
10.9003810,77.0520500,2.27,0.000,0.015,-0.015,0.051,0.000,0.051
10.9003810,77.0520500,1.85,0.000,0.022,-0.022,0.046,0.000,0.046
10.9003810,77.0520500,1.64,0.000,0.026,-0.026,0.049,0.000,0.049
10.9003810,77.0520500,1.57,0.000,0.028,-0.028,0.050,0.000,0.050
10.9003810,77.0520500,1.18,0.000,0.027,-0.027,0.047,0.000,0.047
10.9003810,77.0520500,0.93,0.000,0.023,-0.023,0.044,0.000,0.044
10.9003800,77.0520500,0.47,0.000,0.018,-0.018,0.041,0.000,0.041
10.9003810,77.0520500,0.55,0.000,0.012,-0.012,0.049,0.000,0.049
10.9003810,77.0520500,0.46,0.000,0.002,-0.002,0.044,0.000,0.044
10.9003810,77.0520500,0.73,0.000,0.000,0.000,0.049,0.009,0.040
10.9003820,77.0520500,1.21,0.000,0.000,0.000,0.047,0.019,0.027
10.9003820,77.0520500,1.02,0.000,0.000,0.000,0.048,0.027,0.021
10.9003830,77.0520500,1.00,0.000,0.000,0.000,0.044,0.030,0.013
10.9003830,77.0520500,0.91,0.000,0.000,0.000,0.054,0.028,0.026
10.9003830,77.0520500,1.19,0.000,0.000,0.000,0.053,0.021,0.032
10.9003830,77.0520500,1.58,0.000,0.000,0.000,0.051,0.013,0.038
10.9003820,77.0520500,3.03,0.000,0.000,0.000,0.048,0.003,0.045
10.9003820,77.0520500,2.91,0.000,0.006,-0.006,0.043,0.000,0.043
10.9003820,77.0520500,2.27,0.000,0.014,-0.014,0.031,0.000,0.031
10.9003820,77.0520500,1.49,0.000,0.021,-0.021,0.028,0.000,0.028
10.9003810,77.0520500,1.39,0.000,0.027,-0.027,0.036,0.000,0.036
10.9003810,77.0520500,0.83,0.000,0.031,-0.031,0.028,0.000,0.028
10.9003810,77.0520500,0.75,0.000,0.032,-0.032,0.028,0.000,0.028
10.9003810,77.0520500,0.66,0.000,0.029,-0.029,0.027,0.000,0.027
10.9003810,77.0520500,0.19,0.000,0.023,-0.023,0.035,0.000,0.035
10.9003810,77.0520500,0.61,0.000,0.015,-0.015,0.037,0.000,0.037
10.9003810,77.0520500,0.91,0.000,0.008,-0.008,0.049,0.000,0.049
10.9003810,77.0520560,0.58,0.000,0.002,-0.002,0.032,0.000,0.032
10.9003810,77.0520560,0.56,0.000,0.000,0.000,0.053,0.002,0.051
10.9003810,77.0520560,0.79,0.000,0.000,0.000,0.050,0.004,0.047
10.9003810,77.0520500,0.79,0.000,0.000,0.000,0.046,0.004,0.041
10.9003820,77.0520500,0.67,0.000,0.000,0.000,0.045,0.004,0.040
10.9003820,77.0520500,1.08,0.000,0.000,0.000,0.062,0.004,0.057
10.9003820,77.0520500,0.72,0.000,0.000,0.000,0.046,0.004,0.043
10.9003820,77.0520500,0.76,0.000,0.000,0.000,0.038,0.002,0.036
10.9003820,77.0520500,0.53,0.000,0.000,0.000,0.041,0.001,0.040
10.9003820,77.0520500,0.84,0.000,0.001,-0.001,0.036,0.000,0.036
10.9003830,77.0520500,1.11,0.000,0.003,-0.003,0.038,0.000,0.038
10.9003830,77.0520500,0.96,0.000,0.004,-0.004,0.038,0.000,0.038
10.9003830,77.0520500,0.89,0.000,0.006,-0.006,0.041,0.000,0.041
10.9003830,77.0520500,0.58,0.000,0.008,-0.008,0.038,0.000,0.038
10.9003820,77.0520500,0.69,0.000,0.010,-0.010,0.041,0.000,0.041
10.9003820,77.0520500,0.74,0.000,0.010,-0.010,0.036,0.000,0.036
10.9003820,77.0520500,0.86,0.000,0.011,-0.011,0.036,0.000,0.036
10.9003810,77.0520560,0.36,0.000,0.011,-0.011,0.037,0.000,0.037
10.9003810,77.0520560,0.16,0.000,0.011,-0.011,0.037,0.000,0.037
10.9003800,77.0520560,0.19,0.000,0.009,-0.009,0.036,0.000,0.036
10.9003800,77.0520560,0.39,0.000,0.006,-0.006,0.039,0.000,0.039
10.9003790,77.0520560,0.74,0.000,0.000,0.000,0.037,0.000,0.036
10.9003790,77.0520560,0.39,0.000,0.000,0.000,0.037,0.009,0.028
10.9003790,77.0520560,0.06,0.000,0.000,0.000,0.037,0.019,0.019
10.9003790,77.0520560,0.23,0.000,0.000,0.000,0.039,0.027,0.012
10.9003790,77.0520560,0.16,0.000,0.000,0.000,0.042,0.035,0.007
10.9003780,77.0520560,0.22,0.000,0.000,0.000,0.046,0.039,0.008
10.9003780,77.0520560,0.45,0.000,0.000,0.000,0.050,0.040,0.010
10.9003770,77.0520560,1.11,0.000,0.000,0.000,0.052,0.042,0.010
10.9003760,77.0520560,1.64,0.000,0.000,0.000,0.055,0.044,0.011
10.9003730,77.0520560,2.96,0.000,0.000,0.000,0.056,0.040,0.016
10.9003740,77.0520500,2.60,0.000,0.000,0.000,0.056,0.035,0.020
10.9003730,77.0520500,2.14,0.000,0.000,0.000,0.053,0.031,0.022
10.9003740,77.0520500,1.58,0.000,0.000,0.000,0.054,0.024,0.030
10.9003750,77.0520500,0.60,0.000,0.000,0.000,0.052,0.018,0.034
10.9003732,77.0520500,2.31,0.000,0.000,0.000,0.051,0.016,0.035
10.9003700,77.0520500,4.47,0.000,0.000,0.000,0.050,0.015,0.035
10.9003580,77.0520300,3.51,0.000,0.000,0.000,0.051,0.015,0.036
10.9003590,77.0520300,2.99,0.000,0.000,0.000,0.051,0.015,0.036
