gps_time,lat,lon,alt,speed,acc_x,acc_y,acc_z,gyro_x,gyro_y,gyro_z,vbat
1773118883.55800,10.01056,76.36537,1.8,31.02,-0.0061,0.0785,1.0358,-0.12,0.12,3.66,0.41
1773118883.65200,10.01055,76.36536,1.8,31.55,0.1814,0.0378,1.0942,0.18,2.01,2.13,0.32
1773118884.75200,10.01055,76.36536,1.8,31.06,0.2389,0.0646,1.0052,-0.79,-0.61,2.26,0.32
1773118884.85200,10.01055,76.36535,1.8,30.77,0.0458,0.0876,1.1179,0.49,4.70,1.52,0.40
1773118884.95100,10.01054,76.36534,1.8,31.10,0.1658,0.0039,0.9797,-4.02,0.18,2.01,0.35
1773118884.04400,10.01054,76.36534,1.8,31.10,0.1934,0.0779,1.0404,-1.65,3.41,0.12,0.22
1773118884.15800,10.01054,76.36533,1.8,30.97,0.2101,0.0710,0.9426,1.16,1.22,-0.06,0.39
1773118884.25100,10.01054,76.36533,1.8,30.08,0.1235,0.0311,0.9883,-1.40,-0.49,-1.16,0.37
1773118884.35100,10.01053,76.36532,1.9,30.56,0.1213,-0.0564,0.8682,-5.98,-4.88,1.04,0.41
1773118884.45200,10.01053,76.36531,1.8,30.41,0.1006,-0.0155,1.0925,-4.15,3.48,0.12,0.33
1773118884.55300,10.01053,76.3653,1.8,30.74,0.0044,0.0275,0.9069,-2.74,3.11,0.73,0.38
1773118884.65900,10.01052,76.3653,1.9,29.99,0.3226,0.1064,0.9379,-1.71,2.13,0.49,0.36
1773118885.75200,10.01052,76.36529,1.8,29.92,0.2737,0.1355,0.8933,0.79,-1.40,0.79,0.46
1773118885.85200,10.01052,76.36528,1.9,29.85,0.0658,0.0414,1.0614,-3.72,-3.05,0.30,0.37
1773118885.95200,10.01052,76.36527,1.9,30.23,0.3593,0.0315,0.8145,-1.89,-4.70,-0.37,0.34
1773118885.04500,10.01052,76.36527,1.9,30.23,0.0491,0.0588,0.9526,-5.37,-0.67,-2.07,0.47
1773118885.15200,10.01051,76.36526,1.9,29.41,-0.0134,0.0389,1.0754,1.59,1.46,-3.11,0.36
1773118885.25100,10.01051,76.36525,1.9,28.99,0.0774,0.0728,1.0490,3.84,0.43,-3.78,0.37
1773118885.35200,10.0105,76.36524,1.9,29.15,0.1595,0.0341,0.9785,-1.46,-0.18,-2.93,0.38
1773118885.45200,10.0105,76.36524,1.9,29.01,0.1129,0.0145,0.9379,1.40,1.46,-1.65,0.30
1773118885.55300,10.0105,76.36523,1.9,28.73,0.2318,0.0524,0.8174,4.02,-0.73,-1.71,0.33
1773118885.65100,10.0105,76.36523,2.0,28.61,0.1683,0.0099,0.9115,0.30,-0.37,-1.65,0.35
1773118886.75100,10.01049,76.36522,2.0,28.58,0.3184,0.0529,1.0831,4.94,6.28,-2.80,0.40
1773118886.85200,10.01049,76.36521,2.0,28.21,0.3829,0.0487,1.0908,7.07,4.15,-1.28,0.46
1773118886.95200,10.01049,76.3652,2.0,28.03,0.4292,0.0259,0.9703,3.23,-3.72,-0.43,0.36
1773118886.04500,10.01049,76.3652,2.0,28.03,0.1656,0.1110,1.0549,11.28,-3.11,1.04,0.37
1773118886.15200,10.01049,76.3652,2.0,27.99,0.1514,-0.0245,0.9988,-0.67,-1.28,2.56,0.40
1773118886.25100,10.01048,76.36519,2.0,27.52,0.1602,0.0530,0.8988,5.12,5.18,2.80,0.34
1773118886.35200,10.01048,76.36518,2.0,28.07,0.1326,0.0125,1.1976,-1.10,1.83,2.56,0.36
1773118886.45100,10.01048,76.36517,2.0,26.81,0.3743,0.0592,1.1444,-2.38,0.61,3.23,0.30
1773118886.55200,10.01047,76.36517,2.1,26.82,0.3557,-0.0939,0.9098,-10.98,-0.06,2.74,0.40
1773118886.65100,10.01047,76.36516,2.1,26.16,0.3656,0.0808,1.1201,0.30,-2.13,3.17,0.33
1773118887.75100,10.01047,76.36515,2.0,25.62,0.2401,-0.0513,1.2000,-8.41,-1.77,2.20,0.36
1773118887.85100,10.01047,76.36515,2.0,25.22,0.3722,-0.0033,1.0579,-4.76,0.30,0.55,0.34
1773118887.95100,10.01046,76.36514,2.1,25.16,0.4373,0.1361,1.0294,2.99,-1.65,-1.34,0.42
1773118887.04500,10.01046,76.36514,2.1,25.16,0.1681,0.0377,1.1310,-0.43,-0.43,-2.26,0.38
1773118887.15200,10.01046,76.36514,2.1,24.39,0.1581,0.0771,1.1552,2.80,0.06,-2.50,0.33
1773118887.25200,10.01046,76.36513,2.1,23.87,0.3224,0.0024,0.7670,-4.33,-3.78,-2.68,0.41
1773118887.35200,10.01046,76.36512,2.1,23.86,0.1899,0.0901,1.1519,0.49,-0.85,-1.10,0.40
1773118887.45200,10.01045,76.36511,2.1,23.49,0.2511,0.0065,0.9161,-4.27,0.06,-1.46,0.34
1773118887.55200,10.01045,76.3651,2.1,23.05,0.4030,0.1409,1.0973,3.48,-0.30,-1.83,0.42
1773118887.65100,10.01045,76.3651,2.1,22.81,0.1006,0.1500,1.0037,5.00,-1.04,-2.56,0.41
1773118888.75100,10.01045,76.3651,2.2,22.72,0.1937,0.0186,0.9353,2.56,-3.78,-3.17,0.39
1773118888.85200,10.01045,76.36509,2.1,22.53,0.2668,-0.0483,1.0507,-2.26,-1.77,-4.39,0.34
1773118888.95900,10.01044,76.36509,2.2,22.03,0.4948,-0.0187,0.8868,1.77,-3.78,-3.23,0.34
1773118888.04500,10.01044,76.36509,2.2,22.03,0.2211,-0.0095,0.8896,0.61,-0.73,-3.05,0.37
1773118888.15200,10.01044,76.36508,2.2,21.34,0.1820,-0.0035,1.0465,-0.12,5.30,-1.04,0.33
1773118888.25200,10.01044,76.36507,2.2,20.54,0.1796,0.1599,1.0232,2.38,0.12,0.67,0.37
1773118888.35100,10.01044,76.36507,2.2,21.12,0.1896,0.0221,1.0388,-0.43,-2.01,0.79,0.39
1773118888.45100,10.01044,76.36506,2.2,20.59,0.2139,-0.0707,0.8544,-3.72,-3.72,1.28,0.38
1773118888.55200,10.01043,76.36506,2.2,20.63,0.0115,-0.0460,0.9127,-3.78,-0.85,0.91,0.39
1773118888.65200,10.01043,76.36505,2.2,20.00,0.0952,0.0521,0.9727,-4.57,1.71,0.00,0.35
1773118889.75200,10.01043,76.36504,2.3,20.22,0.1484,-0.0297,0.9075,-3.60,2.99,-1.95,0.37
1773118889.85100,10.01043,76.36504,2.3,19.96,0.0354,0.0435,0.8092,-5.49,1.59,-2.50,0.43
1773118889.95100,10.01043,76.36504,2.3,19.41,0.0376,-0.0013,1.0878,-7.56,5.24,-2.68,0.39
1773118889.04500,10.01043,76.36504,2.3,19.41,0.0789,0.0562,1.0441,-1.28,4.63,-3.11,0.34
1773118889.15200,10.01043,76.36504,2.3,19.57,0.0835,0.1256,0.8805,-0.37,3.05,-5.30,0.30
1773118889.25100,10.01042,76.36502,2.3,18.92,0.1903,0.0258,0.8691,1.28,2.74,-4.45,0.31
1773118889.35100,10.01042,76.36502,2.2,18.46,0.3152,0.1033,1.1858,7.68,3.60,-7.62,0.33
1773118889.45100,10.01042,76.36501,2.1,18.28,0.0411,0.0568,0.9313,4.02,2.62,-5.49,0.46
1773118889.55200,10.01042,76.36501,2.1,18.28,0.2444,0.1310,0.8503,9.70,3.23,-6.46,0.43
1773118889.64500,10.01042,76.36501,2.1,18.28,0.1458,0.0239,1.0052,10.24,-1.04,-3.72,0.34
1773118890.75200,10.01042,76.36501,2.1,18.41,0.1581,0.0369,0.7860,8.11,5.85,-0.98,0.35
1773118890.85200,10.01041,76.365,2.0,17.86,0.2013,-0.0054,1.0890,8.48,2.44,1.95,0.35
1773118890.95200,10.01041,76.36499,2.0,17.86,0.1030,0.1306,1.0216,12.68,5.85,4.33,0.40
1773118890.04500,10.01041,76.36499,2.0,17.86,0.5282,0.0096,0.8796,5.49,-7.26,6.22,0.28
1773118890.15200,10.01041,76.36499,2.0,17.64,0.1869,0.0609,0.9191,6.59,-2.07,7.38,0.32
1773118890.25100,10.01041,76.36498,2.0,18.70,0.2408,0.0524,1.0500,1.95,-1.16,12.38,0.35
1773118890.35100,10.01041,76.36497,2.1,18.32,0.1451,0.1082,0.9912,3.29,-2.07,13.54,0.37
1773118890.45100,10.0104,76.36497,2.0,18.81,0.1956,-0.0812,0.9478,-7.32,-3.23,11.46,0.35
1773118890.55200,10.0104,76.36497,2.0,19.31,0.0919,0.0044,0.8152,-4.02,-1.52,10.43,0.37
1773118890.65200,10.0104,76.36496,2.0,19.75,0.0646,0.0006,0.9165,-9.45,1.04,9.76,0.39
1773118891.75300,10.0104,76.36496,2.0,19.72,0.0555,0.0375,1.0853,-8.54,-0.85,8.96,0.37
1773118891.85300,10.0104,76.36495,2.0,19.98,0.1295,-0.0049,0.7531,-6.89,-2.74,5.49,0.38
1773118891.95300,10.01039,76.36495,2.0,20.63,0.0983,-0.0122,0.9709,-8.23,3.17,2.44,0.37
1773118891.04600,10.01039,76.36495,2.0,20.63,0.0356,0.1169,1.0638,-5.00,0.18,1.89,0.45
1773118891.15300,10.01039,76.36494,2.0,20.85,0.1361,0.0806,1.1318,-3.23,0.79,-1.40,0.30
1773118891.26000,10.01039,76.36494,2.1,20.73,0.0358,0.0580,1.0681,-8.35,-1.46,-3.23,0.38
1773118891.35300,10.01039,76.36493,2.0,20.82,0.0918,0.1718,1.0865,4.45,0.67,-5.91,0.35
1773118891.45300,10.01038,76.36492,1.9,21.45,0.0068,-0.0425,0.9420,-0.85,-0.12,-6.34,0.37
1773118891.55300,10.01038,76.36492,2.1,21.67,0.0593,0.1289,1.0461,-4.09,4.70,-5.24,0.39
1773118891.65300,10.01038,76.36491,2.2,21.98,0.0051,0.0531,0.8782,-0.49,-0.55,-2.74,0.37
1773118892.75300,10.01038,76.36491,2.1,21.94,-0.1422,0.0043,1.1301,-1.46,0.91,-3.35,0.31
1773118892.85300,10.01038,76.36491,2.2,23.35,0.0928,0.0614,1.0018,2.44,0.67,-4.02,0.29
1773118892.95200,10.01037,76.3649,2.2,23.22,-0.1771,0.1470,0.9775,8.78,3.72,-4.94,0.38
1773118892.04600,10.01037,76.3649,2.2,23.22,0.0447,0.0143,1.2461,1.77,6.40,-4.94,0.48
1773118892.15300,10.01037,76.36489,2.3,23.80,0.2625,-0.0126,0.9344,5.67,2.20,-3.90,0.39
1773118892.25200,10.01037,76.36488,2.3,24.74,0.0186,-0.1569,0.9491,-3.90,-1.40,-3.78,0.32
1773118892.35200,10.01036,76.36488,2.3,25.30,0.0295,0.0068,1.2806,6.40,3.11,-2.99,0.32
1773118892.45300,10.01036,76.36487,2.3,25.64,0.1154,0.0244,1.0835,3.72,-0.73,0.00,0.32
1773118892.55300,10.01036,76.36486,2.3,26.32,0.0264,-0.0048,0.9943,3.66,-0.37,2.01,0.37
1773118892.65300,10.01036,76.36485,2.3,26.67,0.1034,-0.0225,0.7927,-2.20,-5.00,2.50,0.35
1773118893.75400,10.01035,76.36485,2.3,26.86,-0.0383,0.1313,1.0568,6.65,1.04,2.62,0.30
1773118893.85400,10.01035,76.36485,2.3,27.19,-0.0607,0.0027,0.7317,-2.07,1.52,3.60,0.33
1773118893.95400,10.01035,76.36484,2.4,27.75,0.0764,0.1035,1.3097,-2.20,3.66,3.17,0.31
1773118893.04700,10.01035,76.36484,2.4,27.75,0.1320,0.0770,1.3260,-1.46,4.45,2.74,0.36
1773118893.15300,10.01035,76.36483,2.3,28.09,0.3220,-0.0243,0.8273,-8.96,-9.27,2.20,0.39
1773118893.25300,10.01034,76.36481,2.4,28.65,0.1096,-0.0043,1.1763,-8.78,-0.73,1.16,0.36
1773118893.35400,10.01034,76.36481,2.3,29.20,0.1848,0.0770,0.8833,-2.56,1.10,-0.18,0.38
1773118893.45400,10.01034,76.3648,2.3,28.74,0.3999,-0.0391,0.9270,-8.96,-1.22,-3.66,0.40
1773118893.55500,10.01033,76.3648,2.3,28.80,0.3381,0.0895,0.9369,1.10,-5.61,-3.41,0.35
1773118893.65300,10.01033,76.36479,2.4,27.71,0.2295,0.0057,1.0208,0.73,-1.65,-4.02,0.33
1773118894.75300,10.01033,76.36478,2.4,28.07,0.2799,-0.0363,0.7837,3.41,-1.46,-4.21,0.38
1773118894.85300,10.01033,76.36478,2.4,27.26,0.2301,0.0480,0.8934,1.34,-2.07,-4.51,0.34
1773118894.95300,10.01032,76.36477,2.4,26.85,0.1531,0.0546,0.7963,4.09,0.06,-3.23,0.32
1773118894.04700,10.01032,76.36477,2.4,26.85,0.3190,0.0919,0.8494,8.48,2.13,-2.38,0.43
1773118894.15300,10.01032,76.36476,2.4,26.12,0.4281,0.0062,0.8544,7.74,1.95,-0.37,0.32
1773118894.25300,10.01032,76.36475,2.4,25.12,0.5172,0.1321,0.8304,0.98,-0.06,0.91,0.39
1773118894.35300,10.01032,76.36475,2.4,25.05,0.1012,0.0986,1.1544,6.10,2.93,1.59,0.44
1773118894.45300,10.01031,76.36474,2.5,24.24,0.0774,0.0769,1.0784,3.29,3.48,1.22,0.35
1773118894.55500,10.01031,76.36473,2.4,23.82,0.2136,0.0674,1.0092,-1.28,-0.55,1.10,0.37
1773118894.65400,10.01031,76.36473,2.5,23.44,0.3923,0.0208,0.8872,4.45,3.54,1.04,0.33
1773118895.76100,10.01031,76.36472,2.5,23.00,0.4008,-0.0337,1.0182,-4.27,1.71,1.65,0.36
1773118895.85400,10.01031,76.36472,2.5,22.60,0.3153,0.0448,1.1475,1.65,-3.29,1.34,0.38
1773118895.95300,10.0103,76.36472,2.5,22.20,0.0463,0.0106,0.8588,-0.24,1.16,2.68,0.39
1773118895.04600,10.0103,76.36472,2.5,22.20,0.1144,0.0167,1.0076,-4.21,5.79,2.87,0.33
1773118895.15300,10.0103,76.36471,2.5,22.11,0.3542,0.1643,1.0566,1.65,3.48,3.96,0.43
1773118895.25300,10.0103,76.3647,2.4,21.09,0.3064,0.0790,1.0713,-0.24,4.70,3.29,0.47
1773118895.35300,10.0103,76.36469,2.4,21.01,0.2206,0.0361,0.9454,-2.26,3.48,2.68,0.38
1773118895.45300,10.01029,76.36469,2.4,20.83,0.1754,0.0933,1.0492,-0.43,3.72,2.13,0.41
1773118895.55500,10.01029,76.36469,2.4,20.54,0.2156,-0.0049,0.9004,-7.56,1.10,0.73,0.35
1773118895.65300,10.01029,76.36468,2.5,20.01,-0.0632,-0.0121,0.9355,-7.20,2.50,-0.91,0.41
1773118896.75400,10.01029,76.36467,2.5,20.01,0.1971,0.0626,1.0681,-3.84,-1.46,-2.68,0.30
1773118896.85400,10.01029,76.36467,2.5,19.91,0.0880,-0.0469,0.9781,-8.60,-1.83,-4.21,0.35
1773118896.95400,10.01028,76.36466,2.5,19.72,0.3562,0.0505,0.9628,-0.91,-1.95,-6.71,0.33
1773118896.04700,10.01028,76.36466,2.5,19.72,0.2775,0.0013,0.9597,0.06,-3.54,-7.07,0.37
1773118896.34800,10.01028,76.36465,2.4,20.13,0.0326,-0.0286,1.0728,3.41,3.23,-2.62,0.32
1773118896.59300,10.01027,76.36463,2.4,20.44,0.0593,0.1351,1.0953,1.46,0.43,2.50,0.29
1773118896.68700,10.01027,76.36463,2.4,20.91,0.0957,0.0793,0.8408,6.83,2.80,2.07,0.43
1773118897.78700,10.01027,76.36462,2.4,21.22,0.0892,-0.0399,1.0890,-3.29,-0.12,1.34,0.35
1773118897.88800,10.01027,76.36462,2.3,21.48,0.1338,0.0665,1.0359,1.04,1.71,0.06,0.40
1773118897.98600,10.01027,76.36462,2.2,21.71,-0.0479,0.0280,1.0375,-0.91,0.73,1.83,0.44
1773118897.08600,10.01026,76.36461,2.3,22.03,0.2875,-0.0573,1.0375,-8.11,0.85,1.28,0.34
1773118897.17900,10.01026,76.36461,2.3,22.03,0.0695,0.0333,1.1830,-3.72,5.30,2.20,0.43
1773118897.28700,10.01026,76.3646,2.3,23.29,-0.1643,-0.0083,1.2058,-8.54,4.27,1.22,0.36
1773118897.38000,10.01026,76.3646,2.3,23.29,-0.0323,0.0986,1.0831,-1.95,0.79,-1.89,0.44
1773118897.48700,10.01026,76.36459,2.3,22.10,0.2303,0.1190,1.1599,1.52,-1.04,-1.83,0.43
1773118897.58700,10.01026,76.36458,2.3,23.50,0.0853,0.0502,0.8761,0.67,-4.27,-1.52,0.36
1773118897.68600,10.01025,76.36458,2.2,23.29,0.1207,0.1631,0.9580,-8.78,4.70,-2.01,0.39
1773118898.78600,10.01025,76.36457,2.3,23.97,0.0959,0.1208,0.9908,-3.96,0.67,-0.43,0.37
1773118898.88700,10.01025,76.36456,2.3,23.66,0.8154,0.0471,1.3533,0.73,1.28,-0.85,0.40
1773118898.98600,10.01025,76.36456,2.3,24.27,0.4830,-0.0038,0.9352,-5.30,-5.24,-0.73,0.32
1773118898.08000,10.01025,76.36456,2.3,24.27,-0.4645,-0.1173,1.2765,-14.70,-1.89,0.73,0.40
1773118898.18000,10.01025,76.36456,2.3,24.27,-0.3163,-0.0488,1.0554,-9.09,-0.61,-0.91,0.35
1773118898.29400,10.01024,76.36455,2.3,23.95,-0.0463,0.0631,0.8538,-1.28,2.01,-2.99,0.41
1773118898.38700,10.01024,76.36453,2.3,24.58,0.0347,-0.0210,1.1438,-4.45,3.35,-2.44,0.45
1773118898.48100,10.01024,76.36453,2.3,24.58,0.1748,0.0891,0.7086,-0.61,-3.17,-3.41,0.34
1773118898.58800,10.01024,76.36452,2.3,25.14,-0.0605,0.1086,1.2123,3.66,1.95,-0.12,0.33
1773118898.68800,10.01023,76.36452,2.2,25.05,-0.0333,0.0790,1.1578,1.83,2.62,-0.12,0.33
1773118899.78800,10.01023,76.36451,2.2,25.33,-0.0570,0.0787,1.1830,0.00,1.71,-0.67,0.33
1773118899.88800,10.01023,76.3645,2.3,25.60,0.0322,0.2017,1.2394,6.34,1.95,-0.30,0.38
1773118899.98800,10.01023,76.3645,2.3,25.84,0.0280,-0.0198,1.1106,-6.04,1.34,-0.85,0.38
1773118899.08800,10.01023,76.36449,2.3,26.02,0.0918,0.1436,0.9442,3.17,1.59,-1.16,0.34
1773118899.18000,10.01023,76.36449,2.3,26.02,0.1246,0.1091,1.0162,6.52,-0.43,-1.28,0.38
1773118899.28700,10.01022,76.36448,2.3,26.17,0.1631,0.0188,1.2367,1.28,1.34,-1.04,0.34
1773118899.38700,10.01022,76.36447,2.3,26.81,0.1766,0.0981,0.9276,3.05,-1.71,-0.85,0.27
1773118899.48100,10.01022,76.36447,2.3,26.81,0.1187,0.0360,0.8307,0.55,-2.56,-1.46,0.31
1773118899.58800,10.01021,76.36446,2.3,26.83,-0.0563,0.0907,1.0253,1.34,-5.24,-0.30,0.46
1773118899.68900,10.01021,76.36446,2.3,26.79,0.1113,0.0513,0.8463,3.54,-5.30,-1.04,0.32
1773118900.78900,10.01021,76.36445,2.3,26.79,0.5917,-0.1619,0.8370,-6.04,-6.95,0.43,0.39
1773118900.89000,10.01021,76.36444,2.3,26.66,0.3591,-0.0133,0.8954,-2.32,-5.24,1.10,0.42
1773118900.98800,10.01021,76.36443,2.3,26.45,0.3372,0.1167,0.8529,-4.33,-0.61,3.35,0.32
1773118900.08800,10.0102,76.36443,2.3,25.69,0.2297,0.0272,0.7207,0.55,-2.80,5.37,0.30
1773118900.18200,10.0102,76.36443,2.3,25.69,0.3093,0.1622,0.9327,1.46,0.24,3.54,0.36
1773118900.28900,10.0102,76.36442,2.3,24.83,0.1552,-0.0570,0.8817,-7.32,2.62,2.56,0.35
1773118900.38200,10.0102,76.36442,2.3,24.83,-0.0072,0.0886,0.9506,-1.40,-1.28,1.77,0.24
1773118900.48900,10.0102,76.36441,2.3,25.10,0.1952,0.0018,0.8748,-0.55,0.61,-0.98,0.29
1773118900.58900,10.01019,76.3644,2.3,23.95,0.0793,-0.0737,0.9412,4.76,0.00,-2.01,0.42
1773118900.68900,10.01019,76.3644,2.4,23.85,0.2439,-0.0056,0.7859,3.41,0.00,-0.55,0.35
1773118901.78900,10.01019,76.36439,2.3,23.39,0.1045,-0.0049,0.9768,1.89,-4.94,-0.49,0.35
1773118901.88900,10.01019,76.36438,2.4,23.31,0.2821,-0.0198,0.8752,-4.51,-3.48,-1.16,0.34
1773118901.98900,10.01019,76.36438,2.4,22.87,0.4250,0.1061,0.7358,-0.73,-2.26,-0.30,0.34
1773118901.08200,10.01019,76.36438,2.4,22.87,0.3634,0.1492,1.0514,2.44,0.91,0.00,0.36
1773118901.18900,10.01019,76.36437,2.4,22.68,0.1396,0.0765,0.9196,-0.85,-3.41,-0.24,0.43
1773118901.28900,10.01018,76.36436,2.5,21.65,0.2375,-0.0397,1.0393,-8.84,-4.57,-1.16,0.38
1773118901.38200,10.01018,76.36436,2.5,21.65,0.2578,-0.0010,0.8419,-3.41,-5.00,-1.89,0.48
1773118901.48900,10.01018,76.36436,2.4,21.74,0.3279,0.0244,0.8529,2.44,0.43,-2.07,0.40
1773118901.58900,10.01018,76.36434,2.5,20.78,0.3201,0.0447,1.0637,-5.06,2.01,-3.84,0.36
1773118901.68900,10.01018,76.36434,2.5,20.63,0.4585,0.0289,1.2280,0.61,3.90,-5.49,0.29
1773118902.79600,10.01017,76.36433,2.5,20.24,0.0258,0.0359,1.0188,-1.46,9.82,-6.59,0.30
1773118902.89000,10.01017,76.36433,2.5,20.26,0.5543,-0.0322,1.1844,1.77,2.26,-4.63,0.38
1773118902.98900,10.01017,76.36433,2.5,19.70,0.3053,0.0740,0.9275,2.13,5.43,-4.33,0.47
1773118902.08300,10.01017,76.36433,2.5,19.70,0.3513,0.1675,1.1014,10.43,8.66,-2.62,0.54
1773118902.19100,10.01017,76.36432,2.5,19.69,0.5742,0.0388,1.2201,4.57,-0.12,-2.32,0.38
1773118902.29100,10.01017,76.36431,2.5,19.10,0.2250,0.1741,0.7412,1.65,4.88,-1.65,0.39
1773118902.38400,10.01017,76.36431,2.5,19.10,0.4591,0.0293,0.7373,1.28,2.13,0.49,0.40
1773118902.49100,10.01017,76.3643,2.5,18.88,0.5969,0.0046,0.4042,1.46,-31.34,1.59,0.41
1773118902.59100,10.01016,76.3643,2.5,18.30,0.8409,-0.0691,1.1001,0.43,-11.59,0.18,0.48
1773118902.68400,10.01016,76.3643,2.5,18.30,0.2861,0.1401,0.8750,7.62,5.43,-3.29,0.42
1773118903.79100,10.01016,76.36429,2.5,15.35,0.4562,0.0630,0.8873,1.34,6.52,0.85,0.37
1773118903.89100,10.01016,76.36429,2.5,14.13,0.6288,0.0643,0.9994,-0.30,0.12,3.05,0.39
1773118903.99100,10.01016,76.36428,2.5,13.76,0.5264,0.0701,0.9617,0.67,-4.39,3.23,0.37
1773118903.08300,10.01016,76.36428,2.5,13.76,0.4779,0.0861,1.0845,2.87,-2.38,2.87,0.36
1773118903.19000,10.01016,76.36428,2.6,13.10,0.4280,0.0847,0.8461,1.95,5.12,4.70,0.35
1773118903.29000,10.01016,76.36427,2.6,10.67,0.3668,0.0911,0.9143,1.10,4.94,10.24,0.39
1773118903.38300,10.01016,76.36427,2.6,10.67,0.2137,0.1177,1.1400,1.77,6.89,9.39,0.38
1773118903.49000,10.01015,76.36427,2.7,9.46,0.1902,0.0068,1.0406,-3.17,7.26,9.15,0.39
1773118903.59100,10.01015,76.36427,2.8,8.62,0.2974,0.0262,1.1121,-1.59,4.57,5.55,0.39
1773118903.69000,10.01015,76.36427,2.8,8.58,0.1530,0.0244,1.0056,-1.34,0.30,3.96,0.38
1773118904.79000,10.01015,76.36427,2.7,8.20,0.2402,0.0090,1.0284,-1.77,-1.10,5.73,0.30
1773118904.89100,10.01015,76.36427,2.8,7.84,0.2468,0.0533,0.9099,-0.73,2.20,4.70,0.39
1773118904.99100,10.01015,76.36426,2.9,8.40,0.1996,-0.0181,0.7781,-6.10,2.01,6.59,0.34
1773118904.09100,10.01015,76.36426,3.0,7.94,0.2698,-0.0421,0.9404,-7.50,-2.62,5.79,0.42
1773118904.18400,10.01015,76.36426,3.0,7.94,0.2192,0.0477,1.1682,-1.89,1.71,2.56,0.38
1773118904.29000,10.01015,76.36425,3.1,7.84,0.1539,0.0701,0.9321,-1.95,1.95,-2.01,0.37
1773118904.38400,10.01015,76.36425,3.1,7.84,0.1659,0.1003,1.0985,1.52,-2.13,-6.04,0.27
1773118904.49100,10.01015,76.36425,3.1,7.37,0.2231,0.0259,1.1051,-1.10,3.78,-8.23,0.40
1773118904.59100,10.01015,76.36425,3.1,7.34,0.2745,0.0205,0.8096,-1.46,2.50,-8.60,0.45
1773118904.69100,10.01015,76.36425,3.2,7.62,0.1830,0.0109,1.0555,-2.99,-0.43,-7.74,0.30
1773118905.79100,10.01014,76.36424,3.3,7.49,0.2943,0.0555,1.2115,-0.43,-1.59,-8.84,0.37
1773118905.89100,10.01014,76.36424,3.3,7.29,0.0173,0.0405,0.8318,0.37,0.73,-9.02,0.37
1773118905.99100,10.01014,76.36424,3.3,7.54,-0.0087,0.0774,0.8711,1.71,4.39,-8.90,0.31
1773118905.08400,10.01014,76.36424,3.3,7.54,-0.0059,0.0977,1.0930,4.02,1.95,-7.87,0.45
1773118905.19100,10.01014,76.36424,3.4,7.43,0.0634,0.1072,1.1981,1.83,1.46,-7.07,0.39
1773118905.29100,10.01014,76.36423,3.4,8.10,0.0690,0.0341,1.0985,1.34,-0.30,-4.33,0.41
1773118905.39100,10.01014,76.36423,3.4,8.10,-0.0139,0.0671,0.9141,3.66,2.26,-3.84,0.39
1773118905.48400,10.01014,76.36423,3.4,8.10,-0.1064,-0.0116,1.0166,-1.65,0.30,-2.50,0.40
1773118905.59100,10.01014,76.36423,3.5,8.76,0.1693,0.1112,0.9998,1.89,-2.38,-1.95,0.30
1773118905.68400,10.01014,76.36423,3.5,8.76,-0.0321,0.1208,0.9026,2.44,-0.61,-0.43,0.43
1773118906.79100,10.01014,76.36423,3.6,9.51,0.1930,0.1309,1.0894,6.59,-2.38,0.00,0.34
1773118906.89200,10.01014,76.36422,3.6,10.49,0.2944,-0.0013,0.9333,2.99,-7.32,1.40,0.39
1773118906.99000,10.01014,76.36422,3.6,9.56,0.4645,-0.0125,0.8477,-2.56,-6.16,3.23,0.40
1773118906.08400,10.01014,76.36422,3.6,9.56,0.3350,0.0426,0.9119,1.46,1.95,5.18,0.37
1773118906.19100,10.01014,76.36422,3.7,9.49,0.2676,-0.0045,1.0247,-2.32,5.12,7.68,0.41
1773118906.29100,10.01014,76.36421,3.7,7.14,0.2140,0.0762,0.9316,1.83,7.80,9.63,0.38
1773118906.38300,10.01014,76.36421,3.7,7.14,0.1334,0.0118,1.1035,2.01,5.55,6.95,0.35
1773118906.48300,10.01014,76.36421,3.7,7.14,-0.0018,0.0431,1.0459,-0.37,3.11,5.24,0.32
1773118906.59000,10.01013,76.36421,3.7,6.39,0.0864,-0.0664,0.8529,-4.94,2.62,4.27,0.32
1773118906.69100,10.01013,76.3642,3.8,6.08,0.0034,-0.0267,0.9309,-0.43,1.40,3.11,0.34
1773118907.79000,10.01013,76.3642,3.9,6.72,0.1512,-0.0106,0.9105,-4.21,-2.93,2.26,0.37
1773118907.89100,10.01013,76.3642,3.8,7.46,-0.1028,-0.0381,1.1641,-2.01,4.27,2.56,0.35
1773118907.99000,10.01013,76.3642,3.9,7.87,0.0496,0.0425,0.9758,-0.37,1.95,1.40,0.36
1773118907.09100,10.01013,76.3642,4.0,8.66,0.2592,0.1119,1.1097,1.95,-4.76,0.61,0.33
1773118907.18500,10.01013,76.3642,4.0,8.66,-0.0397,-0.0106,0.7490,-5.06,-2.32,1.04,0.43
1773118907.29100,10.01013,76.3642,4.0,9.67,0.1384,0.0457,0.9076,0.37,5.12,0.61,0.41
1773118907.39200,10.01013,76.36419,4.1,10.25,-0.0538,0.0544,0.9163,-4.15,0.91,-2.13,0.37
1773118907.49200,10.01013,76.36419,4.1,10.38,0.1725,0.0358,1.1783,-2.93,-5.98,-0.43,0.44
1773118907.58500,10.01013,76.36419,4.1,10.38,-0.1471,0.0756,1.0680,-3.41,1.22,-2.56,0.43
1773118907.69100,10.01013,76.36418,4.2,10.69,-0.0905,0.0594,0.9557,0.98,2.56,-2.74,0.33
1773118908.79200,10.01013,76.36418,4.2,11.00,0.0474,0.0580,0.8032,-2.80,-2.44,-3.48,0.30
1773118908.89200,10.01013,76.36417,4.4,11.33,-0.0338,0.0118,1.1888,-2.38,3.84,-5.49,0.39
1773118908.99100,10.01012,76.36417,4.3,12.22,0.0304,-0.0360,1.0095,-6.83,-4.27,-7.38,0.38
1773118908.09100,10.01012,76.36417,4.4,12.56,-0.1005,0.0574,1.1519,1.28,2.01,-6.83,0.33
1773118908.18500,10.01012,76.36417,4.4,12.56,0.0975,-0.0753,0.8726,6.34,1.77,-7.74,0.34
1773118908.29200,10.01012,76.36417,4.5,14.08,0.0537,0.0314,1.1604,7.32,0.73,-6.77,0.34
1773118908.39100,10.01012,76.36416,4.6,14.29,0.1913,0.0366,1.0020,7.26,2.01,-6.59,0.38
1773118908.49100,10.01012,76.36416,4.5,15.21,0.0957,0.1067,1.0916,10.61,0.73,-3.41,0.33
1773118908.59100,10.01012,76.36415,4.6,15.99,0.0385,0.0758,0.9572,7.07,-1.10,0.61,0.33
1773118908.69200,10.01012,76.36415,4.8,15.98,-0.0984,-0.0026,1.1091,5.12,1.10,5.43,0.43
1773118909.79200,10.01012,76.36414,4.7,16.39,0.1432,0.0302,0.9777,0.67,-2.38,7.68,0.28
1773118909.89300,10.01011,76.36414,4.7,16.84,0.0847,0.0591,1.0846,3.78,1.65,10.73,0.39
1773118909.99200,10.01011,76.36414,4.7,17.21,0.4689,0.1653,1.0165,4.02,-5.91,11.52,0.31
1773118909.08500,10.01011,76.36414,4.7,17.21,0.0493,0.0337,0.9868,-0.91,0.98,9.45,0.36
1773118909.19200,10.01011,76.36414,4.7,16.74,0.1337,0.1187,0.9639,-0.43,3.96,7.20,0.36
1773118909.29300,10.01011,76.36413,4.7,15.28,0.1980,0.0500,1.0793,-1.89,5.55,3.72,0.38
1773118909.38600,10.01011,76.36413,4.7,15.28,0.3759,0.0994,0.9819,-2.26,0.98,0.98,0.31
1773118909.49300,10.01011,76.36412,4.7,15.16,0.2125,0.0699,0.9204,-0.24,0.18,0.00,0.42
1773118909.58500,10.01011,76.36412,4.7,15.16,0.2576,0.0568,1.0657,-1.22,4.02,0.55,0.28
1773118909.69200,10.0101,76.36411,4.7,14.86,0.2100,0.0450,0.8905,1.28,0.06,1.46,0.40
1773118910.79300,10.0101,76.36411,4.7,14.42,0.2994,0.0785,1.0292,1.83,0.85,1.34,0.40
1773118910.89400,10.0101,76.36411,4.8,14.38,0.2019,0.0706,1.1426,1.16,-0.61,1.77,0.38
1773118910.99200,10.0101,76.3641,4.8,14.35,-0.0424,-0.0255,0.9030,-1.77,2.38,3.72,0.27
1773118910.08600,10.0101,76.3641,4.8,14.35,0.3286,0.0391,1.1282,-0.98,2.32,3.54,0.36
1773118910.19300,10.0101,76.3641,4.7,14.26,0.3354,0.0931,1.1039,3.29,5.79,3.17,0.41
1773118910.29300,10.0101,76.36409,4.8,14.39,0.9106,0.0817,1.3501,7.32,3.41,2.99,0.29
1773118910.39300,10.01009,76.36409,4.7,14.37,0.4617,0.0580,1.3425,0.73,5.30,2.38,0.44
1773118910.49300,10.01009,76.36408,4.7,14.19,0.2002,0.0398,1.0714,1.52,16.89,1.71,0.37
1773118910.58600,10.01009,76.36408,4.7,14.19,0.1964,0.1139,0.7335,2.44,19.15,0.61,0.32
1773118910.69300,10.01009,76.36407,4.9,13.89,0.1326,0.1377,0.6370,6.59,-5.91,2.20,0.35
1773118911.79300,10.01009,76.36407,4.9,13.57,0.3701,-0.0229,1.1234,3.48,-34.15,5.00,0.28
1773118911.89400,10.01009,76.36407,4.8,13.94,0.2981,0.1235,1.2043,4.63,-37.74,4.09,0.29
1773118911.99300,10.01009,76.36407,4.8,14.85,0.3676,0.0117,1.1255,1.46,-6.77,4.94,0.37
1773118911.08700,10.01009,76.36407,4.8,14.85,0.4537,-0.0085,0.5159,3.05,18.84,4.70,0.45
1773118911.19300,10.01008,76.36406,4.8,15.83,-0.1819,0.0588,1.0680,3.66,35.18,2.80,0.31
1773118911.29400,10.01008,76.36406,4.8,15.03,-0.3516,0.0221,1.8087,-4.21,28.11,4.39,0.35
1773118911.39300,10.01008,76.36405,4.8,15.68,-0.7378,-0.1638,1.0092,-10.61,0.67,6.10,0.34
1773118911.49300,10.01008,76.36405,4.9,17.56,0.2241,0.0540,0.9409,-2.74,-12.32,6.16,0.38
1773118911.58700,10.01008,76.36405,4.9,17.56,-0.2863,0.0955,0.8715,-3.29,-5.67,5.67,0.42
1773118911.69400,10.01007,76.36404,4.9,20.76,-0.4498,0.1724,1.0809,-2.13,0.06,4.76,0.42
1773118912.79400,10.01007,76.36404,4.9,21.51,-0.5616,-0.0221,1.1367,-7.20,9.63,0.06,0.36
1773118912.89500,10.01007,76.36403,4.9,22.52,-0.7423,-0.0825,0.9095,-6.40,12.87,-4.63,0.43
1773118912.99500,10.01007,76.36402,4.9,23.72,0.1405,0.0935,1.0182,-1.16,-6.40,-5.49,0.44
1773118912.08800,10.01007,76.36402,4.9,23.72,0.0732,-0.2534,0.7327,-3.29,2.99,-5.00,0.34
1773118912.19400,10.01006,76.36401,5.0,24.93,0.1727,0.0521,0.8292,8.35,-10.06,-5.12,0.40
1773118912.29400,10.01006,76.36401,5.1,27.05,0.5106,0.1880,1.2493,15.79,-4.76,-5.24,0.34
1773118912.38800,10.01006,76.36401,5.1,27.05,-0.3617,0.1926,0.3977,-5.30,-2.20,-4.02,0.44
1773118912.49500,10.01005,76.36399,5.2,27.90,0.1139,0.2422,1.1846,13.23,-9.70,-1.16,0.41
1773118912.58900,10.01005,76.36399,5.2,27.90,-0.2627,-0.0781,1.2715,7.87,-1.46,0.61,0.37
1773118912.69600,10.01004,76.36398,5.1,30.14,-0.1270,0.0267,1.0295,2.32,8.84,2.01,0.37
1773118913.79600,10.01004,76.36397,5.2,30.39,0.2443,-0.0103,0.5968,-5.24,-0.98,1.40,0.37
1773118913.88900,10.01004,76.36397,5.2,30.39,0.0679,-0.0802,1.1498,-10.85,6.46,0.98,0.35
1773118913.99600,10.01003,76.36396,5.2,32.52,0.1300,-0.0708,0.9995,-2.13,-5.98,0.30,0.46
1773118913.08900,10.01003,76.36396,5.2,32.52,-0.1366,0.0577,0.9272,-2.13,-0.91,-1.22,0.45
1773118913.19500,10.01003,76.36395,5.2,32.17,0.5873,0.0748,1.0569,-5.67,9.02,-3.48,0.35
1773118913.29500,10.01002,76.36394,5.0,33.68,-0.3879,0.0996,0.9253,2.26,11.83,-4.15,0.47
1773118913.38900,10.01002,76.36394,5.0,33.68,0.1263,-0.0228,0.6768,1.04,-4.94,-4.02,0.30
1773118913.49500,10.01002,76.36392,4.9,34.17,0.1061,0.0140,0.7843,0.12,0.30,-2.62,0.43
1773118913.58900,10.01002,76.36392,4.9,34.17,-0.1993,-0.0370,0.8754,2.93,-4.27,-2.26,0.31
1773118913.69600,10.01001,76.3639,4.9,35.06,0.0758,0.0101,0.5778,2.99,-8.48,-1.10,0.41
1773118914.79000,10.01001,76.3639,4.9,35.06,0.4761,0.0535,1.1702,-0.61,6.04,-2.50,0.31
1773118914.89700,10.01,76.36388,4.9,36.05,0.1941,0.0656,1.0093,0.98,10.12,-2.20,0.32
1773118914.99600,10.01,76.36388,4.9,35.61,0.6062,0.0754,0.8527,3.84,0.37,-2.01,0.35
1773118914.08900,10.01,76.36388,4.9,35.61,0.3036,0.0284,1.1344,0.49,-2.38,-2.87,0.39
1773118914.19600,10.00999,76.36387,4.8,35.68,0.3600,-0.0106,0.4342,-0.98,-12.68,-1.59,0.31
1773118914.29700,10.00999,76.36385,4.8,35.46,0.1199,-0.0353,1.1379,-0.18,-9.82,-2.50,0.41
1773118914.39700,10.00998,76.36385,4.8,35.75,0.2804,-0.0074,0.7609,-3.05,-12.07,-2.62,0.43
1773118914.49700,10.00998,76.36384,4.7,35.23,0.2336,0.0027,0.9524,1.28,-3.72,-2.07,0.39
1773118914.59000,10.00998,76.36384,4.7,35.23,0.1925,-0.0282,1.1479,-2.26,-3.78,-1.28,0.35
1773118914.69700,10.00997,76.36382,4.7,34.65,0.1594,-0.0029,0.9348,1.77,0.91,-0.24,0.32
1773118915.79700,10.00997,76.36382,4.7,34.63,0.3093,-0.0143,1.3055,-4.45,-1.71,1.59,0.33
1773118915.89800,10.00997,76.3638,4.7,34.45,0.3390,-0.0447,0.8557,-7.38,-8.17,2.74,0.40
1773118915.99600,10.00996,76.36379,4.7,33.86,0.2637,-0.0142,1.0474,-5.55,-9.82,2.50,0.36
1773118915.09000,10.00996,76.36379,4.7,33.86,0.0839,0.0996,0.6776,-5.06,-1.89,0.61,0.39
1773118915.19600,10.00996,76.36378,4.7,33.43,0.3993,-0.0502,0.9037,-6.65,-11.22,-2.93,0.36
1773118915.29600,10.00995,76.36377,4.7,32.11,-0.0074,0.0449,1.3026,-5.61,3.29,-4.27,0.32
1773118915.39700,10.00995,76.36376,4.7,32.28,0.3927,-0.0186,1.0092,-3.17,4.15,-3.66,0.36
1773118915.49000,10.00995,76.36376,4.7,32.28,0.5382,0.0388,1.0167,2.68,3.54,-5.06,0.33
1773118915.60400,10.00995,76.36375,4.6,30.75,0.1240,0.0735,1.4432,4.88,18.90,-7.87,0.41
1773118915.69600,10.00994,76.36375,4.7,29.78,0.9774,0.0719,1.0875,14.33,11.89,-9.21,0.48
1773118916.79000,10.00994,76.36375,4.7,29.78,0.8143,0.0369,0.8934,15.24,-4.63,-7.62,0.38
1773118916.89700,10.00994,76.36373,4.7,29.54,0.5055,-0.1066,0.5333,12.87,-10.12,-4.45,0.32
1773118916.99700,10.00994,76.36372,4.7,29.68,0.3744,-0.0984,0.9478,12.38,-4.82,-2.44,0.26
1773118916.09000,10.00994,76.36372,4.7,29.68,-0.2094,-0.0109,0.7253,22.07,6.28,-0.61,0.36
1773118916.18900,10.00994,76.36372,4.7,29.68,0.0540,0.0009,1.1814,12.01,2.68,5.30,0.34
1773118916.28900,10.00994,76.36372,4.7,29.68,-0.0057,0.1605,1.2671,14.45,1.04,8.84,0.27
1773118916.39600,10.00993,76.36371,4.7,30.97,0.1686,0.3076,1.0588,21.89,4.15,11.52,0.42
1773118916.48900,10.00993,76.36371,4.7,30.97,-0.2963,0.0377,1.1443,-1.22,8.90,12.44,0.32
1773118916.59700,10.00992,76.36369,4.6,32.66,0.5293,0.2732,1.0118,7.13,8.05,13.72,0.30
1773118916.69000,10.00992,76.36369,4.6,32.66,-0.0011,0.1112,1.0332,-8.05,2.20,13.60,0.35
1773118917.78900,10.00992,76.36369,4.6,32.66,0.4917,0.1289,0.7480,-7.87,-13.54,15.06,0.19
1773118917.89700,10.00991,76.36366,4.6,34.33,-0.1095,0.0128,0.7117,-8.05,5.91,6.59,0.35
1773118917.99700,10.0099,76.36365,4.6,36.98,-0.1471,-0.0181,1.2108,-9.57,5.43,1.10,0.25
1773118917.09000,10.0099,76.36365,4.6,36.98,-0.3979,-0.0872,1.2723,-9.82,-1.04,-0.43,0.33
1773118917.19000,10.0099,76.36365,4.6,36.98,-0.1930,0.2152,0.5807,0.00,6.52,5.37,0.44
1773118917.29700,10.00989,76.36362,4.6,38.89,0.3247,0.2013,1.0575,-15.73,-1.04,6.59,0.30
1773118917.39700,10.00988,76.36361,4.6,40.81,-0.3281,0.1589,0.7125,-18.23,0.98,4.70,0.33
1773118917.49000,10.00988,76.36361,4.6,40.81,0.8578,-0.1063,0.5565,-7.38,-5.12,-0.67,0.46
1773118917.59700,10.00988,76.3636,4.7,41.31,-0.2789,0.0668,0.8712,-6.95,-3.23,-1.59,0.35
1773118917.69600,10.00987,76.36358,4.8,42.80,-0.3564,-0.0383,0.8429,-6.28,-4.45,-4.51,0.35
1773118918.78900,10.00987,76.36358,4.8,42.80,-0.0730,0.0907,0.7297,8.96,-9.70,-2.80,0.41
1773118918.89700,10.00986,76.36356,4.8,42.68,0.6932,0.1130,1.2688,4.51,14.27,-3.84,0.38
1773118918.99600,10.00985,76.36355,4.9,42.53,-0.3506,0.3367,1.4614,11.59,13.17,-2.74,0.33
1773118918.08900,10.00985,76.36355,4.9,42.53,-0.5894,-0.0931,0.8903,-7.80,-18.54,-0.24,0.39
1773118918.19600,10.00985,76.36354,4.9,42.60,0.3185,-0.0070,1.0442,-0.73,15.00,-0.73,0.38
1773118918.29700,10.00984,76.36353,4.9,43.72,0.6257,-0.0006,0.8597,-0.12,7.38,-4.82,0.51
1773118918.39600,10.00983,76.36351,4.9,42.28,0.4391,-0.0127,1.0822,-1.52,-7.87,-2.68,0.40
1773118918.49000,10.00983,76.36351,4.9,42.28,0.1251,0.0729,0.6208,8.60,-11.16,-2.87,0.40
1773118918.59600,10.00983,76.3635,4.9,42.29,0.7438,-0.0411,0.7521,-1.52,-12.74,-0.43,0.35
1773118918.69600,10.00982,76.36349,5.0,41.15,1.0297,0.0583,0.7666,3.17,-6.28,0.67,0.35
1773118919.79600,10.00982,76.36348,5.0,39.52,0.4562,0.0845,1.0737,2.62,7.13,-0.30,0.34
1773118919.89700,10.00981,76.36346,5.1,37.95,0.7804,-0.0663,0.7435,-6.65,0.43,-0.06,0.34
1773118919.99600,10.00981,76.36346,5.2,36.03,0.4839,0.0515,0.4955,-2.68,2.93,0.18,0.34
1773118919.09600,10.0098,76.36345,5.2,35.30,0.6178,0.1299,0.9575,2.99,0.67,1.34,0.34
1773118919.19000,10.0098,76.36345,5.2,35.30,0.5151,0.0632,1.0028,-2.62,7.32,0.85,0.34
1773118919.29700,10.0098,76.36343,5.3,31.65,0.4038,0.0033,1.1832,0.18,11.59,0.49,0.33
1773118919.40500,10.00979,76.36343,5.2,29.21,0.0447,-0.0009,1.0405,-3.23,18.35,-1.65,0.43
1773118919.49800,10.00979,76.36343,5.2,28.39,0.7153,-0.0654,0.8019,0.79,0.06,-1.34,0.39
1773118919.59100,10.00979,76.36343,5.2,28.39,0.0840,0.0919,1.2139,3.29,3.29,-1.77,0.32
1773118919.69700,10.00978,76.36341,5.3,26.71,0.2504,-0.0610,0.9792,-1.52,1.89,-2.07,0.37
1773118920.79800,10.00978,76.3634,5.5,26.14,0.5222,0.0424,0.6633,2.68,-2.50,-2.07,0.37
1773118920.89900,10.00978,76.3634,5.5,25.63,0.1786,0.0394,0.7643,4.70,-1.28,-2.50,0.40
1773118920.99700,10.00978,76.3634,5.7,25.17,0.2253,-0.0167,0.8422,1.65,2.87,-1.83,0.33
1773118920.09800,10.00977,76.36339,5.8,24.45,0.3444,0.0482,0.9241,7.13,5.30,-0.55,0.32
1773118920.19100,10.00977,76.36339,5.8,24.45,0.4398,0.0165,1.0588,5.73,-1.34,2.32,0.39
1773118920.29800,10.00977,76.36338,5.9,22.44,0.2271,0.0631,0.8242,5.37,2.07,2.38,0.43
1773118920.39700,10.00976,76.36337,5.9,21.94,0.1671,0.0444,0.8418,8.78,7.93,3.05,0.34
1773118920.49000,10.00976,76.36337,5.9,21.94,0.2871,0.1000,1.1014,4.15,7.44,5.30,0.46
1773118920.59800,10.00976,76.36337,6.0,20.88,-0.0442,-0.0017,0.8204,-6.22,2.20,9.51,0.40
1773118920.69800,10.00976,76.36336,6.1,19.41,0.0793,0.0331,0.9891,-7.26,5.67,12.26,0.38
1773118921.79100,10.00976,76.36336,6.1,19.41,0.0642,0.0531,0.9088,-1.83,6.28,11.89,0.37
1773118921.89800,10.00975,76.36335,6.2,18.06,-0.1508,-0.0216,0.8339,-12.50,4.82,6.40,0.38
1773118921.99000,10.00975,76.36335,6.2,18.06,-0.1243,0.1161,1.1365,-2.68,4.21,2.99,0.29
1773118921.09000,10.00975,76.36335,6.2,18.06,0.0172,0.0277,0.9888,-1.52,-0.91,2.62,0.37
1773118921.19800,10.00975,76.36334,6.3,17.50,-0.0209,0.0952,0.9023,-0.06,1.22,3.66,0.43
1773118921.29800,10.00974,76.36333,6.3,16.92,0.0649,0.1537,0.8506,2.20,0.43,3.05,0.35
1773118921.39700,10.00974,76.36333,6.4,16.88,0.2037,0.0706,1.0525,1.04,1.95,2.13,0.43
1773118921.49100,10.00974,76.36333,6.4,16.88,0.1866,0.0929,0.9923,6.65,0.49,3.84,0.29
1773118921.59700,10.00974,76.36333,6.4,17.46,0.0620,0.0225,0.9961,0.06,1.52,4.45,0.35
1773118921.69700,10.00973,76.36332,6.5,16.78,0.1161,-0.0193,1.0088,-2.62,-1.04,5.12,0.44
1773118922.79800,10.00973,76.36332,6.5,17.73,0.1893,-0.0496,0.9290,-5.73,-1.40,4.15,0.33
1773118922.89800,10.00973,76.36331,6.5,17.88,-0.0657,0.0386,1.0746,-2.74,2.80,4.02,0.30
1773118922.99800,10.00973,76.36331,6.5,17.79,0.1058,0.1488,0.7584,2.20,4.51,5.37,0.27
1773118922.09100,10.00973,76.36331,6.5,17.79,0.1624,0.0073,1.0974,-4.63,4.63,5.98,0.27
1773118922.19800,10.00972,76.3633,6.6,17.70,0.0186,0.0970,1.1908,-1.59,1.04,4.94,0.44
1773118922.29800,10.00972,76.3633,6.7,18.56,-0.2665,0.0009,0.8496,-5.98,-0.79,3.72,0.43
1773118922.39700,10.00971,76.3633,6.7,18.46,0.0486,0.0339,0.9127,-8.72,-0.30,2.13,0.32
1773118922.49100,10.00971,76.3633,6.7,18.46,0.3334,-0.0568,1.0435,-8.17,-6.77,0.43,0.35
1773118922.59800,10.00971,76.3633,6.7,18.62,-0.3580,-0.0422,0.8771,-3.72,1.83,-1.89,0.36
1773118922.69800,10.00971,76.36328,6.7,19.47,0.1937,0.0048,0.9474,0.61,3.05,-3.23,0.32
1773118923.79100,10.00971,76.36328,6.7,19.47,0.1993,0.0425,1.2179,1.22,-0.12,-5.00,0.34
1773118923.89800,10.0097,76.36327,6.8,20.07,-0.2219,0.0184,1.2484,-0.43,3.90,-4.39,0.43
1773118923.99100,10.0097,76.36327,6.8,20.07,0.0488,0.1095,0.8248,8.66,-0.49,-4.33,0.42
1773118923.09100,10.0097,76.36327,6.8,20.07,0.0291,0.0741,0.9364,2.56,-3.90,-3.17,0.35
1773118923.19800,10.00969,76.36327,6.9,20.64,0.2015,-0.0276,0.9636,-0.49,-2.38,-2.93,0.39
1773118923.29800,10.00969,76.36326,6.9,21.28,0.1080,-0.0085,1.0298,7.32,4.27,-1.71,0.39
1773118923.39800,10.00968,76.36326,7.0,21.46,0.1761,0.0591,0.7397,0.61,1.71,-0.85,0.45
1773118923.49100,10.00968,76.36326,7.0,21.46,-0.7992,0.0902,0.7521,11.28,13.84,-0.98,0.30
1773118923.59700,10.00968,76.36324,7.0,22.15,-0.1129,0.1792,0.9462,7.20,-3.96,2.32,0.29
1773118923.69800,10.00967,76.36324,7.1,22.31,-0.1843,-0.0664,1.0714,13.17,-4.88,3.90,0.37
1773118924.79800,10.00967,76.36324,7.1,22.60,0.7308,-0.3124,1.1929,14.76,2.56,4.39,0.40
1773118924.89800,10.00967,76.36324,7.1,22.59,0.4857,-0.0516,0.8430,11.22,1.89,4.33,0.44
1773118924.99100,10.00967,76.36324,7.1,22.59,0.4785,0.1189,0.9081,5.91,-6.52,5.73,0.40
1773118924.09100,10.00967,76.36324,7.1,22.59,0.3479,0.0758,1.0461,1.16,-3.60,5.79,0.30
1773118924.19800,10.00966,76.36322,7.2,22.28,0.3969,0.0249,1.0880,-3.78,2.80,5.18,0.41
1773118924.29800,10.00965,76.36321,7.3,20.74,0.3657,0.0464,0.9696,1.16,0.24,5.18,0.42
1773118924.39100,10.00965,76.36321,7.3,20.74,0.3666,-0.0135,0.7987,-4.09,7.87,6.89,0.39
1773118924.49800,10.00965,76.3632,7.5,17.51,0.4390,0.0449,0.9431,-1.95,8.96,9.27,0.34
1773118924.59100,10.00965,76.3632,7.5,17.51,0.4020,0.0316,1.0956,-3.29,6.22,9.27,0.28
1773118924.69700,10.00964,76.3632,7.5,15.29,0.2097,0.0219,0.9352,-1.04,4.76,9.21,0.33
1773118925.79000,10.00964,76.3632,7.5,15.29,0.1730,0.0117,1.1001,-4.45,6.59,7.56,0.39
1773118925.89800,10.00964,76.3632,7.6,14.17,0.2684,0.0516,1.0276,0.30,-0.30,7.26,0.36
1773118925.99100,10.00964,76.3632,7.6,14.17,0.0739,0.0145,0.8702,-2.93,2.20,6.77,0.33
1773118925.09100,10.00964,76.3632,7.6,14.17,0.1469,0.0675,1.1080,-1.16,2.68,4.45,0.49
1773118925.19800,10.00963,76.36319,7.7,13.53,0.2480,0.0571,1.1321,-4.76,-2.62,4.51,0.33
1773118925.29800,10.00963,76.36319,7.7,12.83,0.1372,0.0490,1.1462,0.37,0.37,4.33,0.40
1773118925.39200,10.00963,76.36319,7.7,12.83,0.1357,0.0298,0.9928,3.72,1.04,4.70,0.48
1773118925.49900,10.00962,76.36318,7.8,11.84,0.1033,0.0774,1.0792,4.88,-0.79,4.82,0.36
1773118925.59200,10.00962,76.36318,7.8,11.84,0.0568,0.0222,1.0470,2.38,1.71,6.65,0.27
1773118925.69900,10.00962,76.36318,7.8,11.84,-0.1318,0.0538,1.0934,0.00,1.59,8.54,0.35
1773118926.79200,10.00962,76.36318,7.8,11.84,-0.1379,-0.0284,1.1111,-3.96,3.48,8.60,0.43
1773118926.89900,10.00961,76.36317,7.8,12.84,-0.2847,0.0813,1.1254,2.87,6.95,9.82,0.30
1773118926.99900,10.00961,76.36317,7.9,12.60,0.0326,0.0177,1.0331,-3.72,0.30,8.35,0.40
1773118926.09900,10.00961,76.36317,7.9,13.50,-0.2971,0.0333,0.7649,-2.20,-2.80,8.35,0.44
1773118926.19200,10.00961,76.36317,7.9,13.50,0.2437,0.0465,1.0582,-7.13,-5.85,5.98,0.30
1773118926.29800,10.0096,76.36317,8.0,14.94,-0.1594,0.0955,0.8066,8.41,3.72,3.54,0.45
1773118926.39800,10.0096,76.36317,8.0,15.61,-0.2684,0.0768,0.8806,-0.18,2.74,1.77,0.36
1773118926.49900,10.0096,76.36316,8.0,15.78,-0.3868,-0.0353,1.0991,-8.54,7.87,0.43,0.40
1773118926.59900,10.00959,76.36316,8.0,16.90,-0.1073,-0.0101,1.0865,-2.74,0.91,-0.67,0.42
1773118926.69800,10.00959,76.36316,8.0,17.05,-0.2198,0.1140,0.8022,7.56,2.01,-2.01,0.41
1773118927.79900,10.00959,76.36315,8.1,18.30,-0.0597,-0.0769,0.7689,2.93,5.37,-1.52,0.38
1773118927.90000,10.00958,76.36315,8.1,18.45,-0.3009,-0.0281,1.2751,5.55,5.37,2.20,0.43
1773118927.99900,10.00958,76.36315,8.1,19.02,-0.0330,0.0758,1.0920,8.05,4.88,5.43,0.34
1773118927.09800,10.00957,76.36314,8.1,19.38,-0.3180,0.0162,1.1047,-0.79,3.72,6.95,0.38
1773118927.19200,10.00957,76.36314,8.1,19.38,-0.1055,0.0171,0.8977,2.01,4.09,9.33,0.38
1773118927.29800,10.00957,76.36314,8.2,20.42,0.0900,0.0131,1.1101,0.61,7.74,10.06,0.33
1773118927.39800,10.00956,76.36314,8.2,21.01,0.0791,-0.0144,1.0038,-10.43,-3.84,8.96,0.38
1773118927.49800,10.00956,76.36314,8.2,21.59,0.0166,0.1714,1.0852,-1.04,4.09,7.50,0.33
1773118927.59800,10.00955,76.36313,8.3,21.62,-0.0168,0.2472,1.1638,5.55,4.70,6.59,0.41
1773118927.69900,10.00955,76.36313,8.3,21.99,-0.2906,0.1611,1.1548,-1.83,4.09,6.16,0.37
1773118928.79900,10.00954,76.36313,8.3,22.40,-0.1410,-0.0242,0.8757,-6.28,-0.79,6.10,0.37
1773118928.89900,10.00954,76.36312,8.3,22.74,0.0138,0.0342,0.7296,-3.48,-4.82,5.55,0.33
1773118928.99800,10.00953,76.36312,8.3,23.23,-0.0636,0.0515,0.8115,-1.52,-5.24,4.70,0.34
1773118928.09900,10.00953,76.36312,8.4,23.54,0.1228,0.0184,0.8876,-1.46,1.46,3.60,0.31
1773118928.19200,10.00953,76.36312,8.4,23.54,0.2531,-0.0183,0.9200,3.60,3.78,2.99,0.33
1773118928.29900,10.00951,76.36311,8.4,24.08,-0.1178,0.1917,0.9646,0.18,4.02,2.20,0.38
1773118928.39200,10.00951,76.36311,8.4,24.08,-0.1970,0.0123,0.9492,0.98,6.22,0.49,0.33
1773118928.49900,10.0095,76.36311,8.5,23.78,0.0308,0.1255,1.0706,5.37,1.10,1.40,0.31
1773118928.59200,10.0095,76.36311,8.5,23.78,-0.1541,-0.0084,0.9230,3.90,-4.09,0.24,0.40
1773118928.69900,10.00949,76.3631,8.5,24.58,0.1880,-0.0313,0.8501,-1.46,1.77,-1.04,0.34
1773118929.79800,10.00949,76.3631,8.6,24.88,0.2566,-0.0223,0.9570,1.04,-0.18,0.43,0.39
1773118929.89900,10.00948,76.3631,8.6,24.44,0.2031,0.0415,1.0286,8.48,-0.43,1.04,0.30
1773118929.99900,10.00948,76.36309,8.6,25.11,-0.1011,-0.1157,1.0925,-2.80,1.95,1.89,0.30
1773118929.09900,10.00947,76.36309,8.7,25.12,-0.0463,-0.1581,1.1205,-6.65,4.27,1.77,0.41
1773118929.19200,10.00947,76.36309,8.7,25.12,0.0239,0.0110,0.9998,2.87,3.66,2.44,0.32
1773118929.30000,10.00946,76.36308,8.8,25.53,0.1108,-0.0515,1.0500,-2.99,-1.59,3.72,0.36
1773118929.39900,10.00945,76.36308,8.8,25.64,0.1327,-0.0610,0.9270,-3.78,4.33,1.34,0.38
1773118929.50000,10.00945,76.36308,8.9,25.75,0.1808,0.1429,1.1365,7.07,1.16,2.38,0.28
1773118929.60000,10.00944,76.36308,8.9,25.98,0.3712,-0.1104,0.8276,-10.55,-3.90,2.50,0.26
1773118929.70000,10.00944,76.36308,8.9,26.01,0.2206,0.0692,0.9244,0.43,1.65,2.50,0.35
1773118930.80000,10.00943,76.36307,9.0,25.78,0.1149,0.0364,0.8414,-3.54,1.46,2.26,0.42
1773118930.90100,10.00942,76.36307,9.0,25.56,0.2460,0.0287,0.9506,-2.87,-1.10,1.71,0.28
1773118930.00000,10.00942,76.36307,9.1,25.33,0.2087,0.1490,0.7883,4.39,-0.18,1.34,0.26
1773118930.09300,10.00942,76.36307,9.1,25.33,0.1000,0.0825,0.9325,-4.39,-1.89,1.71,0.31
1773118930.20100,10.00941,76.36306,9.1,25.62,0.0945,-0.1855,1.1451,-6.89,-0.06,0.37,0.40
1773118930.30200,10.0094,76.36306,9.2,25.25,-0.0626,0.1299,1.1221,7.44,4.45,-1.34,0.35
1773118930.39500,10.0094,76.36306,9.2,25.25,0.1124,0.0952,1.0919,3.60,1.89,-0.67,0.31
1773118930.50200,10.00939,76.36305,9.3,24.79,0.2568,-0.0308,0.9116,-2.56,-1.34,-0.37,0.35
1773118930.59500,10.00939,76.36305,9.3,24.79,0.1146,-0.0715,0.9099,-5.61,-2.01,-0.06,0.26
1773118930.70200,10.00938,76.36304,9.4,24.87,-0.1272,-0.0057,0.9645,-1.95,3.11,0.00,0.39
1773118931.80200,10.00937,76.36304,9.5,24.54,-0.1400,0.1631,1.2046,6.40,3.48,0.30,0.33
1773118931.89500,10.00937,76.36304,9.5,24.54,0.0991,0.2133,1.0382,7.99,1.34,0.73,0.33
1773118931.00100,10.00936,76.36304,9.5,24.59,0.0845,0.1173,0.9851,2.62,0.00,0.12,0.38
1773118931.09500,10.00936,76.36304,9.5,24.59,0.1938,0.0398,0.8788,0.18,-2.13,0.12,0.42
1773118931.19500,10.00936,76.36304,9.5,24.59,0.0663,0.1100,0.8507,3.84,-0.30,0.43,0.40
1773118931.30100,10.00935,76.36303,9.7,24.93,0.0229,0.0295,1.1757,6.28,2.26,0.91,0.40
1773118931.39500,10.00935,76.36303,9.7,24.93,0.0347,-0.0553,0.9556,2.93,2.87,0.85,0.33
1773118931.50100,10.00934,76.36303,9.8,24.64,0.0087,-0.0845,0.8954,-4.39,1.16,0.49,0.32
1773118931.60200,10.00933,76.36302,9.9,24.46,0.0354,-0.0037,0.9115,2.01,2.13,1.34,0.40
1773118931.69600,10.00933,76.36302,9.9,24.46,-0.4064,0.0988,0.8096,5.30,2.38,1.52,0.30
1773118932.79600,10.00933,76.36302,9.9,24.46,-0.2421,0.0826,1.0399,12.26,3.84,2.87,0.40
1773118932.90400,10.00931,76.36302,10.0,24.64,0.6287,0.1102,0.6978,12.26,-4.27,3.35,0.32
1773118932.99700,10.00931,76.36302,10.0,24.64,0.5486,0.0125,0.9448,-0.43,-0.30,6.77,0.41
1773118932.10400,10.0093,76.36301,10.1,24.29,0.4373,-0.0200,1.2091,-0.18,5.12,8.60,0.35
1773118932.19700,10.0093,76.36301,10.1,24.29,0.2690,-0.0458,0.8223,-2.56,-4.02,10.37,0.34
1773118932.29600,10.0093,76.36301,10.1,24.29,-0.1259,-0.0476,0.9912,-10.18,-1.40,10.43,0.34
1773118932.40300,10.00929,76.36301,10.2,24.06,-0.1591,-0.0703,1.0836,-12.01,1.89,10.43,0.43
1773118932.49600,10.00929,76.36301,10.2,24.06,0.0227,0.1246,0.9388,-0.85,1.59,8.48,0.41
1773118932.60300,10.00928,76.36301,10.3,24.13,0.3770,0.1407,1.1248,-2.20,2.68,6.04,0.34
1773118932.69700,10.00928,76.36301,10.3,24.13,0.1034,0.1802,1.1780,1.16,7.44,3.72,0.30
1773118933.80400,10.00926,76.363,10.4,24.20,0.0510,0.0985,1.0887,-0.85,-1.46,2.38,0.34
1773118933.89800,10.00926,76.363,10.4,24.20,-0.1152,-0.0419,1.0681,-6.89,-4.33,2.50,0.35
1773118933.00400,10.00925,76.363,10.6,23.68,-0.0386,0.0835,1.0015,0.49,-1.04,2.38,0.34
1773118933.09700,10.00925,76.363,10.6,23.68,0.1816,0.0994,0.8752,-2.50,-1.71,3.72,0.38
1773118933.20400,10.00924,76.36299,10.7,23.58,0.0731,0.0381,0.9465,-3.96,2.44,5.24,0.46
1773118933.29700,10.00924,76.36299,10.7,23.58,0.2289,0.0480,1.1613,-12.68,0.98,6.52,0.39
1773118933.39700,10.00924,76.36299,10.7,23.58,-0.0258,0.0686,1.1107,-17.26,-1.89,6.71,0.41
1773118933.50300,10.00922,76.36299,10.9,23.50,0.0941,0.0591,0.8063,-19.33,0.18,5.37,0.40
1773118933.60400,10.00921,76.36298,11.0,23.25,-0.0183,0.0769,1.0978,-18.78,4.02,1.95,0.37
1773118933.69700,10.00921,76.36298,11.0,23.25,0.2010,-0.0381,1.0355,-28.84,-1.04,-2.62,0.40
1773118934.79700,10.00921,76.36298,11.0,23.25,-0.0192,-0.0007,1.1652,-23.84,3.72,-7.26,0.33
1773118934.90400,10.0092,76.36298,11.1,23.42,0.4269,-0.0137,1.2225,-25.67,4.88,-13.60,0.34
1773118934.00300,10.00919,76.36298,11.1,23.19,0.3397,-0.0121,0.9984,-21.52,0.98,-19.45,0.32
1773118934.09700,10.00919,76.36298,11.1,23.19,-0.8242,0.1672,0.8763,-15.43,14.27,-24.27,0.33
1773118934.19700,10.00919,76.36298,11.1,23.19,-0.0787,0.0890,1.0085,-22.38,7.93,-23.29,0.36
1773118934.30400,10.00918,76.36298,11.2,22.70,0.4222,0.0284,0.9844,-13.72,6.95,-22.01,0.36
1773118934.39700,10.00918,76.36298,11.2,22.70,0.5417,-0.0659,0.9231,-12.50,12.56,-21.46,0.37
1773118934.50400,10.00916,76.36297,11.3,22.02,0.2622,0.0822,1.2880,-16.04,14.39,-24.82,0.32
1773118934.59600,10.00916,76.36297,11.3,22.02,0.1376,0.0850,1.0879,-16.59,14.88,-30.30,0.41
1773118934.70300,10.00916,76.36296,11.3,21.13,0.4136,-0.1588,1.0659,-30.85,14.76,-34.39,0.39
1773118935.79700,10.00916,76.36296,11.3,21.13,0.3857,0.0416,1.1655,-19.51,16.95,-39.02,0.48
1773118935.90400,10.00915,76.36295,11.3,20.27,0.4901,-0.0961,0.9017,-25.18,9.63,-43.48,0.46
1773118935.99700,10.00915,76.36295,11.3,20.27,0.5881,0.0066,1.1686,-18.96,14.33,-47.32,0.42
1773118935.09700,10.00915,76.36295,11.3,20.27,0.7357,-0.0371,1.1418,-5.55,19.15,-49.45,0.34
1773118935.20400,10.00914,76.36295,11.3,19.56,-0.3207,-0.1179,0.7920,-4.51,28.48,-57.99,0.35
1773118935.29700,10.00914,76.36295,11.3,19.56,1.1327,0.3127,1.5245,15.61,28.96,-55.30,0.35
1773118935.40300,10.00914,76.36293,11.4,18.39,0.4788,-0.0144,1.1479,14.82,19.82,-58.96,0.45
1773118935.49600,10.00914,76.36293,11.4,18.39,-0.2230,-0.3423,0.9641,1.59,42.74,-55.18,0.36
1773118935.60300,10.00913,76.36292,11.5,17.76,-0.0238,0.1559,0.8108,9.39,7.99,-44.76,0.33
1773118935.69700,10.00913,76.36292,11.5,17.76,0.3466,0.0778,0.8171,4.39,7.38,-43.84,0.34
1773118936.79700,10.00913,76.36292,11.5,17.76,0.0659,0.0436,0.7648,4.33,7.01,-47.13,0.32
1773118936.90400,10.00913,76.36292,11.4,18.13,0.2153,-0.0262,0.8601,-0.18,17.87,-44.57,0.38
1773118936.00300,10.00913,76.36291,11.4,16.66,-0.0001,0.2189,1.0875,-2.99,-0.18,-38.23,0.40
1773118936.09600,10.00913,76.36291,11.4,16.66,0.4589,-0.0361,1.0913,0.49,4.39,-34.39,0.33
1773118936.19600,10.00913,76.36291,11.4,16.66,0.5829,-0.1694,0.8120,-8.90,-7.50,-38.72,0.46
1773118936.29700,10.00913,76.36291,11.4,16.66,0.3317,-0.0182,0.9586,-7.01,-0.91,-44.02,0.39
1773118936.40300,10.00914,76.3629,11.4,15.77,0.4106,0.2656,0.9928,0.49,9.57,-47.87,0.38
1773118936.50300,10.00914,76.36289,11.2,12.67,0.4333,0.0640,0.9707,-3.90,16.95,-40.91,0.39
1773118936.59700,10.00914,76.36289,11.2,12.67,0.0513,-0.1327,0.8621,-14.51,23.90,-50.98,0.43
1773118936.69700,10.00914,76.36289,11.2,12.67,0.0941,-0.0989,0.8364,-6.59,22.20,-48.05,0.48
1773118937.80400,10.00914,76.36288,11.0,10.74,0.0089,0.0720,1.1425,6.89,14.45,-47.87,0.48
1773118937.89800,10.00914,76.36288,11.0,10.74,-0.0985,0.1074,1.0543,0.49,10.30,-45.55,0.35
1773118937.00300,10.00915,76.36288,10.9,11.34,0.0603,-0.1696,0.9696,-18.48,4.27,-36.83,0.43
1773118937.09700,10.00915,76.36288,10.9,11.34,-0.1920,0.0703,1.1101,-5.37,8.05,-34.63,0.29
1773118937.19600,10.00915,76.36288,10.9,11.34,-0.0701,0.0833,1.1414,-4.45,6.28,-29.70,0.38
1773118937.30300,10.00916,76.36288,10.7,12.71,-0.1760,0.1075,0.8662,-7.32,4.51,-26.22,0.40
1773118937.39700,10.00916,76.36288,10.7,12.71,-0.1609,-0.0229,1.2567,-14.27,7.62,-25.30,0.32
1773118937.50400,10.00917,76.36288,10.5,16.98,-0.2399,0.0514,1.1794,-7.07,9.15,-27.56,0.29
1773118937.59700,10.00917,76.36288,10.5,16.98,0.0720,-0.0472,1.1796,-10.85,8.35,-29.82,0.36
1773118937.69700,10.00917,76.36288,10.5,16.98,-0.0034,-0.0048,1.0741,-9.15,6.40,-31.34,0.33
1773118938.80400,10.00918,76.36287,10.4,18.77,-0.2177,-0.1367,0.9418,-7.74,5.91,-29.21,0.39
1773118938.90600,10.00919,76.36287,10.2,20.41,-0.3262,-0.2085,1.2556,-20.98,1.28,-25.24,0.36
1773118938.99800,10.00919,76.36287,10.2,20.41,0.0579,0.0360,0.9210,-3.54,1.10,-26.52,0.24
1773118938.09700,10.00919,76.36287,10.2,20.41,0.0164,0.0258,1.0131,1.83,5.24,-25.37,0.32
1773118938.20400,10.0092,76.36287,10.0,23.13,-0.2893,-0.0660,0.9598,-4.57,1.95,-23.48,0.37
1773118938.29700,10.0092,76.36287,10.0,23.13,-0.2678,-0.0184,0.8632,5.61,0.18,-24.63,0.41
1773118938.40400,10.00922,76.36287,9.8,27.06,-0.3903,0.0499,1.1490,11.04,4.70,-20.12,0.45
1773118938.49800,10.00922,76.36287,9.8,27.06,0.0645,-0.1396,1.2423,1.95,-4.70,-14.51,0.44
1773118938.60500,10.00923,76.36287,9.6,29.67,-0.0820,0.0621,1.0137,11.46,1.22,-11.65,0.39
1773118938.69800,10.00923,76.36287,9.6,29.67,0.1013,-0.2186,1.0074,-3.78,0.00,-8.96,0.32
1773118939.80500,10.00925,76.36288,9.5,32.31,-0.2148,0.0352,1.0115,9.33,6.95,-6.89,0.40
1773118939.89900,10.00925,76.36288,9.5,32.31,0.1536,0.0211,1.2826,3.84,8.05,-8.96,0.27
1773118939.00400,10.00927,76.36288,9.3,34.63,-0.2357,0.1643,0.9349,14.88,4.15,-9.09,0.37
1773118939.09800,10.00927,76.36288,9.3,34.63,-0.0795,-0.0990,0.7821,4.76,-4.76,-8.90,0.41
1773118939.19800,10.00927,76.36288,9.3,34.63,-0.2570,-0.0321,0.7946,3.60,-1.52,-5.79,0.36
1773118939.30500,10.00928,76.36288,9.1,36.83,-0.1428,0.1036,0.7899,9.82,10.43,-3.96,0.35
1773118939.39800,10.00928,76.36288,9.1,36.83,-0.6310,0.0214,0.5963,8.60,6.34,-2.62,0.48
1773118939.50400,10.00931,76.36288,8.8,40.99,0.1847,0.0713,1.1149,7.07,5.37,-0.37,0.47
1773118939.59700,10.00931,76.36288,8.8,40.99,-0.6409,0.0044,0.9202,6.52,7.38,-3.84,0.29
1773118939.69800,10.00931,76.36288,8.8,40.99,0.4352,-0.0248,0.6541,-10.55,-7.26,0.00,0.31
1773118940.80400,10.00933,76.36289,8.6,43.14,0.3522,-0.1167,1.1539,1.28,-0.43,1.22,0.32
1773118940.90500,10.00936,76.3629,8.4,44.85,0.2463,0.2911,1.2054,8.90,-0.98,0.24,0.34
1773118940.99700,10.00936,76.3629,8.4,44.85,0.0812,0.3223,0.7806,4.76,6.59,2.38,0.37
1773118940.09700,10.00936,76.3629,8.4,44.85,0.3491,0.2734,1.1083,-3.66,4.09,2.07,0.38
1773118940.20400,10.00938,76.3629,8.2,45.59,0.2593,0.1449,1.1038,-9.63,0.49,0.49,0.38
1773118940.29800,10.00938,76.3629,8.2,45.59,-0.1959,0.0402,0.9459,-13.54,0.06,-1.59,0.46
1773118940.40500,10.00941,76.36292,8.1,47.72,0.2662,0.1869,1.0865,-10.24,-0.55,-1.52,0.38
1773118940.49800,10.00941,76.36292,8.1,47.72,0.1379,-0.0803,0.9180,-16.95,-6.04,-1.46,0.35
1773118940.59800,10.00941,76.36292,8.1,47.72,-0.0094,0.0957,1.0110,-15.43,-2.38,-5.61,0.38
1773118940.71200,10.00944,76.36292,7.9,48.98,0.2085,-0.0071,0.8457,-15.12,-1.59,-7.38,0.40
1773118941.79800,10.00944,76.36292,7.9,48.98,0.0553,0.1842,0.7645,-7.50,8.05,-8.72,0.45
1773118941.90500,10.00946,76.36292,7.7,48.93,0.2114,-0.0488,0.6134,-15.98,-0.61,-7.26,0.30
1773118941.00400,10.00948,76.36293,7.7,48.30,0.7230,-0.0084,1.0186,-12.80,-1.77,-6.52,0.37
1773118941.09700,10.00948,76.36293,7.7,48.30,0.3743,0.1244,1.1765,-2.26,-0.85,-10.06,0.43
1773118941.19700,10.00948,76.36293,7.7,48.30,0.2695,0.1504,0.8761,-1.77,7.87,-13.11,0.37
1773118941.30400,10.00951,76.36294,7.6,47.43,0.6350,0.1831,0.3605,3.05,-0.49,-11.77,0.32
1773118941.39800,10.00951,76.36294,7.6,47.43,0.3152,-0.0250,1.1743,-5.49,13.48,-15.12,0.29
1773118941.49800,10.00951,76.36294,7.6,47.43,0.7677,-0.2013,1.3502,-12.93,-3.90,-13.11,0.40
1773118941.60500,10.00954,76.36295,7.4,45.25,-0.1150,0.0521,1.0060,2.01,6.40,-15.24,0.37
1773118941.69800,10.00954,76.36295,7.4,45.25,-0.0859,-0.0029,0.9406,-6.40,1.65,-15.55,0.25
1773118942.80500,10.00956,76.36296,7.2,44.05,1.2413,-0.0306,1.3450,9.70,-11.77,-11.28,0.32
1773118942.90500,10.00958,76.36297,7.1,43.71,-0.1904,-0.0363,0.4390,3.11,13.84,-14.15,0.34
1773118942.99800,10.00958,76.36297,7.1,43.71,0.4071,0.2632,0.9402,12.87,-0.24,-12.38,0.44
1773118942.09800,10.00958,76.36297,7.1,43.71,0.7119,0.1293,1.1769,12.26,-0.55,-12.87,0.43
1773118942.20500,10.0096,76.36298,7.0,42.21,0.5284,0.0494,1.1428,5.06,-1.95,-10.06,0.50
1773118942.29800,10.0096,76.36298,7.0,42.21,0.4950,0.0283,0.6005,1.77,1.65,-10.73,0.27
1773118942.40500,10.00962,76.363,6.8,40.58,0.4000,-0.0145,1.1122,0.30,4.39,-11.71,0.40
1773118942.50400,10.00963,76.363,6.7,39.76,0.2161,0.0845,1.0978,12.32,2.32,-11.52,0.40
1773118942.59800,10.00963,76.363,6.7,39.76,0.3176,0.0509,1.0582,8.35,5.55,-11.22,0.42
1773118942.70400,10.00965,76.36301,6.6,37.83,0.2750,0.1033,1.0198,6.59,4.76,-8.96,0.38
1773118943.79700,10.00965,76.36301,6.6,37.83,0.3262,0.0393,1.1747,5.91,7.68,-7.87,0.33
1773118943.90500,10.00966,76.36302,6.5,35.35,0.4026,0.0728,0.9982,3.72,0.18,-5.37,0.36
1773118943.00500,10.00967,76.36303,6.4,35.49,0.0503,0.1311,0.9648,4.76,3.66,-5.43,0.39
1773118943.09900,10.00967,76.36303,6.4,35.49,0.6661,0.0865,0.8241,0.37,1.40,-6.28,0.45
1773118943.19900,10.00967,76.36303,6.4,35.49,0.2816,0.0935,0.8380,-2.20,2.87,-7.74,0.42
1773118943.30600,10.00968,76.36304,6.3,34.15,-0.2847,0.2147,0.9540,8.11,21.28,-7.80,0.35
1773118943.40600,10.0097,76.36305,6.1,32.92,0.2565,0.0818,1.1788,1.34,10.06,-7.50,0.35
1773118943.49900,10.0097,76.36305,6.1,32.92,-0.0148,0.0864,0.9354,-0.91,17.38,-6.77,0.38
1773118943.60600,10.00971,76.36306,6.0,32.59,0.0907,0.0251,0.9426,-2.80,9.02,-5.67,0.36
1773118943.69900,10.00971,76.36306,6.0,32.59,0.3330,0.1405,1.3541,2.80,4.57,-4.82,0.30
1773118944.80500,10.00972,76.36308,5.8,31.85,0.4103,0.0461,0.8888,-1.65,2.32,-5.00,0.32
1773118944.89900,10.00972,76.36308,5.8,31.85,0.3989,0.0554,0.9594,2.07,3.35,-6.59,0.38
1773118944.00600,10.00973,76.36308,5.7,31.64,0.2765,0.0936,1.2094,2.74,5.24,-4.39,0.30
1773118944.09900,10.00973,76.36308,5.7,31.64,0.4611,0.1919,1.2887,5.85,4.39,-4.76,0.38
1773118944.19900,10.00973,76.36308,5.7,31.64,0.3270,0.1125,1.0868,3.60,4.82,-5.43,0.35
1773118944.30500,10.00974,76.3631,5.6,31.68,0.4581,0.1292,0.9146,-7.20,6.04,-6.34,0.47
1773118944.40500,10.00975,76.36311,5.6,31.84,0.1962,0.1190,0.9580,-5.67,-2.99,-5.91,0.32
1773118944.49900,10.00975,76.36311,5.6,31.84,0.3539,0.1030,1.1187,3.54,-2.50,-6.04,0.48
1773118944.60600,10.00976,76.36312,5.4,31.02,0.3491,-0.0181,1.0677,-2.68,-0.61,-7.01,0.34
1773118944.69900,10.00976,76.36312,5.4,31.02,0.2511,0.0504,1.1233,5.79,2.07,-6.71,0.44
1773118945.80600,10.00978,76.36313,5.5,31.35,0.2117,-0.0054,1.0011,-0.18,0.98,-7.13,0.38
1773118945.90100,10.00978,76.36313,5.5,31.35,0.3539,0.0137,0.9285,-2.32,-2.07,-6.10,0.34
1773118945.00600,10.00979,76.36314,5.4,30.99,0.4691,0.0214,0.9750,-0.30,-1.22,-4.76,0.30
1773118945.10000,10.00979,76.36314,5.4,30.99,0.2754,0.0431,0.8430,2.32,-4.94,-5.00,0.46
1773118945.20000,10.00979,76.36314,5.4,30.99,0.0685,0.1174,0.8983,9.45,-2.80,-5.24,0.34
1773118945.30700,10.0098,76.36316,5.3,30.77,0.0952,0.0973,1.0249,6.52,-2.87,-4.51,0.34
1773118945.40700,10.0098,76.36317,5.1,30.17,0.0820,0.1543,1.0071,7.74,1.22,-3.96,0.48
1773118945.50700,10.00981,76.36317,5.1,30.63,0.2346,0.0568,1.0106,5.73,0.24,-4.02,0.34
1773118945.60700,10.00981,76.36318,5.0,29.92,0.0190,-0.0369,0.8250,-1.28,-0.67,-3.78,0.28
1773118945.70000,10.00981,76.36318,5.0,29.92,0.2303,-0.0109,1.1143,-0.73,0.67,-2.74,0.44
1773118946.80700,10.00982,76.36319,5.0,30.03,0.3770,-0.0616,1.1176,7.62,5.18,-2.56,0.40
1773118946.91400,10.00983,76.3632,4.9,30.00,0.2739,0.0699,0.9176,0.24,-2.50,-1.65,0.39
1773118946.00600,10.00983,76.3632,4.8,29.70,0.1582,0.0518,1.1272,1.71,-4.02,-1.59,0.29
1773118946.10700,10.00984,76.36321,4.8,29.69,0.1968,0.0226,0.9529,2.13,-3.84,-0.79,0.35
1773118946.20000,10.00984,76.36321,4.8,29.69,0.0217,0.0398,0.9216,-1.34,3.35,-0.98,0.35
1773118946.30700,10.00984,76.36322,4.7,29.27,0.1112,-0.0811,1.0699,0.67,4.09,-0.73,0.38
1773118946.40700,10.00985,76.36323,4.6,29.35,0.1697,-0.0309,0.9352,-0.85,0.98,-2.13,0.35
1773118946.50700,10.00985,76.36324,4.6,29.43,0.5746,-0.0217,0.7434,0.12,-0.91,-1.95,0.39
1773118946.59900,10.00985,76.36324,4.6,29.43,0.5532,0.0133,0.9203,-11.22,-6.71,-2.80,0.47
1773118946.70000,10.00985,76.36324,4.6,29.43,0.4161,0.0511,0.8123,-6.04,-0.85,-4.51,0.27
1773118947.80600,10.00986,76.36325,4.5,28.94,0.4360,0.1155,0.9042,0.06,-4.45,-5.79,0.35
1773118947.90700,10.00987,76.36326,4.4,27.50,0.4014,-0.0586,0.8240,-3.41,-2.44,-7.01,0.41
1773118947.00000,10.00987,76.36326,4.4,27.50,0.2948,0.0831,0.9130,0.61,2.87,-8.29,0.37
1773118947.10000,10.00987,76.36326,4.4,27.50,0.2860,0.0219,0.9460,-2.20,1.04,-7.01,0.30
1773118947.20700,10.00988,76.36327,4.2,26.99,0.3087,0.1028,1.0654,4.27,-1.10,-4.82,0.40
1773118947.30700,10.00988,76.36328,4.1,26.67,0.5613,0.0901,0.9683,2.26,-3.48,-4.21,0.35
1773118947.40000,10.00988,76.36328,4.1,26.67,0.3420,-0.0073,0.9336,-1.40,0.85,-4.88,0.36
1773118947.50700,10.00989,76.3633,4.0,26.02,0.2346,0.0300,0.9929,-1.65,4.82,-4.76,0.39
1773118947.60000,10.00989,76.3633,4.0,26.02,0.4026,0.0728,0.9421,4.27,2.13,-7.07,0.32
1773118947.70700,10.0099,76.3633,3.9,24.94,0.5509,0.0725,1.0275,8.23,-1.65,-8.29,0.40
1773118948.80000,10.0099,76.3633,3.9,24.94,0.4844,0.0452,0.7831,8.78,-6.22,-5.37,0.33
1773118948.90700,10.0099,76.36331,3.8,24.25,0.4376,0.0162,0.9347,2.32,-2.01,-2.38,0.50
1773118948.00000,10.0099,76.36331,3.8,24.25,0.4515,-0.0068,0.7972,1.16,3.72,-0.06,0.38
1773118948.10000,10.0099,76.36331,3.8,24.25,0.5164,-0.1145,1.0377,-7.87,-0.30,1.46,0.43
1773118948.20700,10.00991,76.36333,3.7,22.62,0.5039,0.0624,0.9032,-2.38,-1.16,0.98,0.38
1773118948.30000,10.00991,76.36333,3.7,22.62,0.3031,0.0663,0.9058,-1.52,6.16,0.67,0.37
1773118948.40800,10.00992,76.36334,3.6,20.32,0.3003,0.0522,0.9528,-6.71,6.46,-0.37,0.40
1773118948.50100,10.00992,76.36334,3.6,20.32,0.3524,0.0143,1.0735,-12.80,0.43,-0.18,0.33
1773118948.60800,10.00992,76.36335,3.5,20.13,0.3999,-0.0385,0.8690,-13.41,3.17,0.24,0.34
1773118948.70100,10.00992,76.36335,3.5,20.13,0.3627,-0.0593,0.8912,-17.01,-3.23,-1.40,0.40
1773118949.80700,10.00993,76.36336,3.3,19.95,0.1510,0.0442,1.1594,-4.27,8.54,-10.37,0.40
1773118949.90100,10.00993,76.36336,3.3,19.95,0.1385,0.0492,0.8459,-5.43,8.66,-15.85,0.38
1773118949.00700,10.00993,76.36337,3.2,18.65,0.2433,0.0762,0.8345,-0.43,2.07,-14.21,0.45
1773118949.10000,10.00993,76.36337,3.2,18.65,0.3351,-0.0183,1.0662,2.74,1.59,-14.70,0.38
1773118949.20000,10.00993,76.36337,3.2,18.65,0.0210,-0.0120,1.0748,-0.06,2.80,-14.02,0.28
1773118949.30700,10.00993,76.36337,3.1,19.02,0.1165,0.0419,0.8760,7.13,3.90,-10.43,0.32
1773118949.40800,10.00994,76.36338,3.0,19.51,0.1814,0.0731,1.1138,13.90,1.59,-10.00,0.37
1773118949.50200,10.00994,76.36338,3.0,19.51,0.1045,-0.0135,0.9862,10.49,-1.59,-8.72,0.40
1773118949.60900,10.00994,76.3634,3.0,20.64,-0.0466,0.0687,0.9344,15.73,2.62,-6.40,0.40
1773118949.70900,10.00994,76.3634,2.9,20.79,0.2238,0.0702,0.9202,12.74,3.23,-1.95,0.37
1773118950.80900,10.00994,76.3634,2.9,21.24,0.2906,0.0250,1.0316,7.99,0.43,3.48,0.36
1773118950.91600,10.00994,76.36341,2.9,21.28,0.3204,0.0841,1.0092,4.70,-0.18,8.78,0.47
1773118950.00900,10.00995,76.36341,2.9,21.58,0.4446,-0.0333,0.8842,0.79,-4.21,11.34,0.40
1773118950.10200,10.00995,76.36341,2.9,21.58,0.3269,0.0288,1.0107,0.79,0.30,9.02,0.28
1773118950.20800,10.00995,76.36342,2.8,21.13,0.4949,-0.0676,0.9312,-4.82,-1.34,8.54,0.50
1773118950.30900,10.00995,76.36343,2.8,19.66,0.4121,0.0776,1.0465,-1.59,1.52,6.40,0.37
1773118950.40300,10.00995,76.36343,2.8,19.66,0.2144,0.0837,1.0797,-0.79,6.65,4.39,0.39
1773118950.51000,10.00996,76.36343,2.8,17.97,0.1473,0.0729,1.0259,-0.67,4.70,1.89,0.43
1773118950.60400,10.00996,76.36343,2.8,17.97,0.2579,0.0044,1.0336,-3.29,-1.52,6.65,0.42
1773118950.71100,10.00996,76.36345,2.8,18.11,0.1182,-0.0258,0.9727,-0.06,1.04,3.72,0.35
1773118951.80400,10.00996,76.36345,2.8,18.11,0.5712,0.0807,1.0150,-1.59,-2.26,0.91,0.45
1773118951.90500,10.00996,76.36345,2.8,18.11,-0.1643,-0.0289,0.9506,-4.45,12.13,-0.24,0.44
1773118951.01100,10.00996,76.36346,2.7,18.47,0.2253,0.0284,0.8346,1.34,8.29,1.10,0.37
1773118951.10400,10.00996,76.36346,2.7,18.47,0.3284,0.2935,1.2489,6.34,-24.15,4.39,0.35
1773118951.21000,10.00997,76.36346,2.9,17.38,0.1346,0.0288,1.0150,1.89,-12.87,5.30,0.37
1773118951.31100,10.00997,76.36347,2.8,19.27,0.1870,0.0564,0.9467,-4.39,-5.79,5.06,0.28
1773118951.40400,10.00997,76.36347,2.8,19.27,-0.0898,0.0050,0.9371,-1.46,0.43,4.39,0.31
1773118951.51100,10.00998,76.36348,2.8,19.14,0.1251,0.0699,0.8981,2.07,-5.24,3.11,0.30
1773118951.60400,10.00998,76.36348,2.8,19.14,0.4094,0.0782,1.0201,0.85,-9.51,5.55,0.32
1773118951.71100,10.00998,76.36349,2.8,19.31,0.5300,0.0052,0.9961,-4.21,-11.34,5.30,0.34
1773118952.81100,10.00998,76.36349,2.7,19.47,0.4360,-0.0109,0.9713,-4.63,1.65,4.39,0.26
1773118952.90400,10.00998,76.36349,2.7,19.47,0.3688,0.0289,0.8179,-5.91,1.16,3.60,0.40
1773118952.01000,10.00999,76.3635,2.6,17.77,0.1371,0.0400,0.8757,-4.09,6.46,2.32,0.35
1773118952.10300,10.00999,76.3635,2.6,17.77,0.3514,0.1309,1.0079,-6.40,0.98,-1.28,0.31
1773118952.21000,10.00999,76.3635,2.6,16.62,0.2841,-0.0132,0.7662,-6.77,2.50,-2.38,0.38
1773118952.30300,10.00999,76.3635,2.6,16.62,0.4037,0.0419,0.9619,-2.32,3.17,-5.67,0.46
1773118952.41000,10.00999,76.36351,2.6,15.53,0.1528,0.1139,0.9093,0.37,5.55,-7.38,0.34
1773118952.50400,10.00999,76.36351,2.6,15.53,0.2755,0.0430,0.7432,-2.38,-2.87,-3.78,0.35
1773118952.61100,10.00999,76.36352,2.5,14.66,0.3289,0.0320,1.1503,0.61,0.79,-2.80,0.35
1773118952.71100,10.01,76.36353,2.5,13.88,0.3445,-0.0344,0.8268,-4.33,-1.34,-2.07,0.28
1773118953.80400,10.01,76.36353,2.5,13.88,0.4509,0.0636,1.0803,3.05,0.73,-2.32,0.38
1773118953.90500,10.01,76.36353,2.5,13.88,0.2941,-0.1167,0.9220,-7.80,0.43,-2.01,0.19
1773118953.01000,10.01,76.36353,2.5,12.70,0.3473,0.0604,1.0009,-0.37,-1.22,-1.40,0.37
1773118953.10400,10.01,76.36353,2.5,12.70,0.3965,-0.0474,1.0437,-5.67,-2.74,-0.91,0.36
1773118953.21100,10.01,76.36354,2.5,12.12,0.2457,0.0963,1.1694,-1.59,-0.49,-1.71,0.41
1773118953.30400,10.01,76.36354,2.5,12.12,0.2716,0.1266,1.1185,3.05,1.16,-1.95,0.32
1773118953.40400,10.01,76.36354,2.5,12.12,0.2621,0.0076,1.0693,-1.40,0.73,-1.40,0.39
1773118953.51100,10.01001,76.36355,2.5,11.28,0.1750,0.0225,0.9089,-1.65,1.46,-1.52,0.39
1773118953.61100,10.01001,76.36355,2.6,10.36,0.1915,0.0189,0.8167,-1.52,1.04,-1.28,0.37
1773118953.70400,10.01001,76.36355,2.6,10.36,0.2520,0.1028,1.0736,1.22,2.44,-1.04,0.38
1773118954.81100,10.01001,76.36356,2.6,10.37,0.2291,0.0813,1.1316,0.30,1.59,-1.28,0.40
1773118954.90400,10.01001,76.36356,2.6,10.37,0.2487,0.1235,1.1776,4.94,3.17,-1.77,0.35
1773118954.01100,10.01001,76.36356,2.6,9.92,0.1410,0.0486,0.7908,-0.37,3.05,-1.40,0.30
1773118954.10500,10.01001,76.36356,2.6,9.92,0.1606,0.0232,1.0680,-0.12,1.95,-0.06,0.43
1773118954.20500,10.01001,76.36356,2.6,9.92,0.1163,0.0200,0.9801,0.06,4.94,-1.16,0.35
1773118954.31300,10.01002,76.36356,2.7,9.83,0.1342,-0.0511,0.9215,-4.09,1.83,0.98,0.38
1773118954.40600,10.01002,76.36356,2.7,9.83,0.0487,-0.0063,0.9869,-4.94,4.09,1.10,0.44
1773118954.51300,10.01002,76.36357,2.7,9.69,0.0428,-0.0115,0.9933,-5.49,4.88,0.37,0.41
1773118954.60600,10.01002,76.36357,2.7,9.69,-0.0797,0.0029,1.1201,-4.88,1.52,-0.12,0.28
1773118954.71300,10.01002,76.36358,2.7,10.27,0.0415,0.1469,1.1531,4.63,1.65,-0.67,0.47
1773118955.80600,10.01002,76.36358,2.7,10.27,-0.0177,0.1132,0.9875,-0.24,0.00,-0.55,0.33
1773118955.91300,10.01002,76.36358,2.7,11.41,0.1304,0.0044,1.0300,-0.98,2.50,0.91,0.35
1773118955.00500,10.01002,76.36358,2.7,11.41,0.0664,0.0320,1.1116,-4.57,6.28,1.71,0.35
1773118955.10500,10.01002,76.36358,2.7,11.41,0.0980,0.0927,1.0278,0.91,4.94,0.37,0.36
1773118955.21200,10.01003,76.36359,2.7,12.30,-0.1249,0.0377,0.9054,-2.01,5.61,-0.85,0.36
1773118955.31200,10.01003,76.36359,2.7,13.08,0.1390,-0.0054,1.1105,-1.10,2.07,-0.12,0.35
1773118955.40600,10.01003,76.36359,2.7,13.08,0.1472,0.0068,0.9731,-4.70,-7.50,-0.61,0.39
1773118955.51300,10.01003,76.3636,2.8,14.03,0.2872,0.0762,1.2883,-2.87,-0.18,-1.95,0.38
1773118955.60600,10.01003,76.3636,2.8,14.03,0.3550,0.0876,1.2140,0.67,24.27,-2.74,0.38
1773118955.71300,10.01003,76.36361,2.8,14.32,-0.2701,0.0233,0.3595,-1.34,-4.76,-4.09,0.34
1773118956.80600,10.01003,76.36361,2.8,14.32,0.3274,-0.0808,0.8755,-8.17,-24.21,-4.82,0.37
1773118956.90700,10.01003,76.36361,2.8,14.32,0.0353,0.1112,1.0918,1.89,-12.99,-6.16,0.51
1773118956.01300,10.01004,76.36361,2.9,13.69,0.5524,0.0160,1.1016,-0.12,-35.55,-3.54,0.28
1773118956.10600,10.01004,76.36361,2.9,13.69,0.2699,-0.1326,0.5658,-2.01,-8.72,-5.12,0.38
1773118956.22000,10.01004,76.36362,2.9,14.08,-0.0269,0.0216,1.0160,0.06,2.07,-7.44,0.42
1773118956.30600,10.01004,76.36362,2.9,14.08,0.0719,0.0616,0.9847,4.51,15.85,-6.71,0.41
1773118956.40600,10.01004,76.36362,2.9,14.08,0.1587,0.0173,1.3710,3.60,3.35,-2.87,0.47
1773118956.51200,10.01004,76.36363,2.9,13.56,0.6484,-0.0092,1.3679,-3.35,-15.12,0.55,0.30
1773118956.61300,10.01004,76.36363,2.8,14.22,0.0322,0.0903,1.0281,6.89,13.48,-0.37,0.33
1773118956.70600,10.01004,76.36363,2.8,14.22,-0.3127,0.0093,0.9004,7.68,10.85,1.10,0.46
1773118957.80600,10.01004,76.36363,2.8,14.22,-0.4242,0.0792,0.8264,5.37,27.13,1.71,0.34
1773118957.91400,10.01005,76.36364,2.8,14.90,-0.3368,-0.1365,0.8510,-12.13,0.18,5.55,0.25
1773118957.00600,10.01005,76.36364,2.8,14.90,-0.1694,0.1594,0.9624,-6.65,-2.50,5.24,0.28
1773118957.11300,10.01005,76.36365,2.8,16.63,-0.5289,0.1528,0.9843,6.46,-3.90,4.33,0.29
1773118957.20600,10.01005,76.36365,2.8,16.63,0.0062,0.0035,0.9171,-0.98,2.44,3.84,0.34
1773118957.30600,10.01005,76.36365,2.8,16.63,0.2534,0.0342,0.9659,-0.55,2.74,3.35,0.35
1773118957.41300,10.01005,76.36366,2.9,18.41,0.0483,0.0339,1.1627,-0.85,1.28,4.94,0.33
1773118957.51200,10.01006,76.36367,2.8,19.22,0.2531,-0.0441,0.8687,-10.61,11.40,3.29,0.39
1773118957.60600,10.01006,76.36367,2.8,19.22,0.2255,-0.0100,1.0231,-3.96,1.95,3.48,0.34
1773118957.71300,10.01006,76.36369,2.8,19.63,0.1852,0.2172,0.8311,6.40,4.88,2.93,0.33
1773118958.80600,10.01006,76.36369,2.8,19.63,0.4603,0.0168,0.9955,-6.22,-3.17,3.78,0.41
1773118958.91300,10.01007,76.36369,2.8,19.13,-0.0367,0.0311,0.9686,-0.91,-2.68,2.20,0.27
1773118958.00500,10.01007,76.36369,2.8,19.13,0.3079,-0.0050,1.1034,-3.48,-0.85,2.44,0.46
1773118958.10500,10.01007,76.36369,2.8,19.13,0.0607,0.1129,1.1528,0.00,3.29,1.46,0.43
1773118958.21200,10.01007,76.3637,2.8,17.48,0.0970,0.0854,1.1251,-3.35,2.87,1.46,0.41
1773118958.30500,10.01007,76.3637,2.8,17.48,0.0653,0.0033,0.9261,-3.05,2.38,0.98,0.38
1773118958.40500,10.01007,76.3637,2.8,17.48,0.4722,0.0830,1.0292,1.71,5.06,0.00,0.33
1773118958.51300,10.01008,76.36371,2.8,16.42,0.2720,0.0070,0.9315,-6.22,0.18,-0.24,0.37
1773118958.61400,10.01008,76.36372,2.8,15.40,0.3647,0.0195,0.8723,-3.17,1.28,-2.56,0.34
1773118958.70700,10.01008,76.36372,2.8,15.40,0.1309,0.1066,1.1556,1.77,-2.93,-3.41,0.38
1773118959.81300,10.01008,76.36372,2.8,14.66,0.4458,0.0851,0.9758,2.38,0.98,-4.27,0.32
1773118959.90800,10.01008,76.36372,2.8,14.66,0.3062,0.0802,0.9093,6.40,1.28,-4.21,0.41
1773118959.01300,10.01009,76.36373,2.9,14.10,0.5300,-0.0023,0.9514,-0.85,-1.71,-2.32,0.28
1773118959.10700,10.01009,76.36373,2.9,14.10,0.4236,-0.0189,0.9349,1.65,-9.27,-0.30,0.34
1773118959.20700,10.01009,76.36373,2.9,14.10,0.1165,-0.1558,0.7539,-5.85,-5.73,0.00,0.42
1773118959.31300,10.01009,76.36374,2.9,13.29,-0.0090,-0.1124,0.9104,-5.73,1.95,0.12,0.37
1773118959.40700,10.01009,76.36374,2.9,13.29,0.2994,0.1553,0.8773,4.09,0.06,1.52,0.34
1773118959.51400,10.01009,76.36375,2.9,12.49,0.2352,0.0310,1.0881,-0.98,-3.66,2.99,0.35
1773118959.60700,10.01009,76.36375,2.9,12.49,-0.0349,-0.1183,0.8118,-7.07,0.49,1.89,0.47
1773118959.71400,10.01009,76.36375,3.0,12.02,0.3059,0.0659,1.0165,1.83,0.98,2.26,0.49
1773118960.80700,10.01009,76.36375,3.0,12.02,0.3972,0.0115,1.1403,-5.18,-2.68,1.59,0.35
1773118960.91400,10.0101,76.36376,3.0,12.05,-0.0089,0.0593,0.8374,-0.67,-1.22,1.10,0.33
1773118960.00700,10.0101,76.36376,3.0,12.05,-0.0295,0.0782,1.0686,2.56,9.82,-1.04,0.38
1773118960.10700,10.0101,76.36376,3.0,12.05,0.3123,-0.0111,1.3035,-2.44,2.13,-1.77,0.34
1773118960.21400,10.0101,76.36376,3.0,11.54,-0.1117,0.0250,0.9226,2.32,2.01,-0.67,0.35
1773118960.30700,10.0101,76.36376,3.0,11.54,0.2592,0.0045,0.9084,-2.26,0.37,1.22,0.37
1773118960.41400,10.0101,76.36377,3.0,11.68,-0.0448,0.1044,0.9620,-0.55,-4.63,2.99,0.36
1773118960.50700,10.0101,76.36377,3.0,11.68,0.0045,-0.0302,1.1034,-6.34,7.44,3.11,0.35
1773118960.62000,10.01011,76.36378,3.1,12.38,0.0917,0.0864,1.1024,-0.24,1.65,2.44,0.38
1773118960.70700,10.01011,76.36378,3.1,12.38,0.0564,0.0428,1.1190,1.10,2.32,2.20,0.38
1773118961.81400,10.01011,76.36378,3.1,13.11,0.0421,-0.0060,0.8909,-5.73,4.82,0.79,0.39
1773118961.90800,10.01011,76.36378,3.1,13.11,0.1626,0.0612,1.2161,-4.39,-1.71,0.67,0.35
1773118961.01300,10.01011,76.36379,3.2,13.37,-0.0353,0.0659,1.1417,0.49,-0.67,-0.85,0.32
1773118961.10600,10.01011,76.36379,3.2,13.37,-0.0751,0.0110,1.1404,-1.59,1.95,-1.89,0.37
1773118961.20700,10.01011,76.36379,3.2,13.37,0.1920,0.0828,1.0201,0.43,2.93,-2.68,0.30
1773118961.31400,10.01011,76.3638,3.2,13.70,0.2820,0.0115,1.0779,-0.98,-0.67,-3.48,0.34
1773118961.40700,10.01011,76.3638,3.2,13.70,0.1884,-0.0135,1.1510,-6.28,1.34,-3.72,0.33
1773118961.51400,10.01012,76.36381,3.3,13.48,0.0392,-0.0381,1.0583,-5.24,0.67,-4.33,0.28
1773118961.60700,10.01012,76.36381,3.3,13.48,0.4993,0.0880,0.9462,2.44,-3.11,-5.18,0.41
1773118961.71400,10.01012,76.36382,3.3,13.37,0.2158,0.0176,1.0667,0.67,-1.46,-6.22,0.38
1773118962.80700,10.01012,76.36382,3.3,13.37,0.0880,0.0234,0.9453,1.65,-2.44,-5.67,0.36
1773118962.91500,10.01012,76.36382,3.4,12.76,-0.0010,-0.0564,1.0438,-3.72,0.30,-2.93,0.34
1773118962.01400,10.01013,76.36382,3.4,13.15,0.2656,0.0625,1.1373,3.84,-0.91,0.24,0.31
1773118962.11400,10.01013,76.36382,3.4,13.00,0.3000,0.0009,1.0649,-1.89,-3.11,1.59,0.43
1773118962.20700,10.01013,76.36382,3.4,13.00,-0.2722,-0.0486,0.9104,-5.91,1.77,3.17,0.37
1773118962.31400,10.01013,76.36383,3.4,13.16,0.2655,0.0424,1.0947,-2.07,1.77,4.21,0.33
1773118962.41400,10.01013,76.36383,3.4,13.47,0.1144,0.0209,1.0637,-5.67,-1.46,3.54,0.31
1773118962.51300,10.01013,76.36384,3.4,13.67,0.0702,0.0607,0.7617,1.52,-6.10,0.06,0.35
1773118962.61300,10.01013,76.36384,3.4,13.60,0.0360,0.1316,0.9868,-0.49,5.98,-2.20,0.35
1773118962.70700,10.01013,76.36384,3.4,13.60,0.2781,0.0834,1.0623,-0.43,-3.84,-3.90,0.41
1773118963.81300,10.01014,76.36385,3.4,13.93,0.2103,0.0740,0.9972,-1.40,-3.72,-5.73,0.38
1773118963.91400,10.01014,76.36385,3.4,14.11,-0.0504,0.0443,0.8737,-2.20,-3.23,-6.77,0.44
1773118963.01400,10.01014,76.36385,3.4,13.89,-0.1523,0.0950,0.8658,-1.46,4.76,-7.26,0.38
1773118963.10700,10.01014,76.36385,3.4,13.89,0.3247,0.0221,1.2672,0.49,0.55,-6.40,0.23
1773118963.21300,10.01014,76.36385,3.4,14.10,0.1974,0.0099,1.1117,-0.18,1.71,-6.77,0.43
1773118963.31300,10.01014,76.36386,3.5,14.18,0.1367,0.0752,0.9216,5.61,2.74,-8.78,0.32
1773118963.40600,10.01014,76.36386,3.5,14.18,0.0653,-0.0127,0.8829,0.49,5.67,-7.38,0.30
1773118963.51400,10.01015,76.36387,3.5,14.10,0.1849,0.0614,1.0616,3.90,-4.02,-5.24,0.30
1773118963.61300,10.01015,76.36388,3.5,13.98,0.1346,0.1388,1.0469,3.23,-6.89,-3.41,0.43
1773118963.71300,10.01015,76.36388,3.5,14.35,-0.0918,0.0310,0.8104,0.00,-5.43,-1.34,0.43
1773118964.81300,10.01015,76.36388,3.5,14.50,-0.0879,0.0115,0.8959,-2.62,5.24,-1.95,0.31
1773118964.90700,10.01015,76.36388,3.5,14.50,0.2067,0.1630,1.0183,2.44,3.35,-1.89,0.30
1773118964.01400,10.01015,76.36388,3.5,14.30,0.2216,0.0334,1.1028,-0.06,0.18,-2.68,0.38
1773118964.11300,10.01015,76.36389,3.5,14.22,0.0098,0.0148,1.0656,-3.05,-1.40,-5.24,0.44
1773118964.20600,10.01015,76.36389,3.5,14.22,-0.0675,0.0698,0.8901,-0.67,5.79,-6.71,0.29
1773118964.31300,10.01015,76.3639,3.5,13.46,0.2059,0.0143,1.0787,-6.65,1.04,-7.68,0.38
1773118964.41300,10.01015,76.3639,3.5,13.29,0.1245,0.0421,1.1569,-1.59,0.61,-7.01,0.45
1773118964.51300,10.01016,76.36391,3.5,13.32,-0.0536,0.1279,1.2350,3.60,7.68,-7.44,0.34
1773118964.61400,10.01016,76.36391,3.3,13.00,-0.0922,-0.0328,1.0736,-5.85,4.21,-5.30,0.30
1773118964.71300,10.01016,76.36391,3.3,13.78,0.1532,-0.0621,1.0979,-2.87,4.63,-5.43,0.38
1773118965.81300,10.01016,76.36391,3.3,13.93,-0.1469,0.0983,1.0306,3.41,-3.72,-4.21,0.46
1773118965.91400,10.01016,76.36392,3.3,14.55,0.0704,0.0189,1.0541,0.61,2.68,-5.37,0.44
1773118965.01400,10.01016,76.36392,3.3,14.54,-0.1255,0.1147,0.8926,5.73,0.30,-5.37,0.38
1773118965.11300,10.01016,76.36393,3.3,15.69,-0.2729,0.0211,1.0475,-0.06,3.72,-4.02,0.38
1773118965.20600,10.01016,76.36393,3.3,15.69,-0.0615,0.0282,1.0647,2.62,3.96,-3.54,0.30
1773118965.32100,10.01016,76.36394,3.2,16.05,0.3325,0.0497,0.7976,-0.24,-4.88,-3.60,0.37
1773118965.41400,10.01016,76.36394,3.2,16.95,-0.0050,0.0260,0.6881,-0.43,-0.91,-3.60,0.25
1773118965.51400,10.01016,76.36395,3.2,17.09,-0.0221,0.1282,0.7256,5.49,1.04,-3.11,0.39
1773118965.61500,10.01016,76.36395,3.2,17.36,-0.2760,0.0914,0.9456,5.06,3.11,-1.77,0.35
1773118965.71500,10.01017,76.36395,3.2,18.22,-0.2249,0.0603,0.9769,8.35,5.24,-0.98,0.38
1773118966.81400,10.01017,76.36395,3.2,17.70,-0.0613,0.1299,1.3005,7.74,10.00,-0.61,0.56
1773118966.91600,10.01017,76.36396,3.1,18.80,0.1289,-0.0289,0.9741,1.83,6.59,0.61,0.29
1773118966.01500,10.01017,76.36397,3.1,18.73,0.2661,-0.0361,0.9552,0.73,0.79,3.54,0.35
1773118966.11500,10.01017,76.36397,3.1,18.71,0.1587,-0.0321,0.8662,-0.73,4.02,4.39,0.45
1773118966.20800,10.01017,76.36397,3.1,18.71,0.6926,0.0262,1.0361,0.67,-9.94,6.22,0.35
1773118966.31500,10.01017,76.36398,3.1,19.71,0.0931,0.0173,0.6981,1.52,-8.35,5.67,0.32
1773118966.41500,10.01017,76.36398,3.1,19.19,0.0532,0.1412,0.8258,6.40,-3.48,4.39,0.36
1773118966.51500,10.01017,76.36399,3.2,19.50,0.0482,0.1049,1.3558,1.89,1.16,3.78,0.40
1773118966.61500,10.01017,76.36399,3.2,19.94,0.0096,0.0533,0.7188,-0.61,-13.60,2.56,0.39
1773118966.71500,10.01018,76.364,3.3,19.75,0.4971,0.0133,1.1230,0.12,4.45,2.20,0.52
1773118967.81500,10.01018,76.36401,3.2,20.01,0.2527,0.2206,1.2449,8.23,29.21,-1.34,0.33
1773118967.91600,10.01018,76.36401,3.2,20.28,0.8389,0.0664,1.1492,0.30,4.82,2.50,0.35
1773118967.01400,10.01018,76.36401,3.2,19.65,0.7073,0.1064,1.2554,-2.56,9.88,3.54,0.39
1773118967.11500,10.01018,76.36402,3.3,20.51,0.6787,0.1626,1.0345,5.43,-2.13,7.07,0.38
1773118967.20800,10.01018,76.36402,3.3,20.51,0.2872,-0.0905,0.7854,-6.22,-5.73,7.44,0.41
1773118967.31400,10.01018,76.36403,3.3,20.69,0.0393,0.0590,0.5797,-2.68,5.30,4.57,0.41
1773118967.58800,10.01019,76.36404,3.3,20.29,-0.1075,0.0638,0.8533,-1.04,-7.87,7.26,0.28
1773118968.86600,10.01019,76.36406,3.4,20.67,0.4435,-0.0997,1.0725,-10.61,6.34,5.73,0.49
1773118968.26600,10.0102,76.36408,3.4,21.70,0.0321,0.1588,0.9897,2.87,12.07,1.22,0.31
1773118968.39700,10.0102,76.36408,3.4,20.92,0.3550,-0.0449,0.9143,-8.23,-6.34,-0.37,0.37
1773118968.49800,10.0102,76.36409,3.4,20.50,0.9049,0.0031,1.2834,-9.15,-25.91,0.49,0.33
1773118968.60000,10.01021,76.3641,3.4,20.99,0.3063,0.0322,1.0022,-1.04,-8.35,-2.26,0.30
1773118968.69800,10.01021,76.3641,3.4,21.00,0.4274,0.0695,0.6061,5.61,1.22,-2.62,0.40
1773118969.79800,10.01021,76.36411,3.5,20.38,0.5016,0.1031,1.0577,3.96,3.29,-2.99,0.38
1773118969.89900,10.01021,76.36411,3.5,20.85,0.2277,0.0160,1.0454,2.07,-0.67,-1.71,0.45
1773118969.99900,10.01021,76.36411,3.5,21.34,-0.0161,0.0479,1.1149,2.44,-1.65,-0.43,0.41
1773118969.09900,10.01021,76.36412,3.5,21.39,-0.0431,-0.0298,0.9657,1.83,0.06,0.00,0.37
1773118969.19200,10.01021,76.36412,3.5,21.39,0.1898,0.1926,0.8755,10.67,4.88,0.55,0.38
1773118969.29900,10.01022,76.36413,3.6,22.38,0.1597,0.2061,1.0651,1.04,5.61,1.71,0.39
1773118969.40000,10.01022,76.36414,3.6,22.85,0.0450,0.2053,0.8656,10.24,-3.29,2.13,0.35
1773118969.50000,10.01022,76.36414,3.6,22.66,-0.1521,0.0817,1.1249,0.06,4.33,0.85,0.46
1773118969.60100,10.01022,76.36414,3.6,23.61,0.0924,0.1947,1.1099,4.45,3.23,0.73,0.34
1773118969.70000,10.01023,76.36415,3.6,23.04,0.1786,0.0133,0.9725,-5.79,-24.45,3.05,0.32
1773118970.80000,10.01023,76.36416,3.6,23.59,-0.6595,0.1196,0.5670,6.16,7.38,-1.83,0.33
1773118970.90000,10.01023,76.36417,3.6,24.11,-0.2501,-0.2017,0.6809,-13.05,22.44,-0.30,0.36
1773118970.00100,10.01023,76.36417,3.6,23.55,0.4297,0.1355,1.0475,-2.80,7.99,-0.37,0.39
1773118970.10000,10.01023,76.36417,3.5,23.87,0.7937,-0.1537,1.0497,-9.70,-7.87,-0.79,0.37
1773118970.19400,10.01023,76.36417,3.5,23.87,0.6533,0.1696,1.4103,-2.32,-4.70,0.24,0.38
1773118970.30100,10.01024,76.36419,3.5,24.73,0.9749,-0.0702,1.2495,-6.65,-6.40,-0.61,0.32
1773118970.40100,10.01024,76.36419,3.5,24.47,0.8455,0.0123,1.8324,9.82,6.40,-4.63,0.41
1773118970.50100,10.01024,76.3642,3.5,24.83,-0.0514,0.1592,1.3268,9.21,8.78,-4.45,0.38
1773118970.60100,10.01024,76.3642,3.6,24.71,-0.6510,-0.2000,1.2773,-12.99,-4.82,-3.90,0.39
1773118970.70000,10.01025,76.36421,3.5,25.19,0.0237,-0.1691,1.0444,-8.41,-5.06,-1.40,0.43
1773118971.80000,10.01025,76.36422,3.5,25.05,0.0345,0.0813,0.9006,8.60,-2.93,0.12,0.40
1773118971.90000,10.01025,76.36422,3.5,25.44,0.0742,-0.0149,0.8019,0.30,-3.78,1.04,0.40
1773118971.00100,10.01025,76.36423,3.5,25.36,0.0872,-0.0465,0.8628,-1.28,0.12,1.16,0.28
1773118971.10100,10.01025,76.36423,3.5,25.48,0.0167,0.0100,1.1267,-0.49,4.70,0.49,0.38
1773118971.19400,10.01025,76.36423,3.5,25.48,0.1437,0.1528,1.1129,4.82,2.68,1.40,0.32
1773118971.30000,10.01026,76.36425,3.5,25.46,0.1621,0.1017,1.2494,2.87,-0.67,1.40,0.30
1773118971.40000,10.01026,76.36425,3.5,25.88,0.1710,-0.0331,1.0912,-0.73,0.85,1.10,0.30
1773118971.50100,10.01026,76.36426,3.4,25.63,0.0702,-0.0017,0.9119,-3.60,8.78,0.91,0.42
1773118971.60100,10.01027,76.36427,3.4,26.09,0.7595,0.0458,1.1260,-4.27,-3.05,0.37,0.32
1773118971.70000,10.01027,76.36427,3.4,25.94,0.7739,-0.0017,1.2245,1.83,3.41,-0.98,0.46
1773118972.80000,10.01027,76.36428,3.4,26.19,0.0708,0.0167,1.3907,-1.65,-2.56,1.04,0.33
1773118972.90000,10.01027,76.36428,3.4,26.15,0.3257,0.0071,1.0425,-0.55,-12.07,0.18,0.29
1773118972.00000,10.01028,76.36429,3.4,26.65,0.1044,-0.0552,0.6898,-6.95,-7.87,-2.01,0.34
1773118972.10800,10.01028,76.3643,3.4,26.70,-0.2878,0.1062,0.9504,5.24,9.45,-2.93,0.42
1773118972.19300,10.01028,76.3643,3.4,26.70,0.9136,0.0647,1.5580,1.04,1.95,0.67,0.37
1773118972.30000,10.01028,76.36431,3.4,26.49,0.3582,-0.0371,0.8289,-4.27,0.43,-0.49,0.30
1773118972.40000,10.01029,76.36432,3.4,26.99,0.2860,-0.0104,1.1781,3.23,1.40,-0.91,0.46
1773118972.50100,10.01029,76.36433,3.5,27.36,0.2687,0.0098,1.0129,-2.62,-2.68,-0.67,0.39
1773118972.60100,10.01029,76.36433,3.5,27.27,0.0543,-0.0475,0.8324,-4.94,-2.26,-0.67,0.34
1773118972.70000,10.01029,76.36433,3.4,27.12,0.0306,0.0890,1.0934,3.66,3.48,-0.79,0.34
1773118973.80100,10.01029,76.36434,3.5,27.31,0.1548,-0.0018,0.8761,-2.99,0.79,-0.98,0.39
1773118973.90100,10.0103,76.36435,3.5,27.44,-0.1060,0.1434,0.9978,7.32,4.88,-0.24,0.33
1773118973.00100,10.0103,76.36436,3.5,27.16,0.0474,0.1074,0.8324,3.66,1.77,0.18,0.36
1773118973.10100,10.0103,76.36436,3.5,27.95,0.0540,0.0160,0.9926,1.34,1.16,0.24,0.43
1773118973.19400,10.0103,76.36436,3.5,27.95,-0.0592,-0.0604,0.6851,-0.73,1.52,-0.18,0.38
1773118973.30000,10.01031,76.36437,3.5,27.54,-0.0251,0.0016,0.8147,0.73,4.15,-0.37,0.39
1773118973.40000,10.01031,76.36438,3.4,28.05,0.0568,0.0814,0.9285,0.24,-0.30,0.67,0.33
1773118973.50100,10.01031,76.36439,3.4,28.01,-0.0043,0.0588,1.0662,0.98,6.77,0.06,0.46
1773118973.60100,10.01031,76.3644,3.4,27.84,0.0051,0.0988,0.9893,-4.82,-2.99,0.73,0.45
1773118973.70100,10.01031,76.3644,3.5,28.21,-0.2205,-0.0421,1.1095,-2.32,6.40,1.40,0.45
1773118974.80100,10.01032,76.36441,3.4,28.23,0.0878,0.0857,1.0255,4.15,9.63,2.13,0.34
1773118974.90000,10.01032,76.36442,3.4,28.15,0.4838,0.1207,0.7560,1.40,-9.45,2.62,0.31
1773118974.00000,10.01032,76.36443,3.4,28.25,0.3003,0.1034,1.0721,-4.21,-1.71,2.01,0.38
1773118974.10100,10.01033,76.36443,3.5,28.67,0.0817,0.0322,1.0171,-5.06,-4.51,2.07,0.38
1773118974.19300,10.01033,76.36443,3.5,28.67,-0.0298,0.0012,0.8824,-2.44,-0.37,0.61,0.40
1773118974.30000,10.01033,76.36444,3.4,28.68,0.0443,0.0581,0.7876,-3.84,-0.91,0.61,0.37
1773118974.40100,10.01033,76.36445,3.4,28.66,-0.2557,0.0588,1.0006,-3.90,8.48,-0.85,0.39
1773118974.50200,10.01034,76.36446,3.4,28.59,0.0514,0.1552,0.9327,0.73,-4.88,-0.85,0.41
1773118974.60200,10.01034,76.36446,3.4,28.70,0.1268,0.1754,1.1217,9.09,4.21,-1.46,0.37
1773118974.70200,10.01034,76.36447,3.4,28.79,-0.1180,0.1002,1.2001,-0.06,7.32,-1.71,0.45
1773118975.80100,10.01034,76.36448,3.4,28.97,0.2734,0.1012,1.1165,4.51,8.66,-2.74,0.27
1773118975.90100,10.01035,76.36449,3.4,28.55,0.0203,-0.0293,0.8082,3.60,-4.09,-2.32,0.40
1773118975.00200,10.01035,76.36449,3.4,28.83,-0.1326,0.0876,0.4741,1.28,0.73,-2.50,0.42
1773118975.10300,10.01035,76.36449,3.5,28.89,-0.2067,-0.0833,1.5171,-5.67,12.13,-4.02,0.36
1773118975.19600,10.01035,76.36449,3.5,28.89,0.3677,0.2119,0.9668,15.00,17.93,-4.94,0.35
1773118975.30300,10.01035,76.36451,3.4,28.93,1.1971,0.0315,1.1666,7.56,-11.83,-3.48,0.40
1773118975.40400,10.01036,76.36452,3.5,28.99,0.3490,0.1973,1.0521,13.54,-4.51,-1.89,0.38
1773118975.50400,10.01036,76.36452,3.4,29.20,0.0883,-0.0936,0.9224,1.34,-5.79,-1.77,0.34
1773118975.60400,10.01036,76.36453,3.5,28.96,0.0945,0.0767,1.2040,11.10,4.70,-0.37,0.39
1773118975.70400,10.01036,76.36454,3.5,28.66,-0.0717,0.0330,0.6755,4.27,1.10,1.10,0.45
1773118976.81100,10.01037,76.36455,3.5,28.75,0.2632,0.0282,1.1384,4.21,7.07,2.26,0.30
1773118976.89700,10.01037,76.36455,3.5,28.75,-0.4838,0.1997,0.8398,5.06,15.79,2.20,0.49
1773118976.00400,10.01037,76.36456,3.5,28.50,0.4589,0.1520,1.3330,3.41,2.74,3.23,0.39
1773118976.10300,10.01037,76.36456,3.6,26.70,0.3641,0.1396,1.0442,-0.85,7.62,3.11,0.36
1773118976.19600,10.01037,76.36456,3.6,26.70,0.0309,0.2930,1.2660,12.44,9.76,-0.24,0.48
1773118976.30300,10.01038,76.36458,3.6,27.06,0.2627,0.1316,0.9951,3.23,0.30,-0.18,0.44
1773118976.40400,10.01038,76.36459,3.7,26.21,0.6586,-0.0341,0.9479,0.79,-7.13,-1.10,0.43
1773118976.50400,10.01038,76.36459,3.7,25.79,0.5316,-0.0118,0.6549,0.98,-8.05,-0.79,0.33
1773118976.60500,10.01039,76.36459,3.7,25.86,-0.0919,-0.0034,0.9590,2.26,-1.77,0.91,0.38
1773118976.70500,10.01039,76.3646,3.7,25.56,-0.0813,0.1836,1.2261,6.28,9.70,1.46,0.38
1773118977.80500,10.01039,76.36461,3.7,24.62,0.7323,0.1382,0.9227,4.82,1.89,2.50,0.43
1773118977.90400,10.01039,76.36462,3.7,24.72,1.0405,-0.2943,1.0880,-24.15,-7.01,1.59,0.40
1773118977.00400,10.01039,76.36462,3.7,24.21,0.4335,0.0121,1.0825,-1.40,-6.16,1.65,0.43
1773118977.10400,10.0104,76.36462,3.7,23.91,0.2416,-0.0718,0.8923,-11.04,-1.77,2.44,0.38
1773118977.19700,10.0104,76.36462,3.7,23.91,-0.1924,0.1050,0.7838,3.48,5.55,2.74,0.31
1773118977.30400,10.0104,76.36464,3.7,23.32,0.2195,-0.0493,1.3502,-4.27,9.63,2.20,0.37
1773118977.40500,10.0104,76.36464,3.8,22.99,0.3904,0.0508,1.0333,-5.12,-1.77,2.50,0.33
1773118977.50500,10.0104,76.36465,3.8,22.96,0.7756,-0.0165,0.7379,-4.27,-3.54,1.16,0.44
1773118977.60500,10.01041,76.36465,3.8,21.81,0.0818,0.1859,0.7706,4.70,8.29,1.40,0.41
1773118977.70500,10.01041,76.36466,3.7,22.56,-0.0566,-0.0201,0.8263,-0.79,0.30,3.05,0.42
1773118978.80400,10.01041,76.36466,3.8,21.59,-0.1639,0.1981,1.0474,7.93,1.65,1.28,0.31
1773118978.90400,10.01041,76.36467,3.8,21.43,0.1642,0.1304,0.9150,9.88,0.43,1.04,0.33
1773118978.00500,10.01042,76.36467,3.8,21.40,0.1422,0.0441,1.0764,-2.68,-2.62,1.65,0.39
1773118978.10400,10.01042,76.36468,3.9,21.04,0.1367,0.0996,0.8784,2.56,-1.46,1.22,0.39
1773118978.19800,10.01042,76.36468,3.9,21.04,0.0848,0.0724,0.9089,-7.01,3.90,1.16,0.26
1773118978.30500,10.01042,76.36469,3.8,20.78,0.2302,-0.0272,1.0446,-6.65,-2.74,1.77,0.31
1773118978.40500,10.01042,76.36469,3.8,20.62,0.3594,-0.0374,1.0028,-8.72,-6.59,1.22,0.36
1773118978.50400,10.01043,76.3647,3.9,20.82,0.2484,-0.0070,0.7338,-8.05,-4.70,-0.85,0.44
1773118978.60500,10.01043,76.3647,3.9,20.30,0.0823,-0.0032,0.9537,-3.84,2.01,-2.93,0.37
1773118978.70400,10.01043,76.36471,3.9,20.31,0.1324,0.0624,0.9922,1.34,1.89,-3.05,0.39
1773118979.80400,10.01043,76.36472,3.8,21.01,0.1857,-0.0225,1.1277,0.91,-1.22,-2.87,0.40
1773118979.90400,10.01043,76.36472,3.9,20.33,-0.0203,-0.0414,1.0768,2.44,-2.13,-3.78,0.35
1773118979.00500,10.01044,76.36472,3.8,20.73,0.1517,-0.0260,0.8580,-6.22,-1.83,-3.41,0.40
1773118979.11200,10.01044,76.36472,3.9,20.83,0.1736,0.1168,1.0739,0.18,-0.61,-3.96,0.42
1773118979.19800,10.01044,76.36472,3.9,20.83,0.1266,0.0052,0.9110,-1.46,-1.52,-3.84,0.43
1773118979.30400,10.01044,76.36474,3.9,20.72,0.0543,0.0730,0.8477,2.74,2.13,-3.90,0.38
1773118979.40400,10.01044,76.36474,3.9,20.56,-0.0457,-0.0425,0.9377,-5.06,1.34,-3.48,0.29
1773118979.50400,10.01044,76.36475,3.9,20.79,-0.2037,-0.0087,1.0115,-4.27,4.70,-2.01,0.39
1773118979.60500,10.01045,76.36475,3.9,20.43,0.1134,0.0146,1.1868,-3.17,3.35,-2.44,0.45
1773118979.70500,10.01045,76.36475,3.9,20.84,0.2719,0.1346,1.2087,2.74,-2.56,-1.89,0.39
1773118980.80500,10.01045,76.36476,3.8,20.55,0.2743,0.1548,0.8644,-6.65,0.43,-2.07,0.33
1773118980.90500,10.01045,76.36477,3.9,20.88,0.1260,0.0975,0.6655,-5.37,0.18,-1.52,0.32
1773118980.00500,10.01045,76.36477,3.8,20.88,-0.0132,-0.0330,0.9552,-4.15,7.50,-4.27,0.44
1773118980.10500,10.01046,76.36478,3.9,20.54,0.3462,-0.0105,1.0983,-3.35,0.73,-3.05,0.31
1773118980.19800,10.01046,76.36478,3.9,20.54,0.4335,0.0563,1.1223,-2.74,2.99,-3.35,0.33
1773118980.30400,10.01046,76.36478,3.9,20.55,0.5211,0.0083,0.9434,-5.00,-5.55,-1.34,0.34
1773118980.40400,10.01046,76.36479,3.9,19.69,0.3860,0.0476,0.7452,-9.63,-4.76,-0.91,0.32
1773118980.50500,10.01046,76.36479,3.9,19.41,0.4365,0.0376,0.9022,-11.22,-3.23,0.00,0.45
1773118980.60500,10.01046,76.3648,3.7,18.40,0.2688,0.1085,1.1455,-10.98,-4.45,-2.50,0.36
1773118980.70500,10.01046,76.36481,3.7,18.23,0.2745,0.0839,0.9235,-10.79,-1.22,-4.70,0.29
1773118981.80500,10.01046,76.36481,3.8,17.81,0.2052,0.1215,1.1455,-12.32,-0.12,-12.38,0.37
1773118981.90400,10.01047,76.36481,3.7,17.87,0.3696,0.0118,0.8844,-11.46,0.06,-16.46,0.51
1773118981.00400,10.01047,76.36481,3.7,17.31,0.4391,0.0187,0.8146,-12.62,1.04,-17.07,0.35
1773118981.10400,10.01047,76.36482,3.7,17.48,0.1415,-0.0322,1.0884,-6.95,5.73,-20.67,0.38
1773118981.19800,10.01047,76.36482,3.7,17.48,-0.0199,0.0753,1.0299,-1.46,1.89,-24.82,0.36
1773118981.30400,10.01047,76.36483,3.6,17.62,-0.0771,0.0289,1.0804,-1.77,12.01,-26.65,0.39
1773118981.40400,10.01047,76.36484,3.7,17.10,0.1265,0.0641,1.2596,-3.23,7.32,-17.62,0.48
1773118981.50500,10.01047,76.36484,3.8,16.83,0.2966,0.0150,1.1460,-3.54,4.70,-15.98,0.31
1773118981.60700,10.01047,76.36485,3.6,17.08,0.5853,0.0526,0.8051,-6.40,-11.71,-14.02,0.33
1773118981.70500,10.01047,76.36485,3.7,16.77,0.1473,-0.0215,1.0853,-7.80,15.37,-18.54,0.39
1773118982.80500,10.01047,76.36485,3.6,15.81,0.4829,0.0686,1.2559,-6.40,11.59,-19.63,0.31
1773118982.90600,10.01047,76.36485,3.4,14.11,0.0409,-0.0369,0.7129,-14.82,-0.37,-20.55,0.37
1773118982.00500,10.01047,76.36486,3.3,14.99,-0.3224,0.0796,0.6974,-9.82,2.32,-23.54,0.43
1773118982.10500,10.01047,76.36486,3.4,15.32,0.0410,0.1404,1.0450,-10.85,7.80,-24.82,0.38
1773118982.19800,10.01047,76.36486,3.4,15.32,0.4125,-0.1084,0.8702,-16.77,13.29,-26.34,0.38
1773118982.30500,10.01046,76.36487,3.3,14.57,0.0488,-0.2074,0.9109,-15.79,16.59,-33.17,0.37
1773118982.41300,10.01046,76.36488,3.3,14.34,0.6066,-0.0819,1.2922,1.83,23.84,-43.05,0.38
1773118982.50600,10.01046,76.36488,3.3,13.35,0.0131,0.0051,0.5029,-9.76,5.00,-49.70,0.34
1773118982.60700,10.01046,76.36488,3.3,12.77,0.4999,0.0168,1.0004,-10.79,4.45,-46.95,0.39
1773118982.70700,10.01046,76.36488,3.3,12.11,0.1993,0.0131,1.0942,-3.84,6.77,-46.65,0.34
1773118983.80700,10.01046,76.36488,3.3,12.72,-0.4718,0.0201,0.4618,-2.99,18.66,-46.59,0.29
1773118983.90700,10.01045,76.36488,3.4,12.50,-0.3812,0.2799,1.1073,9.51,8.60,-45.55,0.40
1773118983.00700,10.01045,76.36489,3.4,12.51,-0.2048,0.0991,0.8738,-1.40,-2.01,-42.80,0.34
1773118983.10000,10.01045,76.36489,3.4,12.51,0.3007,0.2258,1.3535,6.28,-14.27,-40.12,0.27
1773118983.20700,10.01045,76.36489,3.5,12.80,0.7970,0.0831,1.3866,3.66,-14.70,-35.91,0.32
1773118983.30000,10.01045,76.36489,3.5,12.80,0.5626,-0.0851,1.0454,-8.05,-3.66,-26.34,0.32
1773118983.40700,10.01044,76.3649,3.5,12.91,0.1409,-0.0486,0.7405,-8.60,1.22,-19.82,0.35
1773118983.50600,10.01044,76.3649,3.3,11.95,0.2168,0.0154,1.3551,-15.24,6.34,-17.20,0.45
1773118983.60700,10.01044,76.3649,3.3,12.18,0.0719,-0.0313,0.9470,-12.56,14.39,-19.63,0.30
1773118983.70700,10.01043,76.3649,3.3,12.77,0.5701,-0.1261,1.0122,-25.79,-2.80,-23.66,0.34
1773118984.80600,10.01043,76.3649,3.3,12.90,-0.2979,0.2396,1.2141,-7.26,13.29,-31.10,0.38
1773118984.90000,10.01043,76.3649,3.3,12.90,0.2028,-0.0536,0.7574,-19.57,8.41,-30.30,0.38
1773118984.00600,10.01042,76.3649,3.3,12.55,0.3364,0.0458,0.9219,-17.74,13.11,-35.00,0.38
1773118984.10600,10.01042,76.3649,3.3,12.79,-0.9618,-0.1202,0.1971,-15.18,-5.85,-40.37,0.33
1773118984.20000,10.01042,76.3649,3.3,12.79,-0.2203,0.1895,1.2887,11.04,21.71,-55.18,0.37
1773118984.30800,10.01041,76.3649,3.2,12.68,0.0034,0.1473,1.1246,16.52,17.20,-52.68,0.38
1773118984.40800,10.01041,76.3649,3.2,12.70,0.1311,0.2709,0.9698,3.96,13.17,-48.60,0.40
1773118984.50100,10.01041,76.3649,3.2,12.70,0.2847,-0.1981,0.2134,-16.59,39.39,-38.84,0.36
1773118984.60900,10.0104,76.3649,3.2,13.81,0.1329,0.2198,1.1338,14.33,7.50,-33.29,0.35
1773118984.70700,10.0104,76.3649,3.2,13.09,0.2256,0.0408,1.0970,4.94,8.05,-34.63,0.30
1773118985.80100,10.0104,76.3649,3.2,13.09,0.0895,-0.0458,0.9672,-6.71,4.09,-33.29,0.35
1773118985.90700,10.01039,76.3649,3.1,14.80,0.1554,0.0305,0.8204,-4.27,11.22,-33.41,0.35
1773118985.00700,10.01039,76.36489,3.1,12.37,0.0613,-0.2181,1.0486,-23.66,11.16,-33.60,0.42
1773118985.10700,10.01039,76.36489,3.0,13.20,-0.0533,0.2704,1.2283,3.66,9.76,-35.55,0.26
1773118985.20100,10.01039,76.36489,3.0,13.20,-0.0115,0.0031,0.7889,-7.44,13.66,-38.90,0.29
1773118985.30700,10.01038,76.36488,2.9,14.26,0.0371,-0.1543,1.0562,-15.24,15.18,-38.29,0.38
1773118985.40700,10.01038,76.36488,2.9,14.58,0.1350,0.1060,1.0708,4.70,14.45,-37.26,0.44
1773118985.50700,10.01038,76.36488,2.8,15.48,0.1990,0.0132,1.1245,3.35,7.01,-35.00,0.42
1773118985.60900,10.01038,76.36488,2.6,15.42,-0.0204,-0.0085,1.0433,-0.79,6.89,-34.45,0.46
1773118985.70700,10.01037,76.36488,2.8,15.85,-0.1499,0.0084,0.9363,10.43,12.26,-32.74,0.44
1773118986.80800,10.01037,76.36487,2.7,16.25,-0.0355,0.0182,1.2622,7.68,10.91,-30.85,0.38
1773118986.90800,10.01037,76.36487,2.8,17.01,0.1605,0.0054,1.1855,8.29,5.30,-25.73,0.36
1773118986.01500,10.01037,76.36486,2.7,18.17,0.0975,0.0918,1.0959,13.17,6.59,-22.44,0.42
1773118986.10800,10.01036,76.36486,2.7,18.26,0.0704,-0.0375,0.9602,9.94,2.07,-17.26,0.43
1773118986.20000,10.01036,76.36486,2.7,18.26,-0.2190,0.0081,1.0514,7.07,0.98,-14.82,0.40
1773118986.30800,10.01036,76.36485,2.6,19.21,0.0259,0.1519,1.1066,10.18,2.38,-12.01,0.40
1773118986.40800,10.01036,76.36485,2.7,20.57,0.1586,-0.0403,0.9250,5.24,-0.30,-11.28,0.33
1773118986.50700,10.01036,76.36484,2.8,21.79,-0.0897,-0.0201,1.0804,5.67,-0.49,-9.94,0.41
1773118986.60800,10.01035,76.36484,2.7,21.73,0.1947,0.1631,0.9789,10.30,3.72,-9.39,0.35
1773118986.70800,10.01035,76.36483,2.7,22.27,-0.0940,0.0570,0.8378,15.43,2.99,-9.57,0.38
1773118987.80800,10.01035,76.36482,2.7,22.63,-0.1859,0.0217,1.0449,9.63,1.77,-7.93,0.34
1773118987.90700,10.01035,76.36482,2.7,23.06,0.2178,0.0272,1.2240,8.29,-0.18,-3.96,0.57
1773118987.00800,10.01035,76.36481,2.7,23.14,0.3138,0.1152,0.7649,10.73,-5.00,-1.59,0.48
1773118987.10800,10.01034,76.36481,2.7,24.10,-0.0552,0.0865,1.1094,7.44,1.16,0.49,0.37
1773118987.20000,10.01034,76.36481,2.7,24.10,-0.0739,0.1458,1.2491,7.50,6.22,1.28,0.44
1773118987.30700,10.01034,76.3648,2.7,24.35,0.0140,-0.0327,0.8744,-0.55,5.06,1.71,0.26
1773118987.40700,10.01034,76.36479,2.6,23.84,0.2858,-0.0826,1.0962,-3.35,-2.99,3.54,0.29
1773118987.50700,10.01034,76.36478,2.7,24.55,0.1461,-0.0834,0.6150,-2.07,-15.30,2.20,0.37
1773118987.60800,10.01033,76.36478,2.6,24.36,0.1627,-0.0436,0.9418,-3.17,1.95,3.11,0.45
1773118987.70700,10.01033,76.36478,2.7,24.28,0.2507,0.1975,0.8450,9.63,9.02,4.02,0.38
1773118988.80700,10.01033,76.36477,2.6,23.51,0.5341,0.1111,0.9363,-2.68,5.18,5.12,0.38
1773118988.90700,10.01033,76.36476,2.8,23.29,0.3425,0.0685,0.9678,-4.51,1.40,5.00,0.29
1773118988.00700,10.01033,76.36475,2.7,23.53,0.1284,-0.0033,0.9868,-4.63,0.30,3.41,0.35
1773118988.10700,10.01032,76.36475,2.8,22.79,0.1051,-0.0466,0.9872,-8.17,1.71,1.89,0.36
1773118988.20100,10.01032,76.36475,2.8,22.79,0.1897,0.1290,1.1793,-0.43,4.88,0.43,0.30
1773118988.30900,10.01032,76.36474,2.7,22.45,0.5399,0.1661,1.0388,-1.77,-4.82,-0.12,0.48
1773118988.41000,10.01032,76.36474,2.7,21.56,0.4220,0.0297,0.9465,-4.70,-6.22,-3.11,0.34
1773118988.51000,10.01032,76.36473,2.7,21.75,0.3279,0.0153,0.8575,-9.39,0.06,-4.82,0.38
1773118988.61100,10.01031,76.36472,2.6,20.96,0.3857,0.0382,0.9104,0.06,-2.56,-5.49,0.42
1773118988.70900,10.01031,76.36472,2.8,20.95,0.2408,-0.0364,1.1600,-4.09,1.83,-5.98,0.40
1773118989.80900,10.01031,76.36472,2.8,20.84,0.4056,0.1379,0.8654,8.11,-3.96,-4.57,0.43
1773118989.90900,10.01031,76.36471,2.8,20.46,0.3556,-0.0122,1.0857,-1.28,3.05,-5.00,0.24
1773118989.01000,10.01031,76.36471,2.7,20.04,0.3784,0.0326,1.1222,-0.30,-1.77,-4.21,0.36
1773118989.10900,10.01031,76.3647,2.8,19.90,0.1005,0.1726,0.9443,5.67,-1.46,-5.85,0.28
1773118989.20300,10.01031,76.3647,2.8,19.90,0.3965,0.1044,1.1661,-1.65,3.54,-5.73,0.50
1773118989.31700,10.0103,76.36469,2.8,19.59,0.3958,0.0016,1.2000,5.61,3.29,-5.12,0.40
1773118989.40900,10.0103,76.36469,2.8,19.36,0.3958,0.0433,0.9113,5.91,0.00,-5.18,0.43
1773118989.50900,10.0103,76.36469,2.9,19.16,0.0840,-0.0123,0.9929,2.99,0.91,-3.78,0.29
1773118989.61000,10.0103,76.36468,2.9,19.26,0.2753,-0.0063,0.7852,3.29,-4.33,-1.40,0.48
1773118989.71000,10.0103,76.36467,2.9,18.90,0.0076,0.0750,1.0511,7.74,5.00,0.12,0.39
1773118990.81000,10.0103,76.36467,3.0,20.08,0.2970,0.0804,1.2123,6.83,-1.28,3.84,0.31
1773118990.91000,10.0103,76.36466,2.9,19.46,-0.0422,0.0068,1.2322,4.27,0.61,4.63,0.31
1773118990.01000,10.01029,76.36465,2.9,20.38,-0.1056,0.0126,0.9368,3.54,4.70,7.62,0.39
1773118990.11000,10.01029,76.36465,2.9,20.12,-0.0717,-0.0372,1.0115,-3.96,2.20,10.18,0.35
1773118990.20300,10.01029,76.36465,2.9,20.12,-0.1023,0.0443,0.9838,-4.45,6.71,10.37,0.44
1773118990.31000,10.01029,76.36464,2.9,21.43,0.2899,0.0936,0.9998,-1.04,0.79,10.24,0.22
1773118990.41000,10.01029,76.36464,2.8,21.72,0.2682,0.0363,1.1298,-2.93,-3.90,8.90,0.34
1773118990.50900,10.01029,76.36463,2.9,22.06,0.0640,0.0424,1.1544,-5.43,0.61,5.61,0.43
1773118990.61000,10.01028,76.36462,3.0,22.65,0.0243,0.0822,1.0493,-5.24,7.26,4.21,0.40
1773118990.71000,10.01028,76.36462,2.9,22.93,0.0649,-0.1033,0.8040,-10.18,-2.50,3.60,0.35
1773118991.81600,10.01028,76.36461,3.0,23.40,0.0944,0.0983,0.9005,1.71,-4.09,2.07,0.37
1773118991.90300,10.01028,76.36461,3.0,23.40,0.0265,0.0934,1.0902,-5.49,3.29,1.89,0.40
1773118991.00900,10.01027,76.3646,3.1,23.85,0.1968,-0.0608,1.0326,-5.91,2.01,1.16,0.30
1773118991.10900,10.01027,76.3646,2.9,23.56,0.2631,0.0127,1.0453,-1.34,1.77,-1.16,0.46
1773118991.20300,10.01027,76.3646,2.9,23.56,0.0857,-0.0634,1.0986,-9.09,2.87,-1.95,0.37
1773118991.31000,10.01027,76.36459,2.9,24.25,0.1073,0.0166,1.0966,-1.89,-2.38,-2.80,0.41
1773118991.40900,10.01026,76.36459,2.8,24.11,0.0533,0.0773,1.1156,2.62,1.89,-4.33,0.37
1773118991.51000,10.01026,76.36458,2.9,24.23,0.1563,-0.0056,1.0734,-1.10,1.04,-3.60,0.33
1773118991.61100,10.01026,76.36457,2.9,24.22,0.5497,-0.1189,0.8230,-9.63,-6.40,-3.41,0.27
1773118991.71000,10.01026,76.36456,3.0,24.65,0.1550,-0.0262,1.1278,0.43,-0.30,-1.22,0.30
1773118992.80900,10.01025,76.36456,3.0,24.08,0.4222,0.0337,0.8524,0.24,-0.37,0.06,0.28
1773118992.90900,10.01025,76.36456,2.9,23.48,0.1355,0.0177,1.1166,-1.10,2.44,1.46,0.32
1773118992.01000,10.01025,76.36455,2.9,23.67,0.2693,0.0284,0.9486,-0.43,-0.24,2.13,0.36
1773118992.11100,10.01025,76.36454,2.9,22.85,0.2343,0.0026,1.0610,-4.21,-1.10,2.01,0.35
1773118992.20400,10.01025,76.36454,2.9,22.85,0.3167,0.1470,0.8041,3.60,-2.38,1.59,0.36
1773118992.31100,10.01024,76.36453,2.9,22.54,0.2288,0.1929,1.0775,6.16,3.60,1.22,0.33
1773118992.41100,10.01024,76.36452,2.9,22.59,0.3391,0.2168,0.9574,9.02,-1.52,1.77,0.39
1773118992.51800,10.01024,76.36452,2.9,21.84,0.0809,0.1063,1.1179,2.62,1.95,1.40,0.39
1773118992.61100,10.01024,76.36452,2.7,22.39,0.1111,-0.0554,0.9399,-6.65,4.33,1.52,0.45
1773118992.71100,10.01024,76.36451,2.7,21.84,0.4136,-0.0869,1.0580,-9.63,-0.55,0.24,0.34
1773118993.81000,10.01023,76.36451,2.7,21.57,0.2384,0.1160,1.0104,-0.24,-0.98,-0.98,0.27
1773118993.91100,10.01023,76.3645,2.6,22.40,0.2172,0.1227,0.8760,6.22,1.10,-1.46,0.32
1773118993.01100,10.01023,76.36449,2.6,21.69,0.0868,0.0226,0.9645,-0.18,3.23,-1.65,0.38
1773118993.11100,10.01023,76.36449,2.6,21.54,0.1417,-0.0345,1.1646,-5.00,3.29,-1.40,0.35
1773118993.20500,10.01023,76.36449,2.6,21.54,0.1741,0.0237,0.9194,0.91,-3.90,-0.30,0.37
1773118993.31200,10.01022,76.36448,2.6,21.77,0.1316,0.1099,1.0328,4.82,0.06,-0.73,0.31
1773118993.41200,10.01022,76.36448,2.6,21.73,0.2882,0.0249,1.0009,-2.93,0.61,-1.28,0.39
1773118993.51200,10.01022,76.36447,2.7,21.60,0.2059,0.0588,0.9531,-1.22,3.29,-0.61,0.35
1773118993.61300,10.01022,76.36446,2.7,21.56,0.3337,0.0963,1.0520,4.02,2.20,-1.40,0.28
1773118993.71200,10.01021,76.36446,2.7,21.34,0.2750,0.0431,0.9799,-0.61,-1.83,-0.79,0.46
1773118994.81100,10.01021,76.36446,2.7,21.26,0.0179,-0.0032,0.8789,-0.06,-0.91,-0.98,0.46
1773118994.91200,10.01021,76.36445,2.8,21.40,0.1429,0.1056,0.9655,4.82,0.79,-1.04,0.40
1773118994.01300,10.01021,76.36445,2.8,20.97,0.2095,-0.0652,0.9824,-5.43,-3.29,-1.59,0.45
1773118994.11300,10.01021,76.36444,2.8,21.34,0.0470,0.0686,0.8894,3.60,-3.41,-0.91,0.33
1773118994.20700,10.01021,76.36444,2.8,21.34,0.1359,-0.0083,1.0415,1.83,-0.49,-1.89,0.43
1773118994.31500,10.0102,76.36443,2.8,20.87,0.1764,0.0345,1.0513,2.99,0.00,0.24,0.39
1773118994.41600,10.0102,76.36443,2.9,21.08,0.3002,0.0168,0.9736,-0.30,-2.01,0.30,0.33
1773118994.51600,10.0102,76.36442,3.0,21.22,0.1608,0.0319,0.9675,-1.04,1.77,0.98,0.40
1773118994.61000,10.0102,76.36442,3.0,21.22,0.1938,0.0137,1.0878,0.18,0.91,1.28,0.43
1773118994.71500,10.01019,76.36441,3.0,20.71,-0.1194,-0.0098,0.8854,1.28,0.06,0.49,0.29
1773118995.80800,10.01019,76.36441,3.0,20.71,-0.0463,0.1163,1.0605,6.65,6.28,0.00,0.35
1773118995.91500,10.01019,76.3644,2.9,20.76,0.1464,0.1365,1.0173,10.12,1.46,1.04,0.35
1773118995.00900,10.01019,76.3644,2.9,20.76,0.0742,0.0521,1.0372,4.94,-0.24,3.35,0.46
1773118995.10900,10.01019,76.3644,2.9,20.76,0.0894,0.0529,1.0203,5.73,4.09,4.76,0.39
1773118995.21600,10.01018,76.3644,3.0,20.93,0.3521,0.0870,1.0197,4.45,-1.16,5.85,0.40
1773118995.31600,10.01018,76.36438,2.9,20.67,0.2080,0.0625,0.9303,0.06,-1.95,7.07,0.37
1773118995.41600,10.01018,76.36438,2.8,20.48,0.2539,0.0258,0.9951,-4.82,2.50,7.44,0.45
1773118995.50900,10.01018,76.36438,2.8,20.48,0.0314,0.0942,0.8322,2.01,-0.43,7.93,0.34
1773118995.61600,10.01017,76.36437,2.8,20.06,-0.0380,-0.0613,0.8295,-6.34,-2.32,7.68,0.39
1773118995.71600,10.01017,76.36436,2.8,21.37,-0.1532,0.1443,1.0219,-0.18,5.43,3.11,0.22
1773118996.81500,10.01017,76.36436,2.9,20.21,0.2494,0.0363,1.0579,-3.84,0.85,5.79,0.40
1773118996.91500,10.01017,76.36436,2.8,20.89,0.2820,0.1050,1.1099,-10.85,-0.24,10.98,0.32
1773118996.02300,10.01016,76.36435,2.9,20.28,0.1365,-0.0297,0.9990,-19.27,2.56,11.59,0.37
1773118996.11500,10.01016,76.36435,2.9,20.55,0.4697,-0.1176,1.0739,-23.84,0.79,6.95,0.34
1773118996.20900,10.01016,76.36435,2.9,20.55,-0.0800,0.0405,0.9766,-15.30,5.30,-0.55,0.44
1773118996.31500,10.01016,76.36433,3.0,20.32,0.0870,-0.0391,0.9113,-10.06,1.95,-8.60,0.32
1773118996.41500,10.01015,76.36433,3.1,21.58,0.2094,0.0254,1.0624,-6.34,3.96,-10.61,0.39
1773118996.51600,10.01015,76.36433,3.2,20.45,0.1368,0.0601,1.0586,0.49,3.72,-10.12,0.30
1773118996.61700,10.01015,76.36432,3.2,20.86,0.2906,0.1742,0.8688,-1.71,-7.13,-9.57,0.33
1773118996.71600,10.01015,76.36432,3.2,20.55,-0.0020,0.0204,0.8535,-0.55,-2.32,-6.95,0.27
1773118997.81600,10.01014,76.36431,3.2,21.59,0.3866,-0.1016,1.2114,-4.82,3.60,-4.39,0.40
1773118997.91500,10.01014,76.36431,3.3,21.40,1.0896,0.2025,1.4989,5.06,4.45,-6.22,0.28
1773118997.01600,10.01014,76.3643,3.2,22.36,0.3973,0.1885,1.1506,4.57,-1.40,-7.80,0.36
1773118997.11700,10.01014,76.3643,3.2,22.25,-0.4359,-0.1034,0.9961,-8.54,2.62,-9.27,0.45
1773118997.21000,10.01014,76.3643,3.2,22.25,0.0863,-0.0134,0.6117,-2.44,3.29,-7.68,0.40
1773118997.31600,10.01013,76.36429,3.2,23.19,0.0713,0.0557,0.9490,3.54,-1.40,-5.85,0.41
1773118997.41700,10.01013,76.36428,3.2,22.54,0.1271,0.0220,0.7500,2.80,-1.59,-5.98,0.41
1773118997.51700,10.01013,76.36427,3.3,23.22,0.4764,-0.0455,0.9751,-1.28,-4.94,-6.04,0.43
1773118997.61700,10.01012,76.36427,3.4,22.69,0.5886,0.0348,0.9604,3.05,-10.24,-6.34,0.36
1773118997.71700,10.01012,76.36427,3.4,22.34,0.9952,0.0339,1.3063,10.24,-1.28,-5.91,0.34
1773118998.81700,10.01012,76.36426,3.4,22.24,0.7733,-0.0342,1.0256,0.91,0.37,-7.07,0.36
1773118998.91700,10.01012,76.36426,3.4,20.37,0.7141,-0.0616,0.8076,0.49,-3.35,-4.27,0.24
1773118998.01700,10.01012,76.36425,3.5,19.83,0.5172,0.0187,0.9966,2.56,-5.37,-2.68,0.37
1773118998.11700,10.01012,76.36424,3.5,19.01,0.6288,0.0221,1.0419,3.84,-4.76,-0.61,0.33
1773118998.21000,10.01012,76.36424,3.5,19.01,0.3959,0.0040,0.8523,5.49,-6.28,-1.34,0.33
1773118998.31700,10.01011,76.36423,3.4,17.87,0.3727,-0.0153,0.9871,2.50,-0.73,-2.01,0.37
1773118998.41700,10.01011,76.36423,3.4,16.99,0.1516,0.1024,1.0533,3.66,-2.20,0.00,0.39
1773118998.51700,10.01011,76.36423,3.4,15.98,-0.2024,0.0156,0.6722,2.68,8.17,2.01,0.25
1773118998.61800,10.01011,76.36423,3.5,14.88,0.2874,-0.0601,0.9739,-2.50,8.60,4.27,0.38
1773118998.71600,10.01011,76.36422,3.5,14.68,0.5280,0.0978,0.8256,0.91,2.68,3.05,0.29
1773118999.81600,10.01011,76.36422,3.5,13.51,0.0033,0.1417,1.0205,0.98,14.09,1.59,0.40
1773118999.91600,10.0101,76.36421,3.5,13.43,-0.0345,-0.0939,0.9485,-10.24,6.95,4.02,0.33
1773118999.01600,10.0101,76.36421,3.5,13.16,0.3384,0.1210,0.9125,-0.73,0.18,4.82,0.30
1773118999.11000,10.0101,76.36421,3.5,13.16,0.1451,-0.0691,0.8075,-10.49,-2.26,3.17,0.34
1773118999.21600,10.0101,76.3642,3.4,13.23,0.2418,0.0835,1.0679,-0.24,-1.83,2.93,0.36
1773118999.31000,10.0101,76.3642,3.4,13.23,0.2599,0.0692,1.1334,-1.89,-0.24,1.28,0.34
1773118999.41700,10.0101,76.3642,3.5,12.14,0.0616,0.1228,1.0845,1.89,0.91,1.04,0.34
1773118999.51000,10.0101,76.3642,3.5,12.14,0.3597,0.0513,1.0031,0.30,1.95,-0.06,0.34
1773118999.61700,10.0101,76.3642,3.5,11.61,-0.1118,0.0170,1.0851,-0.98,14.27,-1.34,0.40
1773118999.71700,10.0101,76.36419,3.5,10.88,0.5929,-0.0016,1.2762,-2.56,2.56,-1.10,0.31
1773119000.81700,10.01009,76.36419,3.4,11.27,-0.1376,-0.0527,0.9877,-2.93,2.87,-4.39,0.32
1773119000.91700,10.01009,76.36419,3.5,10.87,-0.0204,0.0719,0.9209,5.24,2.13,-6.28,0.32
1773119000.00900,10.01009,76.36419,3.5,10.87,-0.0571,0.0969,1.0691,-3.29,-4.15,-4.76,0.35
1773119000.11700,10.01009,76.36418,3.5,12.10,-0.4966,0.0950,1.1256,2.26,6.16,-3.35,0.44
1773119000.20900,10.01009,76.36418,3.5,12.10,0.0183,0.0247,1.0029,-0.98,6.40,-2.99,0.35
1773119000.31600,10.01009,76.36417,3.5,11.07,-0.0306,0.0287,0.9702,0.98,1.16,-2.62,0.41
1773119000.41600,10.01009,76.36417,3.6,12.88,-0.0284,0.1609,0.9275,6.59,1.77,-1.46,0.31
1773119000.51600,10.01009,76.36417,3.5,12.93,0.0731,0.0403,0.9963,-0.79,5.24,-1.34,0.30
1773119000.61800,10.01009,76.36417,3.6,13.03,0.2130,0.1489,1.0450,5.67,1.28,0.67,0.41
1773119000.71600,10.01009,76.36417,3.7,13.28,0.1134,0.0127,1.0679,-4.27,3.60,-1.65,0.43
1773119001.81700,10.01008,76.36416,3.8,13.77,0.2306,-0.0337,0.8921,-5.43,1.16,-2.50,0.46
1773119001.91600,10.01008,76.36416,3.8,13.44,0.3379,0.0176,0.8423,1.46,-0.85,-3.29,0.33
1773119001.01600,10.01008,76.36415,3.8,13.05,0.2570,0.0184,0.8889,2.13,-0.18,-4.02,0.34
1773119001.11600,10.01008,76.36415,3.9,13.03,0.1576,0.0204,1.0159,1.52,-1.16,-4.09,0.33
1773119001.21000,10.01008,76.36415,3.9,13.03,0.3447,0.0205,0.8757,5.06,1.65,-2.80,0.30
1773119001.31800,10.01008,76.36414,4.0,11.94,0.3888,0.0404,1.2257,4.27,3.11,-0.67,0.39
1773119001.41700,10.01008,76.36414,4.0,11.79,0.2974,-0.0221,1.2115,0.00,2.13,0.91,0.39
1773119001.51700,10.01008,76.36414,4.1,11.87,0.3661,0.0099,0.9652,-2.32,-0.61,2.80,0.42
1773119001.61800,10.01008,76.36414,4.3,11.67,0.2988,0.0853,0.8116,2.74,-2.44,5.37,0.29
1773119001.71800,10.01008,76.36413,4.4,11.24,0.0305,0.0751,1.0992,1.04,3.72,6.77,0.42
1773119002.81800,10.01007,76.36413,4.4,10.67,0.2775,0.1235,0.9808,0.98,0.61,6.16,0.38
1773119002.91800,10.01007,76.36413,4.5,10.55,0.2661,0.1321,1.1243,0.67,3.05,8.66,0.36
1773119002.01700,10.01007,76.36412,4.5,10.37,0.3970,0.0607,0.9915,-0.67,-1.77,10.98,0.41
1773119002.11700,10.01007,76.36412,4.6,9.64,0.2133,0.0104,0.8263,-1.89,1.77,11.10,0.51
1773119002.21000,10.01007,76.36412,4.6,9.64,0.1067,0.0914,0.9460,-1.59,3.11,9.57,0.47
1773119002.31700,10.01007,76.36411,4.6,9.51,0.1123,-0.0267,1.0126,-4.09,1.89,7.68,0.44
1773119002.41700,10.01007,76.36411,4.7,8.77,0.1057,0.0806,1.2239,1.22,0.55,2.62,0.31
1773119002.51700,10.01007,76.36411,4.7,9.01,0.2118,-0.0076,0.9249,-3.41,0.18,-1.04,0.39
1773119002.61800,10.01007,76.36411,4.7,8.51,0.1909,0.0770,1.1523,3.54,-2.20,-4.27,0.41
1773119002.71800,10.01007,76.36411,4.8,8.97,0.1877,0.0668,0.8806,3.96,-2.93,-3.66,0.39
1773119003.81800,10.01007,76.36411,4.8,8.69,0.1222,0.1425,1.0792,5.98,-0.67,-2.68,0.40
1773119003.91700,10.01006,76.36411,4.8,8.61,0.1270,0.0134,0.6996,-0.43,-2.93,0.61,0.37
1773119003.01700,10.01006,76.3641,4.9,8.49,0.0582,0.0259,1.0880,-3.17,2.99,1.77,0.36
1773119003.11700,10.01006,76.3641,4.9,8.61,0.3605,0.0287,1.2175,-3.11,6.71,5.00,0.34
1773119003.21100,10.01006,76.3641,4.9,8.61,0.1808,0.0461,1.0917,-0.18,6.59,3.84,0.31
1773119003.31800,10.01006,76.3641,5.0,8.35,0.1455,0.0439,1.1447,-1.83,8.05,2.56,0.38
1773119003.41700,10.01006,76.36409,5.1,8.10,0.0962,0.0453,1.0947,-1.77,16.89,3.66,0.37
1773119003.51700,10.01006,76.36409,5.1,7.43,0.0956,0.0336,0.7347,-0.73,13.48,4.39,0.35
1773119003.61800,10.01006,76.36409,5.2,7.38,0.0812,-0.0443,0.6423,-3.48,0.67,2.62,0.46
1773119003.71800,10.01006,76.36409,5.3,7.26,0.1409,-0.0189,0.7871,-1.89,-8.78,2.56,0.34
1773119004.81800,10.01006,76.36408,5.4,7.17,0.1399,-0.0479,0.6493,-2.99,-14.15,1.46,0.42
1773119004.91800,10.01006,76.36408,5.5,7.37,0.1953,0.0118,0.9120,-0.98,-18.60,1.16,0.48
1773119004.01800,10.01006,76.36408,5.5,7.05,0.2839,0.0500,1.2911,0.24,-19.09,1.34,0.36
1773119004.11800,10.01005,76.36408,5.5,7.10,0.2070,0.0237,1.1630,-2.93,-16.52,1.59,0.36
1773119004.21100,10.01005,76.36408,5.5,7.10,0.2831,0.0735,0.8740,-0.43,-15.85,0.91,0.43
1773119004.31700,10.01005,76.36407,5.7,6.72,0.2576,0.0635,0.8207,-1.40,-10.61,1.40,0.34
1773119004.41100,10.01005,76.36407,5.7,6.72,0.0228,0.0724,0.7571,-0.55,-2.99,0.67,0.37
1773119004.51700,10.01005,76.36407,5.7,7.57,0.3827,0.0354,0.7545,-1.34,3.72,0.30,0.35
1773119004.61800,10.01005,76.36407,5.8,7.17,0.0077,0.0448,1.0226,-0.67,17.13,-5.49,0.38
1773119004.71800,10.01005,76.36407,5.9,7.76,0.0469,0.0664,0.8936,-0.30,16.77,-8.48,0.35
1773119005.81800,10.01005,76.36407,5.9,7.34,0.0071,0.1039,1.0403,4.27,10.85,-8.90,0.31
1773119005.91700,10.01005,76.36407,6.0,7.70,0.0034,0.0033,0.9258,-0.91,5.73,-7.26,0.30
1773119005.01100,10.01005,76.36407,6.0,7.70,0.0941,0.0396,1.0547,2.74,8.66,-7.56,0.43
1773119005.11800,10.01005,76.36406,6.1,8.65,0.2316,-0.0222,0.8890,-3.35,2.99,-3.66,0.38
1773119005.21100,10.01005,76.36406,6.1,8.65,0.0020,0.0345,0.8793,-1.77,1.77,-0.73,0.35
1773119005.31800,10.01005,76.36406,6.0,8.86,0.0140,0.1578,0.9781,6.16,-0.30,0.18,0.34
1773119005.41700,10.01004,76.36405,6.1,9.52,0.2269,0.1028,1.2847,4.88,1.52,-0.06,0.39
1773119005.51800,10.01004,76.36405,6.1,9.19,0.1017,0.0596,0.8934,0.06,-0.43,0.98,0.27
1773119005.61800,10.01004,76.36405,6.2,9.49,0.1018,0.0773,1.0035,-3.11,-1.34,2.99,0.34
1773119005.71800,10.01004,76.36404,6.2,9.28,0.1357,0.0299,0.9438,-1.71,-3.05,1.89,0.38
1773119006.81700,10.01004,76.36404,6.3,9.46,-0.0277,-0.0247,0.8439,1.10,0.06,2.80,0.36
1773119006.92400,10.01004,76.36404,6.3,9.57,0.0804,-0.0189,1.2618,-2.01,-0.12,2.93,0.37
1773119006.01000,10.01004,76.36404,6.3,9.57,0.1292,0.1167,0.8662,2.38,2.13,3.41,0.37
1773119006.11100,10.01004,76.36404,6.3,9.57,-0.0255,-0.0442,1.0659,-6.10,-0.49,3.96,0.43
1773119006.21800,10.01004,76.36404,6.4,9.99,-0.1018,0.0564,0.8960,-7.07,1.52,1.34,0.44
1773119006.31800,10.01003,76.36404,6.4,10.13,-0.0129,0.0024,1.0532,1.40,4.02,0.24,0.36
1773119006.41800,10.01003,76.36403,6.4,10.74,-0.0730,-0.0851,1.1327,1.46,3.05,1.10,0.42
1773119006.51800,10.01003,76.36403,6.5,11.48,0.1180,-0.0868,1.0605,-0.43,2.80,-2.80,0.41
1773119006.61800,10.01003,76.36402,6.5,11.68,-0.0016,0.0315,0.9976,-4.70,0.55,-4.21,0.40
1773119006.71800,10.01003,76.36402,6.5,12.50,-0.2091,0.0870,0.9531,-5.98,-0.61,-4.76,0.37
1773119007.81700,10.01003,76.36402,6.6,12.59,-0.1809,0.0557,1.0046,-1.46,6.89,-5.85,0.41
1773119007.91700,10.01003,76.36401,6.7,13.71,-0.4342,-0.0439,1.2946,-5.00,4.94,-5.67,0.37
1773119007.01700,10.01003,76.36401,6.7,14.05,-0.1982,0.0857,1.0087,0.12,4.02,-8.23,0.38
1773119007.11700,10.01002,76.36401,6.8,15.08,0.0784,0.2247,1.1193,10.37,1.77,-7.68,0.38
1773119007.21000,10.01002,76.36401,6.8,15.08,-0.1437,0.1036,1.3282,8.54,2.99,-7.26,0.39
1773119007.31800,10.01002,76.364,6.8,17.85,-0.1862,0.0502,0.9313,5.49,5.24,-7.56,0.41
1773119007.41800,10.01002,76.364,6.8,18.64,-0.3745,0.2037,1.3684,12.20,3.66,-3.96,0.39
1773119007.51700,10.01002,76.36399,6.8,20.16,-0.2813,-0.0179,0.9531,7.13,0.49,-2.26,0.36
1773119007.61800,10.01001,76.36398,6.8,21.67,-0.6006,-0.0488,1.0112,-3.05,0.79,0.55,0.28
1773119007.71700,10.01001,76.36398,6.8,22.99,-0.1079,-0.0205,1.0117,0.30,6.65,1.04,0.35
1773119008.81800,10.01001,76.36398,6.9,24.24,-0.8765,-0.1644,1.0538,-2.80,4.63,1.59,0.39
1773119008.91700,10.01001,76.36397,6.9,26.00,0.0079,-0.0061,0.5358,-3.54,-1.22,0.37,0.35
1773119008.01700,10.01001,76.36396,6.9,27.27,-0.2223,0.0436,0.8674,-1.34,10.43,-0.30,0.37
1773119008.11700,10.01,76.36395,6.9,28.66,-0.1526,0.0758,0.6832,-9.39,-3.48,0.43,0.30
1773119008.21000,10.01,76.36395,6.9,28.66,-0.2219,0.0167,0.5247,-2.20,-4.76,-1.16,0.33
1773119008.31700,10.01,76.36394,6.9,32.01,-0.8358,0.0475,0.5286,-5.18,1.65,-2.20,0.33
1773119008.41800,10.00999,76.36393,6.9,34.14,-0.2561,0.2606,0.4148,5.55,-13.11,-3.35,0.28
1773119008.51800,10.00999,76.36392,7.0,35.07,0.1489,0.0485,-0.1523,-1.28,-5.79,-5.24,0.35
1773119008.61800,10.00999,76.36391,7.0,37.06,-0.8646,-0.1357,1.3748,-3.29,11.16,-7.99,0.30
1773119008.71800,10.00999,76.36391,7.0,37.78,0.2263,0.1600,0.8167,9.88,0.73,-4.51,0.29
1773119009.81700,10.00998,76.36389,7.0,37.05,-0.2130,0.0574,0.7944,10.37,4.45,-2.20,0.44
1773119009.91700,10.00998,76.36388,7.0,39.56,-0.2544,0.2036,1.3071,6.89,-2.20,0.85,0.38
1773119009.01700,10.00998,76.36388,7.1,40.20,-0.4999,0.2063,0.9631,5.49,-1.10,-0.49,0.48
1773119009.11700,10.00997,76.36387,7.1,41.42,-0.4271,-0.1444,0.5645,-10.37,4.57,-1.40,0.47
1773119009.21000,10.00997,76.36387,7.1,41.42,-0.0878,-0.1759,0.7013,-7.32,-7.13,-0.30,0.39
1773119009.31800,10.00997,76.36385,7.1,44.03,-0.5554,-0.1864,0.2538,-1.34,9.94,-3.17,0.40
1773119009.41800,10.00996,76.36383,7.1,45.23,0.0563,-0.0820,0.9109,-4.57,-0.91,-0.67,0.38
1773119009.51800,10.00996,76.36382,7.1,46.45,-0.2172,-0.0316,0.5807,1.52,8.35,-3.35,0.41
1773119009.61900,10.00995,76.36381,7.1,47.98,-0.7754,-0.1299,0.6289,-8.17,-12.26,-3.35,0.30
1773119009.71700,10.00995,76.3638,7.2,48.53,-0.8571,-0.4246,0.0715,-5.55,2.07,-0.91,0.34
1773119010.81700,10.00995,76.36378,7.2,50.02,0.1125,-0.0389,0.8867,9.51,16.28,0.73,0.36
1773119010.91800,10.00994,76.36378,7.2,51.20,-0.6637,0.0742,0.5479,2.74,-3.05,-0.91,0.44
1773119010.01900,10.00994,76.36376,7.1,52.39,-0.1720,-0.2289,0.5931,-1.16,-3.41,-3.11,0.29
1773119010.11200,10.00994,76.36376,7.1,52.39,-0.2924,0.0305,0.3975,14.94,21.22,-2.07,0.35
1773119010.21200,10.00994,76.36376,7.1,52.39,0.9092,0.0896,0.0424,12.38,-10.61,5.00,0.46
1773119010.31800,10.00993,76.36373,7.1,54.74,0.3185,0.0313,0.6553,-1.34,-17.56,-0.37,0.32
1773119010.41800,10.00992,76.36371,7.1,57.35,-0.4022,0.0139,0.8389,6.95,6.65,-0.06,0.42
1773119010.51200,10.00992,76.36371,7.1,57.35,0.6042,-0.1691,0.9354,-1.71,-2.62,0.85,0.38
1773119010.62000,10.00991,76.36368,7.1,57.93,0.5669,-0.0717,0.7269,3.23,-17.07,0.37,0.38
1773119010.71200,10.00991,76.36368,7.1,57.93,-0.2026,0.0155,1.1013,3.90,-24.21,6.16,0.32
1773119011.81900,10.0099,76.36366,7.1,58.46,0.2742,0.0870,-0.0618,-1.77,-6.28,6.46,0.32
1773119011.91200,10.0099,76.36366,7.1,58.46,-0.0049,0.1141,0.9756,5.79,-0.18,4.33,0.35
1773119011.01900,10.00989,76.36362,7.0,57.65,0.1647,-0.1212,0.7631,-11.10,5.55,4.02,0.35
1773119011.11200,10.00989,76.36362,7.0,57.65,-0.3192,-0.1978,0.2991,11.46,33.05,7.68,0.42
1773119011.21200,10.00989,76.36362,7.0,57.65,1.4348,0.1693,0.5845,2.32,1.10,2.87,0.38
1773119011.31800,10.00988,76.36359,7.0,57.02,0.2567,-0.0020,0.9664,2.68,-3.60,3.66,0.37
1773119011.41200,10.00988,76.36359,7.0,57.02,0.0573,0.1279,0.9690,-0.37,15.73,4.63,0.27
1773119011.51800,10.00987,76.36356,7.1,54.59,1.3755,0.2544,1.1908,-0.67,6.22,4.09,0.35
1773119011.61200,10.00987,76.36356,7.1,54.59,0.2025,0.1073,1.0110,-4.45,1.04,3.11,0.40
1773119012.71900,10.00986,76.36353,7.1,53.27,1.8733,-0.2098,1.2134,-9.94,-35.12,5.98,0.38
1773119012.81200,10.00986,76.36353,7.1,53.27,-0.5366,0.0007,1.4611,1.77,39.51,2.62,0.51
1773119012.91900,10.00985,76.36351,7.1,52.96,0.2506,0.2620,1.1796,6.22,0.00,4.39,0.39
1773119012.01200,10.00985,76.36351,7.1,52.96,0.0985,0.1345,0.8182,6.65,2.99,5.79,0.28
1773119012.11200,10.00985,76.36351,7.1,52.96,0.4926,0.1823,0.8065,2.74,2.26,3.41,0.32
1773119012.21900,10.00984,76.36349,7.1,50.48,0.6572,0.1010,0.7188,2.38,1.71,2.99,0.40
1773119012.31200,10.00984,76.36349,7.1,50.48,0.0066,0.0837,0.9712,1.59,5.30,2.32,0.29
1773119012.41900,10.00982,76.36345,7.2,47.46,0.1193,-0.0360,0.6328,4.09,2.26,2.01,0.35
1773119012.51200,10.00982,76.36345,7.2,47.46,0.5537,-0.0205,0.9446,-2.07,3.72,2.62,0.35
1773119012.61900,10.00981,76.36343,7.4,47.11,0.6172,0.0103,1.3171,2.26,0.73,3.78,0.37
1773119012.71100,10.00981,76.36343,7.4,47.11,0.4111,-0.0283,0.5114,-4.45,-0.18,5.30,0.39
1773119013.81800,10.0098,76.36341,7.5,45.20,-0.0220,-0.0742,0.9236,-4.21,8.60,5.00,0.42
1773119013.91100,10.0098,76.36341,7.5,45.20,0.5385,-0.0114,0.8245,-3.05,-3.35,3.11,0.31
1773119013.01800,10.00979,76.36339,7.7,44.06,0.1320,0.1127,0.9800,1.89,2.20,3.78,0.43
1773119013.11200,10.00979,76.36339,7.7,44.06,0.3387,-0.0326,0.8523,-4.33,2.50,5.06,0.30
1773119013.21200,10.00979,76.36339,7.7,44.06,0.1888,0.0804,1.1652,-3.29,8.41,5.18,0.35
1773119013.31900,10.00978,76.36337,8.0,42.49,0.4987,-0.0190,1.3906,-5.37,0.37,5.12,0.33
1773119013.41900,10.00977,76.36335,8.1,40.90,0.4547,0.0824,0.9199,-0.18,5.30,2.13,0.37
1773119013.51900,10.00976,76.36334,8.3,40.50,-0.3492,0.0720,0.6298,2.62,6.16,2.68,0.34
1773119013.61300,10.00976,76.36334,8.3,40.50,-0.1189,0.1432,1.4491,4.27,8.29,2.32,0.33
1773119014.71800,10.00975,76.36333,8.4,39.41,-0.1097,-0.0063,1.4741,3.72,11.52,2.74,0.34
1773119014.81800,10.00975,76.36332,8.5,41.22,0.1858,0.0450,1.0258,7.32,1.95,1.59,0.37
1773119014.91800,10.00974,76.3633,8.6,40.59,0.0192,0.2424,0.8674,12.74,2.13,0.55,0.36
1773119014.01800,10.00974,76.3633,8.6,40.68,-0.2170,0.2397,0.9877,18.35,-3.72,3.48,0.35
1773119014.11800,10.00973,76.36329,8.7,41.74,0.0529,0.0323,0.7471,11.83,-1.52,3.96,0.47
1773119014.21200,10.00973,76.36329,8.7,41.74,0.1631,0.2017,0.4755,11.34,-5.30,3.78,0.38
1773119014.31800,10.00972,76.36327,8.8,42.55,0.0486,-0.1720,1.0103,2.20,1.16,4.88,0.38
1773119014.41900,10.00971,76.36327,8.9,42.63,-0.1287,-0.0753,1.0885,4.63,7.56,4.39,0.41
1773119014.51900,10.00971,76.36326,8.9,43.20,-0.7208,0.0291,1.0530,17.99,11.89,7.62,0.35
1773119014.61200,10.00971,76.36326,8.9,43.20,0.3693,0.1393,0.7477,26.46,-1.34,10.24,0.37
1773119015.71800,10.00969,76.36324,9.0,44.03,0.5817,0.0601,1.4120,11.04,1.59,9.70,0.34
1773119015.81200,10.00969,76.36324,9.0,44.03,-1.1478,0.2698,0.6874,33.41,9.51,15.37,0.22
1773119015.91800,10.00968,76.36322,9.1,45.08,0.6444,-0.1053,0.9238,16.65,11.77,12.50,0.38
1773119015.01800,10.00967,76.36321,9.2,45.05,0.1879,0.1901,1.1760,-6.10,6.22,14.88,0.32
1773119015.11200,10.00967,76.36321,9.2,45.05,-0.2861,0.2284,0.6974,9.45,4.63,13.23,0.35
1773119015.21200,10.00967,76.36321,9.2,45.05,-0.1228,0.2313,1.2216,5.67,3.29,13.72,0.37
1773119015.31800,10.00966,76.3632,9.3,45.56,0.0580,0.1267,0.7252,15.49,6.46,11.77,0.38
1773119015.41900,10.00964,76.36318,9.5,46.66,0.0210,0.2166,1.0850,2.13,5.91,10.18,0.40
1773119015.51900,10.00963,76.36317,9.5,46.78,0.2363,0.0734,1.2948,-6.52,9.33,10.79,0.41
1773119015.61900,10.00962,76.36316,9.6,47.46,0.0367,-0.0431,0.9716,1.65,-6.04,11.04,0.37
1773119016.71800,10.00961,76.36316,9.6,47.12,-0.2159,0.2040,1.0006,4.21,9.21,12.44,0.32
1773119016.81800,10.0096,76.36315,9.7,47.25,0.2169,0.0702,0.8317,0.30,-0.12,12.07,0.37
1773119016.91800,10.00959,76.36314,9.7,47.43,0.0072,0.0253,0.8038,-0.43,6.40,11.52,0.35
1773119016.01900,10.00958,76.36314,9.8,47.21,0.1445,0.1906,1.2581,-6.34,7.26,12.99,0.38
1773119016.11900,10.00957,76.36313,9.9,47.89,-0.0048,0.1002,1.1598,-9.39,2.50,14.15,0.31
1773119016.21200,10.00957,76.36313,9.9,47.89,-0.1566,-0.0269,0.9271,-12.38,5.61,16.40,0.39
1773119016.31900,10.00955,76.36311,10.1,47.42,0.0288,0.0881,1.1730,-17.07,4.76,16.46,0.24
1773119016.41900,10.00954,76.36311,10.1,47.35,0.0988,0.0846,0.7783,-22.74,-1.52,15.43,0.35
1773119016.51800,10.00953,76.36311,10.2,47.03,-0.0028,0.0106,0.7401,-28.90,5.61,12.07,0.31
1773119016.61900,10.00952,76.3631,10.3,46.62,0.3171,-0.0262,0.9081,-31.16,-1.89,8.78,0.35
1773119017.71800,10.00951,76.36309,10.4,47.02,0.2759,-0.1274,1.3899,-29.76,6.22,4.21,0.45
1773119017.81800,10.0095,76.36308,10.4,46.97,0.1775,-0.2412,0.9851,-27.26,-9.45,1.83,0.30
1773119017.91800,10.00949,76.36308,10.5,46.71,0.0607,0.0896,0.8303,-8.66,-1.10,-0.55,0.33
1773119017.01900,10.00948,76.36308,10.6,46.25,0.1232,0.1553,0.5261,8.05,4.21,-7.01,0.41
1773119017.11900,10.00947,76.36307,10.7,46.34,0.1434,0.0806,1.0847,9.09,3.29,-11.95,0.36
1773119017.21200,10.00947,76.36307,10.7,46.34,-0.0283,0.0339,0.6754,23.29,2.01,-12.93,0.39
1773119017.31900,10.00945,76.36306,10.8,46.57,-0.1171,0.0504,1.0559,35.00,5.55,-11.10,0.45
1773119017.41900,10.00944,76.36305,10.9,46.69,0.1068,0.1005,0.7910,42.20,2.62,-6.71,0.38
1773119017.51900,10.00943,76.36304,11.0,47.12,0.2239,0.0464,0.9553,40.24,-1.40,2.26,0.39
1773119017.62000,10.00942,76.36304,11.0,47.00,0.2753,0.1061,1.0570,26.04,-0.73,12.99,0.40
1773119018.71800,10.00941,76.36304,11.1,46.89,-0.0817,0.2129,1.1041,19.76,8.96,15.37,0.34
1773119018.81800,10.00939,76.36303,11.2,47.13,0.1259,0.1497,0.7439,14.33,4.15,15.98,0.33
1773119018.91800,10.00938,76.36303,11.2,47.39,0.2050,0.0007,1.2025,-3.35,8.78,17.68,0.38
1773119018.01800,10.00937,76.36302,11.3,46.85,0.0540,0.2424,1.3115,2.38,10.12,18.29,0.38
1773119018.11800,10.00936,76.36302,11.3,46.72,0.0895,0.0929,1.0514,-14.51,13.66,18.11,0.42
1773119018.21200,10.00936,76.36302,11.3,46.72,0.4828,0.1082,0.9434,-14.51,-2.99,13.84,0.35
1773119018.31900,10.00934,76.36301,11.5,45.11,0.1858,0.0858,0.9517,-16.40,-3.11,12.13,0.30
1773119018.41900,10.00933,76.36301,11.6,44.22,0.2845,0.2361,0.7551,-10.12,-5.61,9.51,0.48
1773119018.51900,10.00932,76.36301,11.7,44.40,0.6355,0.1156,0.8586,-9.09,-5.73,10.43,0.35
1773119018.61900,10.00931,76.363,11.8,43.43,0.5831,-0.1755,0.8361,-20.12,-0.37,10.98,0.35
1773119019.71800,10.0093,76.363,11.8,42.56,0.4705,-0.0237,0.4424,-18.84,-0.30,8.29,0.40
1773119019.81800,10.00929,76.363,11.9,41.16,0.3025,-0.2222,0.6377,-12.26,4.09,6.46,0.36
1773119019.91900,10.00928,76.36299,12.0,40.08,0.6409,0.1010,0.8285,-17.74,1.95,4.09,0.33
1773119019.01900,10.00927,76.36299,12.0,38.37,0.4144,0.0203,0.8815,-15.79,9.88,0.85,0.35
1773119019.11800,10.00926,76.36299,12.2,38.25,0.1017,0.1062,0.7775,-17.32,-0.06,2.07,0.30
1773119019.21100,10.00926,76.36299,12.2,38.25,0.0460,0.1439,0.9342,-12.01,2.62,0.79,0.35
1773119019.31800,10.00924,76.36298,12.3,35.86,0.4094,0.0330,0.9226,-18.35,2.87,2.50,0.43
1773119019.41800,10.00923,76.36298,12.4,35.56,0.7212,-0.0798,0.6082,-25.00,-4.02,0.85,0.30
1773119019.52500,10.00922,76.36298,12.4,34.35,1.1479,0.0284,0.3915,-16.59,-4.09,-8.96,0.45
1773119019.61900,10.00922,76.36298,12.4,33.33,0.9740,-0.1561,0.8129,-16.46,-7.56,-11.34,0.45
1773119020.71800,10.00921,76.36298,12.4,32.19,0.7454,-0.2168,0.8497,-11.71,-2.87,-10.30,0.50
1773119020.81900,10.0092,76.36298,12.5,29.65,0.7903,0.0765,0.7374,-15.06,-1.71,-12.56,0.43
1773119020.91900,10.0092,76.36298,12.6,27.70,0.3738,0.0676,0.7286,-21.28,6.71,-17.99,0.32
1773119020.01900,10.00919,76.36297,12.6,26.22,0.7312,0.2125,1.2899,-9.21,11.95,-21.22,0.33
1773119020.11900,10.00918,76.36297,12.6,24.41,0.8983,0.1749,0.9529,-4.51,3.78,-26.89,0.34
1773119020.21200,10.00918,76.36297,12.6,24.41,0.7644,-0.0016,0.9413,-3.66,14.70,-32.07,0.38
1773119020.31900,10.00917,76.36296,12.6,20.57,0.5802,-0.1196,0.9119,-10.12,14.63,-37.20,0.43
1773119020.41800,10.00917,76.36296,12.7,19.20,0.5776,-0.0641,0.9658,-3.96,12.93,-37.93,0.36
1773119020.51900,10.00917,76.36296,12.7,17.97,0.4965,0.1323,0.9132,4.21,12.44,-39.15,0.32
1773119020.62000,10.00916,76.36295,12.7,16.48,0.4750,0.0604,0.9266,5.91,8.41,-41.95,0.32
1773119021.71900,10.00916,76.36295,12.7,15.60,0.3087,0.0294,0.9252,4.51,8.48,-42.01,0.25
1773119021.81900,10.00916,76.36295,12.7,14.53,0.3123,-0.0691,0.9668,-1.34,11.28,-43.96,0.49
1773119021.91900,10.00916,76.36295,12.7,13.62,0.2985,-0.0005,0.9288,5.37,13.60,-45.91,0.35
1773119021.01900,10.00915,76.36295,12.7,13.00,0.1897,0.0228,1.0696,11.40,10.30,-47.87,0.30
1773119021.11800,10.00915,76.36295,12.7,11.69,0.3561,0.0773,1.1334,8.11,5.79,-43.41,0.33
1773119021.21100,10.00915,76.36295,12.7,11.69,0.2482,0.1339,1.1147,14.82,5.00,-38.96,0.46
1773119021.31800,10.00915,76.36294,12.7,11.60,-0.0791,0.0034,0.7719,7.50,2.93,-37.01,0.39
1773119021.41800,10.00915,76.36294,12.7,10.54,0.8164,-0.0240,1.2661,2.13,10.55,-31.59,0.34
1773119021.51800,10.00915,76.36293,12.8,10.24,0.3843,-0.1162,0.7457,1.89,-2.26,-26.34,0.34
1773119021.61900,10.00915,76.36293,12.8,10.71,0.4484,0.1000,1.0450,8.48,-0.49,-22.44,0.35
1773119022.71900,10.00915,76.36293,12.8,9.04,0.4442,0.0199,1.1060,-2.13,-4.51,-16.65,0.42
1773119022.81900,10.00915,76.36292,12.8,9.66,0.2352,-0.0079,0.8816,-0.06,6.10,-16.65,0.37
1773119022.91900,10.00915,76.36292,12.7,8.23,0.0364,0.1833,1.1267,4.70,3.54,-24.39,0.38
1773119022.01900,10.00915,76.36292,12.7,8.04,0.1250,0.2063,0.9429,6.59,-0.43,-24.39,0.38
1773119022.11900,10.00915,76.36292,12.7,7.52,0.0929,0.0365,1.1115,0.12,-2.56,-21.10,0.29
1773119022.21100,10.00915,76.36292,12.7,7.52,0.1001,0.0898,1.2332,-2.38,1.65,-21.46,0.38
1773119022.31800,10.00915,76.36292,12.7,7.43,0.3876,-0.0078,0.9420,-1.04,-7.62,-16.10,0.37
1773119022.41800,10.00915,76.36292,12.7,8.16,-0.0092,0.1105,1.1481,1.52,-0.55,-14.27,0.36
1773119022.51900,10.00915,76.36292,12.7,8.10,-0.2844,0.0741,0.9091,-3.23,4.21,-9.94,0.35
1773119022.61900,10.00915,76.36291,12.7,8.27,-0.0214,0.1089,1.1815,-3.11,6.59,-3.60,0.37
1773119023.71800,10.00915,76.36291,12.7,8.54,0.0833,0.0168,0.9581,-2.68,3.35,-5.98,0.29
1773119023.81900,10.00915,76.36291,12.7,8.70,-0.0114,0.0436,1.0725,-9.45,6.28,-8.48,0.33
1773119023.91200,10.00915,76.36291,12.7,8.70,0.2028,0.0760,0.9752,-3.90,5.98,-11.77,0.26
1773119023.01800,10.00915,76.3629,12.7,9.00,0.3524,0.0634,0.8929,-4.02,-4.76,-14.88,0.33
1773119023.11100,10.00915,76.3629,12.7,9.00,0.0432,0.0446,1.0814,-5.85,-2.38,-18.72,0.39
1773119023.21800,10.00915,76.3629,12.7,8.97,0.0015,0.0536,0.9542,-3.48,-1.95,-22.13,0.31
1773119023.31100,10.00915,76.3629,12.7,8.97,0.0425,0.0389,0.9241,-3.17,-4.15,-22.20,0.38
1773119023.41900,10.00915,76.36289,12.7,9.00,0.2094,0.0745,0.8142,-5.06,-6.59,-17.07,0.35
1773119023.51200,10.00915,76.36289,12.7,9.00,0.2045,0.0383,1.1001,-9.70,-6.16,-13.96,0.46
1773119023.61900,10.00915,76.36288,12.7,9.40,0.0439,0.0485,0.9056,-7.80,3.35,-14.76,0.38
1773119023.71200,10.00915,76.36288,12.7,9.40,0.2831,0.0740,0.9962,-7.62,1.83,-13.90,0.41
1773119024.81900,10.00916,76.36288,12.7,8.63,0.0425,0.0388,0.9830,-16.04,7.87,-15.24,0.40
1773119024.91200,10.00916,76.36288,12.7,8.63,0.0181,0.0131,1.0288,-14.76,8.35,-14.27,0.36
1773119024.01900,10.00916,76.36288,12.7,9.04,0.1206,0.0387,0.9417,-16.83,5.55,-16.71,0.35
1773119024.11200,10.00916,76.36288,12.7,9.04,0.0408,0.0624,1.0505,-22.13,-2.13,-20.00,0.33
1773119024.21900,10.00916,76.36288,12.6,9.92,-0.1023,0.1323,0.9288,-20.91,2.50,-25.43,0.30
1773119024.31200,10.00916,76.36288,12.6,9.92,0.0718,0.1414,0.8956,-19.15,1.59,-29.21,0.41
1773119024.41900,10.00917,76.36287,12.6,11.54,0.0192,0.1528,1.0978,-22.50,8.05,-35.73,0.30
1773119024.51200,10.00917,76.36287,12.6,11.54,0.1324,-0.0638,0.9139,-28.17,10.24,-40.00,0.32
1773119024.61900,10.00917,76.36287,12.6,12.66,-0.1096,0.0112,1.0814,-18.35,18.60,-47.50,0.43
1773119025.71900,10.00917,76.36287,12.5,13.15,-0.0006,-0.1558,1.0714,-22.62,20.85,-56.52,0.42
1773119025.81900,10.00918,76.36286,12.5,13.60,0.0813,-0.0752,0.9354,-15.73,19.15,-60.12,0.30
1773119025.91200,10.00918,76.36286,12.5,13.60,-0.0930,-0.0360,1.3400,-7.74,20.55,-58.05,0.40
1773119025.01900,10.00918,76.36286,12.4,16.18,-0.0767,-0.0251,1.1208,-1.16,20.24,-57.20,0.48
1773119025.11100,10.00918,76.36286,12.4,16.18,-0.0613,-0.0957,0.9979,-3.72,17.13,-50.55,0.33
1773119025.21800,10.00919,76.36286,12.4,17.22,0.0663,-0.0140,1.1412,2.20,12.32,-39.09,0.32
1773119025.31100,10.00919,76.36286,12.4,17.22,-0.1505,0.0908,1.0659,5.61,11.10,-34.21,0.39
1773119025.41800,10.0092,76.36286,12.3,19.67,-0.0707,-0.0024,0.9629,-2.99,13.78,-29.02,0.39
1773119025.51200,10.0092,76.36286,12.3,19.67,-0.2483,0.2748,1.0453,12.01,7.01,-24.82,0.33
1773119025.61900,10.00921,76.36286,12.2,22.07,-0.4716,-0.1322,1.0520,-8.90,7.01,-26.10,0.40
1773119025.71200,10.00921,76.36286,12.2,22.07,-0.3502,-0.0912,0.8865,-4.82,8.23,-25.61,0.34
1773119026.81900,10.00923,76.36286,12.1,25.36,-0.1454,-0.1985,0.9899,1.59,7.26,-26.28,0.43
1773119026.91800,10.00923,76.36286,12.0,26.64,-0.2141,-0.0142,0.7340,12.26,0.37,-24.33,0.35
1773119026.01800,10.00924,76.36286,12.0,27.75,-0.0074,0.0062,0.6967,16.16,3.23,-19.63,0.32
1773119026.11800,10.00925,76.36286,11.9,29.51,-0.4397,0.2640,1.2186,26.71,15.55,-19.09,0.50
1773119026.21200,10.00925,76.36286,11.9,29.51,0.6235,-0.0748,0.9421,12.68,2.93,-15.91,0.32
1773119026.31900,10.00926,76.36287,11.8,29.68,-0.1567,0.1544,1.0414,23.66,10.67,-11.89,0.29
1773119026.41900,10.00927,76.36287,11.7,31.58,0.1641,-0.0638,0.8888,10.12,6.59,-7.38,0.35
1773119026.51900,10.00928,76.36287,11.6,31.60,0.1356,0.0737,1.0352,10.55,5.67,-4.63,0.29
1773119026.62000,10.00928,76.36288,11.5,31.98,0.0450,0.0942,0.7598,6.04,6.83,-3.35,0.35
1773119027.71900,10.00929,76.36288,11.3,32.82,0.3518,0.1572,1.0378,11.65,4.45,-0.73,0.48
1773119027.81800,10.0093,76.36288,11.2,32.78,0.2588,0.1169,1.0961,10.24,-0.67,0.43,0.40
1773119027.91800,10.00931,76.36288,11.1,33.42,0.6348,0.0941,1.1199,3.60,-10.85,-2.32,0.35
1773119027.01900,10.00932,76.36288,11.0,33.78,0.7623,0.0916,0.9955,6.40,-11.65,-1.77,0.37
1773119027.11900,10.00932,76.36288,10.8,33.09,0.3093,0.0897,1.2107,4.57,-0.30,-2.62,0.41
1773119027.21100,10.00932,76.36288,10.8,33.09,0.2527,0.0544,0.8510,4.21,-2.74,-0.30,0.44
1773119027.31900,10.00934,76.36289,10.7,32.48,0.3203,0.1760,0.9514,3.17,-4.88,0.55,0.49
1773119027.41900,10.00935,76.36289,10.6,32.11,0.3278,0.0474,0.9508,-4.57,-0.79,1.40,0.34
1773119027.51900,10.00936,76.3629,10.5,31.97,0.6167,0.0808,0.8495,-4.21,-5.67,0.98,0.35
1773119027.62000,10.00936,76.3629,10.4,31.34,0.5679,0.1267,0.8536,1.40,-4.33,0.61,0.38
1773119028.71900,10.00937,76.3629,10.3,31.12,0.3805,0.0730,0.9620,-1.71,-4.02,-0.79,0.35
1773119028.81900,10.00938,76.36291,10.3,30.80,0.7889,0.0841,0.8811,-2.26,-10.85,-1.04,0.37
1773119028.91800,10.00939,76.36291,10.2,30.23,0.5142,0.0684,1.1685,-3.66,-0.91,-3.54,0.35
1773119028.01900,10.00939,76.36291,10.2,29.53,0.6527,0.0454,0.7434,-5.67,-8.66,-4.51,0.27
1773119028.11900,10.0094,76.36292,10.2,28.21,0.7262,0.0845,0.8926,-2.99,-3.35,-6.10,0.39
1773119028.21200,10.0094,76.36292,10.2,28.21,0.3832,0.1353,0.8660,6.52,4.21,-7.26,0.38
1773119028.31800,10.00941,76.36292,10.2,26.15,0.4778,0.0055,0.8967,-0.30,4.63,-6.40,0.33
1773119028.41800,10.00942,76.36292,10.2,24.27,0.3417,-0.0007,0.8959,1.22,6.83,-6.28,0.40
1773119028.51800,10.00942,76.36292,10.1,24.01,0.3440,-0.0089,0.9254,-1.59,2.68,-4.02,0.35
1773119028.61200,10.00942,76.36292,10.1,24.01,0.3749,0.0996,0.8921,3.78,-0.18,-2.50,0.30
1773119029.71900,10.00944,76.36292,10.1,23.02,0.1418,-0.0133,0.8781,-3.78,0.85,-2.56,0.35
1773119029.81200,10.00944,76.36292,10.1,23.02,0.1781,0.0502,0.9902,0.85,2.68,-2.74,0.33
1773119029.91900,10.00945,76.36293,10.0,22.23,0.2197,0.1138,0.9336,5.91,2.68,-2.99,0.42
1773119029.01200,10.00945,76.36293,10.0,22.23,0.1304,0.0187,1.1122,-3.05,4.88,-2.56,0.31
1773119029.11900,10.00946,76.36293,9.8,21.71,0.1897,0.0601,0.9248,-2.99,0.98,-1.71,0.29
1773119029.21200,10.00946,76.36293,9.8,21.71,0.2311,-0.0060,0.9929,0.67,0.61,-1.83,0.35
1773119029.31900,10.00947,76.36294,9.8,21.80,0.2469,0.1169,0.9835,5.73,0.24,-2.80,0.32
1773119029.41200,10.00947,76.36294,9.8,21.80,0.4471,0.1727,1.0852,7.01,-0.43,-1.95,0.32
1773119029.51900,10.00948,76.36295,9.8,21.45,0.3521,0.1100,0.9913,1.89,-1.10,-1.95,0.31
1773119029.61900,10.00948,76.36295,9.7,21.29,-0.0597,0.1182,1.0275,4.51,2.56,-1.89,0.32
1773119030.71900,10.00949,76.36295,9.7,21.49,-0.0219,-0.0190,0.9895,-2.87,5.00,-0.49,0.35
1773119030.81200,10.00949,76.36295,9.7,21.49,0.3622,0.0449,1.0664,2.38,1.77,-0.73,0.42
1773119030.91900,10.0095,76.36295,9.5,20.91,0.4327,0.1307,1.2411,1.71,0.12,-0.37,0.34
1773119030.02600,10.0095,76.36295,9.4,21.61,0.2861,-0.0081,1.0024,-6.04,-1.52,1.46,0.43
1773119030.11800,10.00951,76.36295,9.4,21.21,0.0536,0.1128,0.9155,-5.30,-1.71,1.95,0.39
1773119030.21200,10.00951,76.36295,9.4,21.21,0.0024,0.0345,0.8484,-3.29,4.02,1.65,0.35
1773119030.31900,10.00952,76.36296,9.3,21.62,0.1426,0.0861,0.9335,-1.83,1.77,0.55,0.40
1773119030.41200,10.00952,76.36296,9.3,21.62,0.1527,0.1136,0.9597,-4.33,2.50,-0.18,0.38
1773119030.51900,10.00953,76.36296,9.2,21.83,0.4684,0.0508,0.9921,-3.11,4.33,-2.44,0.27
1773119030.61200,10.00953,76.36296,9.2,21.83,0.0822,-0.0220,0.7792,-5.91,-4.51,-3.17,0.27
1773119031.71800,10.00954,76.36297,9.1,22.17,0.0857,-0.0603,1.0724,-10.37,-1.10,-5.12,0.40
1773119031.81200,10.00954,76.36297,9.1,22.17,0.3677,-0.0175,1.0538,-6.71,0.06,-6.52,0.32
1773119031.91900,10.00955,76.36298,9.0,22.88,0.2325,0.0704,0.9315,-7.01,-0.18,-6.71,0.36
1773119031.01200,10.00955,76.36298,9.0,22.88,0.5181,0.0529,0.9213,-0.85,-3.41,-7.44,0.25
1773119031.11200,10.00955,76.36298,9.0,22.88,0.3854,0.0825,0.8522,1.34,-2.93,-6.83,0.52
1773119031.21900,10.00956,76.36298,8.9,22.03,0.2405,-0.0707,0.9684,4.45,1.95,-6.04,0.35
1773119031.32000,10.00957,76.36298,8.9,21.97,0.3253,0.0604,0.9612,2.80,1.40,-7.38,0.37
1773119031.41200,10.00957,76.36298,8.9,21.97,0.9603,0.2273,1.9399,3.11,22.80,-8.17,0.46
1773119031.51900,10.00958,76.36299,8.8,22.29,0.2467,0.1768,1.1472,-1.65,4.51,-7.93,0.39
1773119031.61400,10.00958,76.36299,8.8,22.29,-0.4965,-0.1575,1.2987,1.22,25.49,-7.50,0.39
1773119032.72000,10.00959,76.363,8.8,21.41,0.1108,-0.2378,0.9248,-4.15,-5.43,-3.17,0.44
1773119032.81300,10.00959,76.363,8.8,21.41,-0.0034,0.0719,1.0034,2.20,-0.43,-3.29,0.40
1773119032.92000,10.0096,76.363,8.7,20.50,0.1351,0.0807,0.8619,-1.52,-4.51,-2.44,0.29
1773119032.01300,10.0096,76.363,8.7,20.50,0.1016,0.0022,1.0131,-1.16,-1.71,-1.89,0.33
1773119032.11900,10.0096,76.36301,8.7,20.57,0.2601,0.1344,0.9031,4.39,-6.34,-0.98,0.43
1773119032.21300,10.0096,76.36301,8.7,20.57,0.1155,-0.0724,0.8407,0.00,-0.18,-1.89,0.35
1773119032.31900,10.00961,76.36301,8.6,19.65,0.3901,-0.0046,1.1776,-5.12,-2.01,-1.16,0.44
1773119032.41300,10.00961,76.36301,8.6,19.65,0.3070,0.0002,0.8503,-3.72,-4.39,-1.40,0.38
1773119032.52000,10.00962,76.36301,8.5,19.10,0.3578,0.1876,1.1045,5.37,0.18,-1.22,0.38
1773119032.62100,10.00963,76.36302,8.5,18.93,0.3643,0.0841,0.9672,-2.20,-2.07,-2.07,0.25
1773119032.71300,10.00963,76.36302,8.5,18.93,0.3470,0.0476,0.9331,-0.79,2.56,-1.28,0.41
1773119033.81900,10.00963,76.36302,8.4,17.65,0.4711,0.0844,0.8801,-5.12,-0.73,-2.44,0.32
1773119033.91200,10.00963,76.36302,8.4,17.65,0.4799,0.0498,0.7661,-5.18,-2.07,-4.33,0.29
1773119033.01900,10.00964,76.36303,8.3,16.80,0.4336,0.1711,0.8523,5.06,-1.34,-4.63,0.34
1773119033.11200,10.00964,76.36303,8.3,16.80,0.2461,0.1293,1.1659,1.28,3.90,-7.20,0.41
1773119033.21200,10.00964,76.36303,8.3,16.80,0.6005,0.1042,0.7323,0.37,-5.67,-8.05,0.36
1773119033.31900,10.00965,76.36304,8.2,15.54,0.3716,0.0381,0.7521,0.98,-4.39,-6.95,0.39
1773119033.41300,10.00965,76.36304,8.2,15.54,0.0198,0.0381,1.1532,1.65,5.30,-9.02,0.32
1773119033.52000,10.00966,76.36304,8.1,14.92,0.2333,0.0320,1.0193,3.96,0.85,-8.23,0.40
1773119033.61400,10.00966,76.36304,8.1,14.92,0.1353,0.0117,0.9943,2.50,-0.18,-6.71,0.32
1773119033.71300,10.00966,76.36304,8.1,14.92,0.0629,0.0219,1.1188,6.52,5.67,-5.30,0.32
1773119034.81900,10.00966,76.36304,8.0,15.63,0.2780,0.0367,0.9647,6.10,0.06,-2.80,0.37
1773119034.92000,10.00967,76.36305,7.9,14.75,-0.2021,0.0438,0.9841,4.70,6.89,-1.71,0.39
1773119034.01300,10.00967,76.36305,7.9,14.75,0.2092,0.0558,1.1320,3.35,3.29,4.39,0.34
1773119034.11300,10.00967,76.36305,7.9,14.75,0.2161,0.0675,0.9633,-0.61,0.30,7.80,0.40
1773119034.21900,10.00967,76.36305,7.8,15.52,-0.0339,0.0560,1.0336,-0.55,5.73,10.49,0.38
1773119034.31300,10.00967,76.36305,7.8,15.52,0.1760,0.1110,0.9216,-2.99,2.68,8.72,0.33
1773119034.41900,10.00968,76.36306,7.6,16.95,0.2639,0.0383,1.0051,-5.18,1.46,5.85,0.38
1773119034.51300,10.00968,76.36306,7.6,16.95,0.3228,0.0359,1.1464,-8.66,3.35,2.56,0.26
1773119034.62000,10.00969,76.36307,7.5,17.64,0.2555,0.0815,1.2867,-6.59,4.33,0.30,0.37
1773119034.71300,10.00969,76.36307,7.5,17.64,0.5667,0.0374,1.2305,-6.16,5.61,-2.38,0.35
1773119035.82000,10.0097,76.36308,7.3,18.24,0.3083,0.0665,0.7136,-8.78,-4.09,-3.29,0.37
1773119035.91900,10.0097,76.36308,7.3,18.11,0.1692,-0.0277,0.5762,-7.13,0.85,-4.15,0.37
1773119035.01900,10.00971,76.36308,7.2,18.14,0.4684,0.1196,0.7823,-9.76,-4.21,-5.06,0.24
1773119035.11900,10.00971,76.36308,7.4,19.13,-0.0171,0.1077,1.3909,-5.73,4.39,-5.30,0.38
1773119035.21200,10.00971,76.36308,7.4,19.13,0.0370,0.1267,1.1754,-7.99,4.02,-8.35,0.32
1773119035.31900,10.00972,76.36309,7.3,18.20,0.2687,-0.0547,0.8591,-5.67,2.93,-10.06,0.33
1773119035.41900,10.00972,76.36309,7.3,18.61,0.2587,-0.0903,0.9756,-4.94,8.66,-9.51,0.20
1773119035.51900,10.00972,76.3631,7.2,18.70,0.3385,0.0061,0.8910,-4.63,4.45,-7.80,0.29
1773119035.62000,10.00973,76.3631,7.2,18.39,0.2260,0.0349,0.9734,0.24,5.91,-8.41,0.34
1773119036.72000,10.00973,76.3631,7.1,18.38,0.1130,0.1050,1.1565,5.55,4.21,-8.23,0.31
1773119036.81900,10.00974,76.36311,6.9,18.15,0.3934,0.0609,1.3021,2.26,2.87,-7.93,0.39
1773119036.91300,10.00974,76.36311,6.9,18.15,0.4875,0.1124,0.9574,2.74,-1.77,-7.74,0.40
1773119036.02000,10.00974,76.36311,6.9,18.22,0.4182,0.0979,1.2043,3.66,1.89,-5.91,0.38
1773119036.11300,10.00974,76.36311,6.9,18.22,0.5917,0.1394,0.8707,-1.22,0.06,-4.21,0.38
1773119036.22000,10.00975,76.36311,6.9,17.99,0.3031,0.0470,0.9712,0.00,0.73,-2.80,0.50
1773119036.31300,10.00975,76.36311,6.9,17.99,0.3906,0.0925,1.2767,1.10,-0.73,-2.20,0.38
1773119036.42000,10.00976,76.36312,6.9,17.76,0.4756,0.0372,0.9858,-2.13,1.10,-2.56,0.41
1773119036.52700,10.00976,76.36313,6.8,16.93,0.5475,0.0198,0.8612,-1.89,-1.71,-3.48,0.36
1773119036.62000,10.00976,76.36313,6.9,16.94,0.2576,0.0640,1.0135,-2.50,-1.95,-3.41,0.33
1773119036.71200,10.00976,76.36313,6.9,16.94,0.2803,-0.0005,1.0641,-4.21,0.43,-2.99,0.35
1773119037.81900,10.00977,76.36314,6.9,16.31,0.1427,-0.0165,1.1489,-1.34,4.21,-5.24,0.44
1773119037.91300,10.00977,76.36314,6.9,16.31,0.2708,0.0372,1.0634,1.89,-0.85,-5.67,0.39
1773119037.02000,10.00977,76.36314,6.9,15.64,0.3230,0.0310,0.9379,1.59,-0.85,-6.28,0.32
1773119037.11300,10.00977,76.36314,6.9,15.64,0.1971,-0.0144,0.9281,1.34,0.37,-4.33,0.35
1773119037.21400,10.00977,76.36314,6.9,15.64,0.1600,-0.0027,0.9121,1.46,-1.22,-3.78,0.34
1773119037.32000,10.00978,76.36314,6.8,15.17,0.2148,0.0140,0.9108,5.06,-0.61,-2.26,0.36
1773119037.41300,10.00978,76.36314,6.8,15.17,0.3130,0.0710,1.0007,2.80,-0.98,-0.91,0.35
1773119037.52100,10.00978,76.36316,6.7,14.38,0.3324,0.0990,0.9697,2.50,-1.34,0.61,0.34
1773119037.61500,10.00978,76.36316,6.7,14.38,0.2426,0.1234,0.9364,3.05,-0.30,2.56,0.37
1773119038.72100,10.00979,76.36316,6.7,14.17,0.1750,0.0095,0.9054,-5.43,2.32,4.33,0.38
1773119038.81400,10.00979,76.36316,6.7,14.17,0.3359,0.0452,1.0042,-4.15,1.83,3.35,0.32
1773119038.92100,10.00979,76.36317,6.6,14.23,0.2366,0.0453,0.9043,-4.57,-2.26,-0.73,0.40
1773119038.01400,10.00979,76.36317,6.6,14.23,0.2765,0.1046,0.9664,0.85,0.30,-4.15,0.43
1773119038.11400,10.00979,76.36317,6.6,14.23,0.0974,0.0149,0.9481,-5.06,0.37,-5.55,0.35
1773119038.22100,10.0098,76.36317,6.5,13.69,0.2463,0.0344,1.0652,-3.41,0.91,-6.34,0.37
1773119038.31400,10.0098,76.36317,6.5,13.69,0.1881,0.0544,1.0398,-0.24,0.43,-7.26,0.34
1773119038.42100,10.0098,76.36318,6.4,13.03,0.4238,0.0991,1.0999,2.01,-3.54,-6.28,0.43
1773119038.51400,10.0098,76.36318,6.4,13.03,0.4030,0.0314,1.0387,-4.88,-3.90,-4.27,0.39
1773119038.62100,10.00981,76.36319,6.3,13.38,0.5670,-0.0157,1.0189,-3.60,-6.16,-3.17,0.32
1773119038.71400,10.00981,76.36319,6.3,13.38,0.4618,0.1741,0.8578,5.79,-1.77,-2.56,0.40
1773119039.82000,10.00981,76.36319,6.2,11.69,0.4994,0.0870,0.8489,3.11,-1.95,-2.80,0.39
1773119039.91400,10.00981,76.36319,6.2,11.69,0.4030,0.1249,0.9351,2.93,3.54,-4.57,0.36
1773119039.02000,10.00981,76.3632,6.1,8.97,0.4722,0.0565,1.1454,1.28,3.23,-8.05,0.44
1773119039.11400,10.00981,76.3632,6.1,8.97,0.0973,0.0862,0.7977,1.77,4.76,-9.70,0.46
1773119039.21400,10.00981,76.3632,6.1,8.97,0.3057,0.0079,0.9592,1.16,-2.07,-7.68,0.37
1773119039.32100,10.00982,76.3632,6.0,7.74,0.2974,0.1317,0.9723,5.91,2.50,-7.62,0.38
1773119039.41400,10.00982,76.3632,6.0,7.74,0.1879,0.1565,1.0786,6.59,0.55,-5.73,0.43
1773119039.52100,10.00982,76.3632,5.9,7.32,0.2289,-0.0039,1.0934,1.28,1.40,-2.01,0.30
1773119039.61400,10.00982,76.3632,5.9,7.32,0.2009,0.0321,1.0540,-0.18,3.48,-1.65,0.30
1773119040.72000,10.00982,76.3632,5.9,7.44,0.0844,0.1357,0.8214,6.22,3.84,0.37,0.40
1773119040.81300,10.00982,76.3632,5.9,7.44,0.2590,0.0422,1.0591,1.04,-0.91,3.54,0.32
1773119040.92000,10.00982,76.36321,5.8,7.56,0.3136,0.0570,1.2161,1.16,-3.05,4.88,0.37
1773119040.01300,10.00982,76.36321,5.8,7.56,0.1398,0.0000,0.7776,-2.26,1.16,6.71,0.35
1773119040.11400,10.00982,76.36321,5.8,7.56,0.2476,0.0604,1.0343,-1.16,0.61,8.66,0.30
1773119040.22100,10.00983,76.36321,5.7,8.03,0.1544,-0.0037,0.8693,-6.95,-0.98,9.02,0.43
1773119040.32100,10.00983,76.36322,5.7,8.10,0.1608,0.0935,0.9453,-0.24,1.10,7.62,0.40
1773119040.41400,10.00983,76.36322,5.7,8.10,0.1727,-0.0145,0.9448,-5.85,0.00,5.55,0.31
1773119040.52100,10.00983,76.36322,5.7,8.28,0.1040,0.0131,0.8669,-3.48,2.74,-1.46,0.40
1773119040.61500,10.00983,76.36322,5.7,8.28,0.3795,0.0581,1.1329,0.12,-3.54,-3.78,0.43
1773119041.72000,10.00983,76.36323,5.7,8.91,0.2863,0.0662,1.1062,0.37,-5.06,-6.95,0.41
1773119041.81300,10.00983,76.36323,5.7,8.91,0.3326,0.0220,0.7717,2.87,-5.30,-6.89,0.29
1773119041.92100,10.00984,76.36323,5.6,8.71,0.3990,0.0852,1.1776,1.65,-6.65,-5.43,0.37
1773119041.01400,10.00984,76.36323,5.6,8.71,0.4208,0.1055,0.8339,2.93,-2.32,-4.09,0.28
1773119041.11400,10.00984,76.36323,5.6,8.71,0.4202,0.0690,0.9253,1.77,-2.56,-2.07,0.42
1773119041.22100,10.00984,76.36324,5.5,8.19,0.2488,0.0675,1.0365,1.22,2.13,-1.65,0.35
1773119041.31300,10.00984,76.36324,5.5,8.19,0.2686,0.0795,1.0770,0.67,6.65,0.06,0.34
1773119041.42000,10.00984,76.36324,5.4,5.89,0.1356,0.0215,0.8118,-1.83,5.24,3.35,0.37
1773119041.51400,10.00984,76.36324,5.4,5.89,0.1722,0.0090,0.9630,-3.41,2.38,5.91,0.34
1773119041.62100,10.00984,76.36324,5.4,5.75,0.1128,0.0131,1.0392,-3.72,0.98,7.50,0.36
1773119041.71400,10.00984,76.36324,5.4,5.75,0.1675,0.0573,1.0366,-2.44,2.87,5.85,0.29
1773119042.82000,10.00984,76.36324,5.4,6.56,0.1866,0.0299,1.0492,-2.56,0.73,3.23,0.33
1773119042.91400,10.00984,76.36324,5.4,6.56,0.0770,0.0795,0.8368,-0.06,1.46,-0.43,0.38
1773119042.02000,10.00985,76.36324,5.3,7.22,0.1095,0.0465,0.8859,2.68,-0.55,-3.84,0.43
1773119042.11300,10.00985,76.36324,5.3,7.22,0.3405,0.0797,1.2953,3.78,-2.44,-6.83,0.38
1773119042.21300,10.00985,76.36324,5.3,7.22,0.1660,0.0411,0.8154,5.49,0.85,-9.02,0.34
1773119042.32000,10.00985,76.36325,5.3,7.01,0.2937,0.1156,1.0573,4.70,-3.05,-7.32,0.48
1773119042.41400,10.00985,76.36325,5.3,7.01,0.3608,0.0613,0.8501,3.60,-1.28,-3.23,0.42
1773119042.52000,10.00985,76.36325,5.2,7.43,0.3322,0.0691,1.0879,3.11,-0.06,2.62,0.46
1773119042.61400,10.00985,76.36325,5.2,7.43,0.2534,0.0150,0.9177,-1.46,2.87,6.22,0.32
1773119043.72100,10.00985,76.36326,5.2,6.78,0.2130,0.0730,1.0309,-2.38,2.62,9.51,0.31
1773119043.81400,10.00985,76.36326,5.2,6.78,0.2134,0.0641,1.0356,-2.20,2.56,11.10,0.45
1773119043.92100,10.00985,76.36326,5.1,6.40,0.2471,0.0350,0.8241,-2.99,1.52,9.82,0.35
1773119043.01400,10.00985,76.36326,5.1,6.40,0.1724,0.0347,1.1106,-4.82,1.34,7.74,0.37
1773119043.11400,10.00985,76.36326,5.1,6.40,0.2601,0.0292,1.0205,-4.33,2.68,2.87,0.40
1773119043.22100,10.00986,76.36326,5.1,6.44,0.2090,0.0431,1.0507,-3.54,1.22,-2.26,0.37
1773119043.32100,10.00986,76.36327,5.1,6.21,0.2341,0.0701,0.7866,0.18,0.24,-7.87,0.39
1773119043.41400,10.00986,76.36327,5.1,6.21,0.0957,0.1259,1.0334,3.29,0.85,-9.57,0.29
1773119043.52100,10.00986,76.36327,5.1,6.15,0.1886,0.0673,1.2056,1.52,-1.34,-8.05,0.35
1773119043.61500,10.00986,76.36327,5.1,6.15,0.1653,0.0690,1.0083,2.01,-0.18,-8.05,0.44
1773119044.72000,10.00986,76.36327,5.0,6.20,0.1442,0.1348,1.1672,1.65,0.00,-9.21,0.43
1773119044.81400,10.00986,76.36327,5.0,6.20,0.2284,0.0839,1.0737,-0.67,-2.44,-8.66,0.38
1773119044.92000,10.00986,76.36327,5.0,7.21,0.2595,0.0477,0.9907,0.37,-0.49,-8.11,0.32
1773119044.01400,10.00986,76.36327,5.0,7.21,0.1744,0.0094,0.8323,-1.83,-0.06,-7.26,0.31
1773119044.11400,10.00986,76.36327,5.0,7.21,0.2212,0.0531,0.9731,-0.85,-0.12,-5.49,0.33
1773119044.22100,10.00987,76.36327,4.9,7.37,0.1455,0.0977,1.0585,0.67,-1.04,-4.15,0.40
1773119044.32000,10.00987,76.36328,4.8,7.39,0.1702,0.0134,0.8986,-1.16,-0.98,-4.33,0.42
1773119044.41300,10.00987,76.36328,4.8,7.39,0.1390,0.0566,0.9929,-0.37,-0.73,-3.17,0.48
1773119044.52000,10.00987,76.36328,4.7,8.19,0.2234,0.0343,0.9684,-2.68,1.16,-2.07,0.43
1773119044.61400,10.00987,76.36328,4.7,8.19,0.2828,0.0779,0.9261,0.79,-0.55,-2.68,0.39
1773119045.72100,10.00987,76.36328,4.7,8.47,0.1808,0.0493,1.1873,0.98,1.22,-3.66,0.43
1773119045.81400,10.00987,76.36328,4.7,8.47,0.2697,0.0209,1.0405,-2.20,-1.10,-4.21,0.43
1773119045.92000,10.00987,76.36329,4.6,8.90,0.1561,0.0303,0.8555,-1.52,-1.04,-3.72,0.41
1773119045.01300,10.00987,76.36329,4.6,8.90,0.1827,0.0739,0.9569,1.52,0.00,-2.38,0.37
1773119045.11400,10.00987,76.36329,4.6,8.90,0.2593,0.0256,1.1484,-0.18,0.91,-2.20,0.45
1773119045.22100,10.00988,76.3633,4.5,9.70,0.1354,0.0707,1.0677,0.61,1.04,-2.20,0.35
1773119045.31400,10.00988,76.3633,4.5,9.70,0.1071,0.0580,1.0045,-0.61,0.55,-1.65,0.33
1773119045.42100,10.00988,76.3633,4.4,10.07,0.2053,-0.0016,0.9375,-3.35,1.22,-0.43,0.35
1773119045.51400,10.00988,76.3633,4.4,10.07,0.2156,0.0188,1.0963,-0.98,0.61,0.06,0.40
1773119045.62200,10.00988,76.3633,4.4,10.10,0.2609,0.0376,0.9237,-2.74,-0.49,-0.49,0.33
1773119045.71500,10.00988,76.3633,4.4,10.10,0.2162,0.0929,1.0835,2.80,-1.34,-0.24,0.35
1773119046.82200,10.00988,76.36331,4.3,10.42,0.1802,0.0414,0.9646,1.95,0.00,-0.55,0.35
1773119046.92100,10.00988,76.36331,4.2,10.27,0.3578,0.0651,1.1178,1.46,1.04,-1.34,0.34
1773119046.01500,10.00988,76.36331,4.2,10.27,0.3739,0.0492,1.0297,-1.28,-4.33,-0.37,0.33
1773119046.11500,10.00988,76.36331,4.2,10.27,0.4119,0.0598,1.0249,0.98,-3.60,-1.46,0.35
1773119046.22200,10.00989,76.36332,4.2,10.47,0.4800,0.0521,0.8763,0.12,-1.83,-0.98,0.40
1773119046.32100,10.00989,76.36332,4.1,9.34,0.3999,0.0576,1.2028,0.49,1.04,-0.98,0.40
1773119046.42100,10.00989,76.36332,4.1,9.04,0.2346,0.0861,1.0226,1.52,3.05,-1.22,0.35
1773119046.51500,10.00989,76.36332,4.1,9.04,0.2175,0.0802,1.0023,2.44,4.02,0.12,0.27
1773119046.62300,10.00989,76.36333,4.0,8.74,0.2721,0.1569,1.1639,3.11,1.46,2.87,0.31
1773119046.71400,10.00989,76.36333,4.0,8.74,0.1743,0.0171,1.0404,-2.38,4.21,4.63,0.34
1773119047.82800,10.0099,76.36333,4.0,8.59,0.2625,0.0623,1.0820,-0.67,2.50,4.09,0.33
1773119047.92100,10.0099,76.36333,3.9,8.37,0.2670,0.0175,1.1208,-2.20,-0.24,2.44,0.43
1773119047.01400,10.0099,76.36333,3.9,8.37,0.1687,0.0747,1.0651,0.98,-0.12,1.16,0.40
1773119047.12100,10.0099,76.36333,3.8,8.54,0.1111,0.0535,1.0481,0.73,1.10,1.04,0.40
1773119047.21400,10.0099,76.36333,3.8,8.54,0.1824,0.0403,1.0160,-1.83,0.00,3.84,0.38
1773119047.32100,10.0099,76.36334,3.8,8.73,0.1829,0.0338,0.9921,-4.70,2.07,3.66,0.33
1773119047.42100,10.0099,76.36334,3.7,9.26,0.1755,0.0442,1.0742,-4.63,-0.30,0.98,0.43
1773119047.51500,10.0099,76.36334,3.7,9.26,0.1373,0.0032,1.0177,-3.78,1.40,-1.04,0.35
1773119047.62300,10.0099,76.36335,3.7,9.70,0.2495,0.1466,1.1392,2.20,0.49,-4.45,0.27
1773119047.71500,10.0099,76.36335,3.7,9.70,0.2334,0.0369,0.7526,-3.90,2.07,-7.01,0.37
1773119048.82200,10.00991,76.36335,3.8,10.01,0.1405,0.0178,0.9108,-0.91,-0.55,-8.84,0.35
1773119048.92200,10.00991,76.36335,3.8,9.58,0.2136,0.0631,1.1056,1.04,0.37,-10.43,0.40
1773119048.02200,10.00991,76.36336,3.7,10.30,0.2377,0.0753,1.1378,1.34,0.73,-8.48,0.40
1773119048.12200,10.00991,76.36336,3.7,10.13,0.2810,0.0778,0.9894,0.49,1.10,-6.95,0.40
1773119048.21500,10.00991,76.36336,3.7,10.13,0.1958,0.0596,0.9673,1.83,2.26,-5.00,0.40
1773119048.32200,10.00991,76.36337,3.6,10.10,0.1864,0.0459,0.9678,-0.24,0.73,-3.41,0.34
1773119048.42100,10.00991,76.36337,3.6,10.32,0.1709,0.0172,0.9978,1.34,-1.04,-1.46,0.33
1773119048.52100,10.00991,76.36337,3.5,10.73,0.2577,-0.0110,0.8049,-5.79,0.43,-1.52,0.37
1773119048.62200,10.00992,76.36337,3.5,10.32,-0.0411,0.0282,1.0266,-0.61,2.13,-1.59,0.43
1773119049.72200,10.00992,76.36337,3.5,10.37,0.1768,0.1211,0.9277,4.15,-2.32,-1.46,0.27
1773119049.81500,10.00992,76.36337,3.5,10.37,-0.0227,0.0630,1.0162,0.98,-0.12,-1.40,0.45
1773119049.92200,10.00992,76.36337,3.4,11.26,0.2076,-0.0377,0.8219,-2.07,-2.13,-2.62,0.39
1773119049.02200,10.00992,76.36338,3.4,11.97,0.1044,0.0975,1.1305,3.17,0.06,-2.20,0.40
1773119049.11600,10.00992,76.36338,3.4,11.97,0.1010,0.1011,1.0475,1.16,1.28,-2.87,0.34
1773119049.22300,10.00992,76.36339,3.3,12.97,0.2477,0.0881,0.9569,9.02,-0.73,-0.79,0.34
1773119049.31600,10.00992,76.36339,3.3,12.97,0.2776,0.0659,1.0050,3.78,-0.37,1.16,0.30
1773119049.42300,10.00992,76.3634,3.3,13.30,0.1609,0.1228,1.0345,2.32,-0.37,4.09,0.34
1773119049.52300,10.00993,76.3634,3.2,13.96,0.1604,0.0314,0.9768,1.89,0.37,5.91,0.40
1773119049.62300,10.00993,76.3634,3.2,13.71,0.1790,0.0275,0.8970,1.83,2.38,6.40,0.37
1773119050.72300,10.00993,76.3634,3.2,13.86,0.2358,0.0607,0.9417,-1.95,3.41,5.79,0.29
1773119050.82200,10.00993,76.3634,3.1,14.60,0.3217,0.1292,1.0089,2.80,2.38,5.37,0.43
1773119050.92200,10.00993,76.36341,3.1,14.30,0.2278,0.0223,0.8947,-4.39,-1.16,5.12,0.33
1773119050.02200,10.00993,76.36341,3.1,14.40,-0.0388,0.0514,1.0109,-0.85,3.11,4.57,0.36
1773119050.12200,10.00994,76.36342,3.0,14.85,0.1082,0.1039,1.1744,-1.77,5.00,2.44,0.38
1773119050.21600,10.00994,76.36342,3.0,14.85,0.2311,0.0901,0.9153,-0.79,2.13,1.77,0.46
1773119050.32200,10.00994,76.36343,2.9,14.74,0.2793,0.0272,1.0596,-0.06,1.71,0.61,0.34
1773119050.42300,10.00994,76.36343,2.8,14.47,0.2676,0.0365,0.9155,-3.54,-3.66,1.16,0.28
1773119050.52300,10.00994,76.36343,2.8,15.10,0.2943,0.1075,0.9272,1.16,2.68,1.04,0.28
1773119050.62300,10.00994,76.36343,2.7,15.17,0.3024,0.1306,0.9678,1.52,1.83,2.80,0.45
1773119051.72200,10.00995,76.36343,2.7,14.72,0.2544,0.0883,0.9149,2.80,1.04,2.80,0.41
1773119051.82200,10.00995,76.36344,2.7,15.48,0.1328,0.0616,1.0607,-4.70,3.17,1.89,0.28
1773119051.92200,10.00995,76.36344,2.7,15.17,0.2212,0.0829,0.9448,-0.73,2.13,2.56,0.40
1773119051.02200,10.00995,76.36345,2.7,14.66,0.1638,0.0409,0.9028,-2.38,1.34,1.16,0.30
1773119051.12300,10.00995,76.36345,2.6,15.32,0.2838,0.0446,0.9805,1.28,0.00,-0.30,0.37
1773119051.21600,10.00995,76.36345,2.6,15.32,0.2712,0.0321,1.1697,-3.78,2.99,-1.89,0.36
1773119051.32300,10.00996,76.36346,2.6,15.18,1.0492,0.0836,1.4933,3.17,13.72,-3.60,0.33
1773119051.42300,10.00996,76.36346,2.5,15.28,-0.1956,0.0541,0.8661,-5.30,22.07,-0.61,0.39
1773119051.52400,10.00996,76.36346,2.5,15.15,0.0166,-0.1038,1.0377,-6.65,12.07,-0.06,0.34
1773119051.62400,10.00996,76.36346,2.5,13.75,-0.3330,0.0179,1.0388,-5.73,7.74,-0.55,0.40
1773119052.72400,10.00996,76.36347,2.5,14.74,-0.5347,0.0675,1.0853,-8.54,-8.90,0.73,0.35
1773119052.82300,10.00997,76.36347,2.5,14.71,0.0818,-0.0812,0.8911,-7.26,-7.32,-0.49,0.38
1773119052.91700,10.00997,76.36347,2.5,14.71,0.1444,-0.0608,0.9618,-6.40,-5.06,-1.04,0.41
1773119052.02400,10.00997,76.36348,2.5,14.31,-0.0695,0.0781,1.0797,-0.55,2.20,-2.44,0.46
1773119052.11700,10.00997,76.36348,2.5,14.31,0.0383,0.0759,1.1102,-5.49,-5.49,-4.02,0.44
1773119052.22400,10.00997,76.36349,2.5,14.61,0.0511,0.0734,1.0139,0.61,-4.33,-3.60,0.46
1773119052.31700,10.00997,76.36349,2.5,14.61,0.0176,0.1040,1.1526,0.12,1.83,-4.21,0.38
1773119052.42300,10.00998,76.36349,2.4,14.26,0.1229,0.0702,0.9567,-3.05,-1.40,-4.33,0.37
1773119052.51700,10.00998,76.36349,2.4,14.26,0.1572,0.0157,0.9944,-1.89,2.26,-5.00,0.37
1773119052.62400,10.00998,76.3635,2.4,14.64,0.2903,0.1252,1.0298,3.96,6.28,-5.06,0.36
1773119053.72400,10.00998,76.3635,2.3,14.78,0.2512,-0.0511,1.0833,-5.12,-1.59,-3.23,0.33
1773119053.81700,10.00998,76.3635,2.3,14.78,0.1207,0.0071,0.8213,-1.59,-2.44,-4.57,0.33
1773119053.92400,10.00999,76.36351,2.3,15.01,-0.0531,0.0612,1.0757,-0.43,-0.55,-4.70,0.33
1773119053.01700,10.00999,76.36351,2.3,15.01,0.2284,0.0527,0.8555,3.23,2.32,-5.12,0.42
1773119053.11600,10.00999,76.36351,2.3,15.01,0.4760,0.0940,0.9630,1.89,0.85,-4.51,0.46
1773119053.22300,10.00999,76.36352,2.2,15.03,-0.0264,0.0558,1.0326,2.74,4.09,-4.82,0.31
1773119053.31600,10.00999,76.36352,2.2,15.03,0.0376,0.0518,1.0210,5.00,-0.79,-4.45,0.33
1773119053.42300,10.00999,76.36353,2.2,14.66,0.2131,0.0540,1.0870,4.70,2.87,-3.48,0.42
1773119053.51700,10.00999,76.36353,2.2,14.66,0.4073,0.0646,0.9927,2.20,-4.33,-1.77,0.33
1773119053.62500,10.01,76.36353,2.2,14.85,0.2355,0.0753,1.0078,2.87,-1.83,0.43,0.43
1773119053.71700,10.01,76.36353,2.2,14.85,0.2738,0.0812,0.9752,1.22,-5.06,1.28,0.46
1773119054.82400,10.01,76.36354,2.1,14.88,0.5498,0.1041,0.8885,1.46,-5.30,2.38,0.27
1773119054.91700,10.01,76.36354,2.1,14.88,0.4451,-0.0449,1.0229,-4.88,-2.93,2.01,0.42
1773119054.02400,10.01,76.36355,2.1,13.82,0.4473,0.0299,0.8582,-2.26,-0.43,2.62,0.38
1773119054.11700,10.01,76.36355,2.1,13.82,0.3862,0.0520,1.0206,3.29,1.95,0.79,0.40
1773119054.21700,10.01,76.36355,2.1,13.82,0.2771,0.0016,0.9857,-2.26,3.48,-1.28,0.40
1773119054.32300,10.01001,76.36356,2.0,11.99,0.2665,0.0770,1.1584,0.55,3.78,-2.32,0.36
1773119054.41600,10.01001,76.36356,2.0,11.99,0.2565,0.0645,0.9246,-0.18,3.29,-1.40,0.36
1773119054.52300,10.01001,76.36356,1.9,11.12,0.2632,-0.0505,0.9650,-2.20,2.01,-1.40,0.36
1773119054.61700,10.01001,76.36356,1.9,11.12,0.1713,-0.0450,0.8475,-3.41,4.39,-2.80,0.35
1773119055.72300,10.01001,76.36356,1.8,10.89,0.2365,0.0231,1.0221,0.85,1.10,-1.83,0.33
1773119055.81700,10.01001,76.36356,1.8,10.89,0.3027,0.1488,1.1256,5.79,0.30,-1.77,0.44
1773119055.92400,10.01001,76.36357,1.8,10.67,0.2881,0.0625,1.0980,3.60,0.18,0.12,0.29
1773119055.01800,10.01001,76.36357,1.8,10.67,0.2334,0.0037,1.0420,-2.20,1.28,-0.61,0.37
1773119055.11700,10.01001,76.36357,1.8,10.67,0.2896,0.1118,1.1700,1.04,-0.18,0.00,0.36
1773119055.22400,10.01001,76.36358,1.8,10.39,0.1727,0.1456,1.2111,5.12,-1.46,-0.18,0.34
1773119055.31700,10.01001,76.36358,1.8,10.39,0.1646,0.0815,0.9261,1.40,0.43,-0.37,0.34
1773119055.42400,10.01002,76.36359,1.9,11.01,0.1897,0.0582,1.1874,4.33,-0.85,0.12,0.34
1773119055.51800,10.01002,76.36359,1.9,11.01,0.1527,0.0901,0.8085,3.23,1.28,0.49,0.33
1773119055.62500,10.01002,76.36359,1.9,10.08,0.2942,0.0938,1.0156,-2.13,4.39,0.91,0.34
1773119055.71700,10.01002,76.36359,1.9,10.08,0.0911,0.0691,0.7382,-1.89,3.84,1.77,0.29
1773119056.82400,10.01002,76.36359,1.9,9.97,-0.0687,0.0702,1.0571,3.41,7.56,2.32,0.41
1773119056.91700,10.01002,76.36359,1.9,9.97,-0.0988,0.0624,1.0165,1.46,8.96,2.44,0.38
1773119056.02400,10.01002,76.36359,2.0,9.57,0.0414,0.1556,0.9221,2.62,5.67,2.56,0.37
1773119056.11700,10.01002,76.36359,2.0,9.57,-0.1832,-0.0199,0.8242,-3.48,-2.01,2.87,0.41
1773119056.21700,10.01002,76.36359,2.0,9.57,0.0756,0.1088,1.2205,1.28,-1.71,0.91,0.41
1773119056.32400,10.01003,76.3636,2.0,10.43,0.1500,0.0759,1.1660,-1.71,5.49,0.61,0.36
1773119056.41800,10.01003,76.3636,2.0,10.43,0.0314,-0.0059,0.8849,2.20,23.48,-1.10,0.27
1773119056.52500,10.01003,76.36361,2.2,11.69,-0.3204,0.0190,0.6224,0.85,0.79,-3.17,0.39
1773119056.61900,10.01003,76.36361,2.2,11.69,0.0922,0.1304,0.9962,6.16,-20.98,-1.77,0.32
1773119057.72600,10.01003,76.36362,2.2,11.86,-0.0812,0.1190,1.2092,4.33,-12.99,-0.73,0.39
1773119057.81900,10.01003,76.36362,2.2,11.86,0.2994,0.0110,1.2094,5.06,-32.50,0.91,0.36
1773119057.93300,10.01004,76.36362,2.2,12.55,0.3983,-0.0226,0.7661,-3.90,-17.87,0.67,0.32
1773119057.01900,10.01004,76.36362,2.2,12.55,0.0565,-0.0422,0.5936,-1.77,13.54,1.34,0.43
1773119057.11900,10.01004,76.36362,2.2,12.55,0.2186,0.0524,0.7603,-0.73,9.82,0.12,0.37
1773119057.22500,10.01004,76.36362,2.2,14.32,-0.0104,0.0834,1.2695,4.02,1.95,1.65,0.33
1773119057.32500,10.01004,76.36363,2.2,13.36,-0.4352,-0.0002,0.8130,-3.05,-6.04,0.18,0.41
1773119057.41800,10.01004,76.36363,2.2,13.36,0.2621,0.1697,1.1689,0.55,19.15,0.24,0.36
1773119057.52600,10.01004,76.36364,2.1,13.97,0.0543,0.0587,1.1055,0.49,18.29,-0.85,0.33
1773119057.61900,10.01004,76.36364,2.1,13.97,0.3722,-0.0762,0.8413,-3.48,10.00,0.37,0.37
1773119058.72500,10.01005,76.36365,2.2,14.70,0.6093,-0.0695,1.3990,-6.89,8.23,-0.98,0.40
1773119058.81900,10.01005,76.36365,2.2,14.70,0.3458,0.2107,1.1554,7.13,-9.15,1.28,0.37
1773119058.92600,10.01005,76.36366,2.2,16.66,0.3721,-0.0530,0.9266,-7.68,-11.10,0.98,0.32
1773119058.01800,10.01005,76.36366,2.2,16.66,0.4746,-0.0021,1.1294,-2.01,-12.07,-0.18,0.34
1773119058.11800,10.01005,76.36366,2.2,16.66,0.1317,0.0736,0.9379,0.30,-10.61,-1.46,0.28
1773119058.22500,10.01005,76.36366,2.2,18.01,0.2252,0.0613,0.7653,-1.28,-6.83,-2.20,0.32
1773119058.31900,10.01005,76.36366,2.2,18.01,0.4312,0.0413,1.1271,-3.11,-1.65,-3.11,0.43
1773119058.42600,10.01006,76.36368,2.2,19.08,-0.4288,0.0447,0.8875,0.67,-1.89,-5.18,0.32
1773119058.51900,10.01006,76.36368,2.2,19.08,0.0564,-0.0031,1.2848,-2.01,16.16,-6.28,0.25
1773119058.62700,10.01006,76.36369,2.2,18.83,0.2092,-0.0079,0.9633,-0.06,-9.82,-3.60,0.45
1773119059.71900,10.01006,76.36369,2.2,18.83,0.0428,0.0251,1.0685,6.71,7.93,-6.04,0.43
1773119059.82500,10.01007,76.36369,2.3,18.82,0.0743,0.0188,1.1012,4.09,3.35,-4.70,0.40
1773119059.91900,10.01007,76.36369,2.3,18.82,0.2740,0.0448,1.0818,5.85,7.13,-3.41,0.34
1773119059.02500,10.01007,76.3637,2.3,19.35,0.1300,0.0568,1.0494,1.77,5.37,-2.20,0.44
1773119059.11900,10.01007,76.3637,2.3,19.35,0.3658,0.1129,0.6987,7.62,-2.01,2.87,0.34
1773119059.22500,10.01007,76.36371,2.3,19.07,0.2991,0.0758,1.0330,-1.89,8.90,6.16,0.43
1773119059.32500,10.01008,76.36372,2.3,19.11,0.2349,0.0363,1.1039,-3.96,5.30,8.35,0.30
1773119059.41800,10.01008,76.36372,2.3,19.11,-0.0042,-0.0468,0.8585,-5.91,4.27,8.48,0.33
1773119059.52600,10.01008,76.36372,2.3,18.25,0.0573,0.1338,1.1621,0.12,8.48,7.20,0.30
1773119059.62600,10.01008,76.36373,2.3,18.55,0.1077,0.1200,1.1279,1.16,5.00,4.33,0.36
1773119060.71800,10.01008,76.36373,2.3,18.55,0.2307,0.0100,1.0225,-4.82,10.85,1.83,0.37
1773119060.82500,10.01009,76.36374,2.4,17.83,0.3043,0.0592,1.0302,-2.20,5.43,-2.13,0.35
1773119060.91800,10.01009,76.36374,2.4,17.83,0.3575,0.0551,0.8369,-0.30,1.77,-3.35,0.41
1773119060.02500,10.01009,76.36375,2.4,17.84,0.1804,0.1282,0.9872,9.21,3.90,-2.38,0.30
1773119060.11900,10.01009,76.36375,2.4,17.84,0.4375,0.0374,0.8745,2.38,-1.04,-0.24,0.40
1773119060.21900,10.01009,76.36375,2.4,17.84,0.0731,0.1484,1.1533,2.38,6.46,-0.55,0.31
1773119060.32600,10.01009,76.36375,2.4,17.36,0.1852,0.0914,1.0664,4.09,2.38,0.79,0.29
1773119060.41900,10.01009,76.36375,2.4,17.36,0.0017,0.0150,1.0055,-0.43,-0.06,0.91,0.37
1773119060.52600,10.0101,76.36376,2.4,18.33,0.0286,0.0167,1.0754,-3.23,2.26,-0.55,0.35
1773119060.61900,10.0101,76.36376,2.4,18.33,0.2571,-0.0389,1.0811,-6.16,2.13,-0.67,0.35
1773119061.72600,10.0101,76.36378,2.5,18.70,0.3196,0.0055,1.1765,-2.68,12.26,-0.73,0.48
1773119061.81900,10.0101,76.36378,2.5,18.70,0.2213,-0.0754,1.0923,-6.59,-0.24,-0.18,0.42
1773119061.92500,10.01011,76.36378,2.5,19.44,-0.2831,0.0668,0.9972,-1.10,6.46,-1.04,0.41
1773119061.01800,10.01011,76.36378,2.5,19.44,0.0253,0.0277,1.0254,-4.88,8.23,-1.34,0.23
1773119061.11800,10.01011,76.36378,2.5,19.44,0.1672,0.0381,1.0424,1.83,0.06,-0.91,0.46
1773119061.23200,10.01011,76.36379,2.5,19.64,0.1665,0.0464,1.1438,-0.55,-0.30,-1.10,0.37
1773119061.31900,10.01011,76.36379,2.5,19.64,0.0819,0.0836,1.1332,-4.70,3.05,-1.28,0.36
1773119061.42600,10.01012,76.36381,2.6,19.78,0.3317,0.0588,1.0785,-3.78,-6.34,-0.85,0.34
1773119061.51900,10.01012,76.36381,2.6,19.78,0.4490,0.0509,0.7296,-4.21,-7.26,-2.74,0.47
1773119061.62600,10.01012,76.36382,2.6,19.33,0.3973,0.0360,0.8839,-6.89,-4.76,-3.05,0.43
1773119062.71800,10.01012,76.36382,2.6,19.33,0.4030,0.0137,1.0818,-4.63,-6.52,-5.24,0.29
1773119062.82500,10.01013,76.36382,2.6,18.75,0.2950,0.0432,0.9403,-2.38,1.59,-8.78,0.43
1773119062.91900,10.01013,76.36382,2.6,18.75,0.2040,0.0613,0.6870,-0.24,-4.63,-8.90,0.35
1773119062.02500,10.01013,76.36383,2.6,17.64,-0.0035,0.0594,1.0503,-0.49,-0.06,-9.63,0.34
1773119062.11900,10.01013,76.36383,2.6,17.64,-0.0079,-0.0193,0.9364,-3.72,-0.73,-9.39,0.45
1773119062.21900,10.01013,76.36383,2.6,17.64,0.2184,0.1324,1.1929,2.87,7.07,-9.33,0.37
1773119062.32600,10.01013,76.36384,2.6,16.94,0.1184,0.0048,0.8330,-4.39,-0.67,-8.78,0.37
1773119062.41900,10.01013,76.36384,2.6,16.94,0.2784,0.0583,0.9711,1.83,1.52,-8.17,0.37
1773119062.52600,10.01014,76.36385,2.7,16.12,0.2400,0.0103,1.1945,0.85,-1.95,-8.11,0.44
1773119062.61900,10.01014,76.36385,2.7,16.12,0.5248,0.0094,1.1571,-1.89,-2.62,-8.78,0.44
1773119063.72600,10.01014,76.36386,2.7,15.90,0.3263,0.0601,0.8738,-0.24,-0.98,-7.62,0.36
1773119063.82500,10.01014,76.36386,2.7,15.73,0.1848,0.0575,1.2505,2.32,-6.04,-7.38,0.46
1773119063.92500,10.01014,76.36387,2.7,15.63,-0.2375,-0.0892,0.6650,-4.88,0.00,-9.57,0.35
1773119063.02600,10.01014,76.36387,2.7,15.89,0.1766,0.1641,0.9623,9.57,0.61,-7.99,0.33
1773119063.12600,10.01014,76.36388,2.7,15.11,-0.0573,-0.0398,1.0015,-2.50,7.26,-7.26,0.37
1773119063.21900,10.01014,76.36388,2.7,15.11,0.2313,-0.0396,0.9429,0.91,-7.68,-7.13,0.37
1773119063.32600,10.01014,76.36388,2.8,14.97,0.2087,0.0275,1.0115,4.45,-3.48,-5.73,0.30
1773119063.42600,10.01014,76.36388,2.7,15.47,0.0280,0.1094,1.2040,7.20,3.90,-5.24,0.37
1773119063.52600,10.01015,76.36389,2.7,15.06,0.4196,0.0795,1.0061,11.71,1.65,-1.95,0.30
1773119063.62700,10.01015,76.36389,2.7,15.69,0.0444,0.1049,1.2802,7.56,1.10,-0.30,0.42
1773119064.72600,10.01015,76.3639,2.7,15.94,-0.2563,0.0353,0.7479,6.83,1.89,0.12,0.38
1773119064.82600,10.01015,76.3639,2.7,16.23,0.0428,0.0198,0.8372,1.46,-4.76,1.89,0.22
1773119064.92600,10.01015,76.36391,2.7,16.29,-0.1772,-0.0366,0.9017,-0.61,2.44,2.44,0.46
1773119064.02600,10.01015,76.36391,2.7,16.85,-0.1183,-0.0093,0.8319,2.38,3.23,3.84,0.44
1773119064.12600,10.01015,76.36391,2.7,16.78,0.0690,0.0586,0.7528,5.37,-0.85,5.43,0.35
1773119064.21900,10.01015,76.36391,2.7,16.78,0.1653,0.0293,1.1088,2.93,2.74,5.67,0.40
1773119064.32600,10.01015,76.36392,2.6,17.72,0.0184,0.0245,1.1659,3.72,6.40,4.57,0.39
1773119064.42600,10.01015,76.36393,2.6,17.80,0.1709,0.0116,0.6694,1.95,1.34,5.85,0.37
1773119064.52500,10.01015,76.36393,2.7,17.61,0.0386,0.0249,1.1967,-3.35,1.95,4.82,0.46
1773119064.62700,10.01016,76.36394,2.6,18.40,0.3370,0.1313,0.8107,1.22,-8.23,4.88,0.55
1773119065.72600,10.01016,76.36394,2.6,18.40,0.0067,0.0698,0.9049,2.50,0.79,4.21,0.41
1773119065.83300,10.01016,76.36395,2.6,18.85,0.0549,0.1135,1.1718,6.71,0.85,2.93,0.38
1773119065.92000,10.01016,76.36395,2.6,18.85,0.1675,-0.0651,0.8922,-3.96,-11.95,2.38,0.36
1773119065.02600,10.01016,76.36395,2.6,18.99,0.2230,0.0197,0.8989,1.40,-4.76,2.38,0.38
1773119065.12700,10.01016,76.36396,2.6,18.92,-0.0785,0.0366,1.1053,-0.18,0.24,2.80,0.28
1773119065.22000,10.01016,76.36396,2.6,18.92,0.0061,0.0853,0.7700,1.34,-1.77,3.35,0.34
1773119065.33300,10.01017,76.36398,2.7,18.26,0.2576,-0.0300,1.0496,-5.12,-2.62,3.54,0.36
1773119065.41900,10.01017,76.36398,2.7,18.26,-0.0131,0.1189,0.8241,3.72,-2.80,4.21,0.33
1773119065.52600,10.01017,76.36398,2.6,18.30,0.1740,0.0712,0.9618,0.79,1.71,3.54,0.42
1773119065.62700,10.01017,76.36398,2.6,18.28,0.1188,0.0518,0.9042,-5.00,-7.13,3.96,0.34
1773119066.72600,10.01017,76.36398,2.6,18.30,-0.1042,0.0781,0.8463,-0.98,-7.01,2.93,0.41
1773119066.84000,10.01017,76.36399,2.6,18.25,0.3059,0.0879,0.9034,1.71,-4.21,3.96,0.32
1773119066.92000,10.01017,76.36399,2.6,18.25,0.0818,0.0443,1.0856,-0.85,-11.52,3.35,0.47
1773119066.02600,10.01017,76.364,2.6,18.86,0.4285,0.1409,1.2574,3.29,14.88,1.28,0.44
1773119066.12700,10.01018,76.36401,2.6,18.94,0.7468,-0.0620,1.1375,-13.84,1.40,2.62,0.35
1773119066.21900,10.01018,76.36401,2.6,18.94,-0.0833,0.1860,1.0856,-6.16,7.32,0.30,0.37
1773119066.33300,10.01018,76.36401,2.7,18.92,0.4094,-0.1257,0.9878,-7.74,-5.55,0.91,0.44
1773119066.42000,10.01018,76.36401,2.7,18.92,1.1396,0.1443,1.3389,0.49,-0.18,0.06,0.33
1773119066.52700,10.01018,76.36402,2.7,19.35,0.8956,-0.1287,1.0127,-13.78,-14.94,1.04,0.23
1773119066.62800,10.01018,76.36403,2.8,20.10,-0.0372,-0.0752,0.7179,-6.28,16.65,0.06,0.43
1773119067.72700,10.01019,76.36403,2.8,19.01,0.1440,-0.0845,0.7428,-11.28,3.35,-0.12,0.50
1773119067.82700,10.01019,76.36404,2.8,20.01,0.1022,0.1852,1.0288,7.01,-1.65,0.49,0.32
1773119067.92700,10.01019,76.36404,2.8,19.52,0.0486,-0.0231,1.0038,-3.78,3.84,-0.24,0.39
1773119067.02700,10.01019,76.36404,2.8,19.89,-0.0967,0.0577,1.3293,-1.65,-1.46,-0.24,0.47
1773119067.12700,10.01019,76.36405,2.9,20.21,-0.1333,0.0740,0.6638,6.28,-2.74,-2.62,0.45
1773119067.22000,10.01019,76.36405,2.9,20.21,0.6993,0.1218,1.5774,0.30,12.74,-3.96,0.28
1773119067.33300,10.0102,76.36407,2.9,20.65,0.0667,-0.1003,1.2301,-12.32,2.87,-3.84,0.32
1773119067.42000,10.0102,76.36407,2.9,20.65,0.2306,-0.0023,0.6036,0.18,-2.20,-3.41,0.33
1773119067.52700,10.0102,76.36407,3.0,20.79,-0.3007,0.1602,0.9578,2.20,2.07,-2.38,0.41
1773119067.62700,10.0102,76.36407,3.0,20.89,0.0623,0.0145,0.9458,-4.39,0.12,-3.05,0.38
1773119068.73300,10.0102,76.36409,3.0,21.25,-0.0674,0.0247,0.8247,2.87,-1.34,-3.35,0.34
1773119068.82000,10.0102,76.36409,3.0,21.25,0.1393,-0.0422,0.8340,0.67,-2.07,-3.54,0.33
1773119068.92700,10.01021,76.36409,3.1,21.19,-0.0896,0.0111,0.9229,1.65,-9.02,-3.48,0.20
1773119068.02700,10.01021,76.3641,3.1,21.73,0.2311,0.0144,1.0422,1.04,-2.50,-3.84,0.30
1773119068.12700,10.01021,76.36411,3.1,21.72,0.1807,0.1122,0.6669,5.43,-4.57,-2.93,0.29
1773119068.22000,10.01021,76.36411,3.1,21.72,0.2120,0.0026,0.9937,0.55,-3.54,-2.20,0.50
1773119068.32700,10.01021,76.36411,3.1,22.47,0.4897,0.1348,1.0138,7.26,-1.95,-3.11,0.27
1773119068.42800,10.01021,76.36412,3.1,22.43,0.0024,0.0101,0.6685,6.95,-2.20,-2.56,0.36
1773119068.52800,10.01022,76.36412,3.1,23.04,-0.2513,-0.0172,0.9950,4.51,-1.52,-0.67,0.30
1773119068.62900,10.01022,76.36413,3.1,22.96,0.0153,0.0046,1.0176,9.15,0.37,2.07,0.47
1773119069.73400,10.01022,76.36414,3.0,23.56,0.2386,0.1237,1.0706,8.29,-2.07,4.45,0.41
1773119069.82100,10.01022,76.36414,3.0,23.56,0.0317,-0.0404,0.7462,-0.85,-1.04,5.67,0.30
1773119069.92700,10.01022,76.36414,3.1,23.98,-0.0791,0.1104,0.8413,4.45,4.76,7.62,0.35
1773119069.02700,10.01023,76.36415,3.1,24.01,0.8240,0.1060,1.4286,-5.55,3.48,8.05,0.33
1773119069.13500,10.01023,76.36416,3.1,24.34,0.8815,0.1327,1.2880,-3.23,-20.12,6.71,0.33
1773119069.22800,10.01023,76.36417,3.1,23.86,-0.1667,0.0516,1.1833,-10.49,-13.17,6.83,0.36
1773119069.32100,10.01023,76.36417,3.1,23.86,0.0132,0.0977,0.4703,-9.09,7.80,4.82,0.35
1773119069.42900,10.01023,76.36417,3.1,25.20,-0.2069,-0.0939,1.0477,-10.49,-3.60,3.60,0.25
1773119069.52900,10.01024,76.36418,3.1,25.39,-0.6768,-0.0927,0.6160,-11.40,-2.93,-0.55,0.39
1773119069.62900,10.01024,76.36419,3.1,25.77,-0.7554,-0.0984,0.7520,-10.79,7.50,-0.55,0.35
1773119070.73500,10.01024,76.3642,3.1,26.18,-0.1674,-0.1829,0.7706,-5.24,21.40,-2.26,0.30
1773119070.82200,10.01024,76.3642,3.1,26.18,0.6887,-0.1980,0.9044,14.09,24.39,-3.35,0.33
1773119070.92900,10.01025,76.3642,3.2,26.22,0.4978,-0.1873,1.1993,-4.94,-1.40,-1.95,0.44
1773119070.02800,10.01025,76.36421,3.1,26.99,0.3153,0.0948,0.8458,4.94,-6.04,-0.67,0.41
1773119070.12800,10.01025,76.36422,3.1,26.82,0.1101,-0.0054,0.8497,0.67,-1.59,1.16,0.33
1773119070.22900,10.01025,76.36423,3.1,27.34,0.3369,0.0031,0.9200,0.98,-1.16,3.05,0.35
1773119070.32300,10.01025,76.36423,3.1,27.34,0.0817,0.1409,1.0819,5.37,6.95,3.48,0.29
1773119070.43600,10.01026,76.36424,3.1,27.74,0.2261,0.0619,1.0996,-2.99,-0.12,5.12,0.48
1773119070.52200,10.01026,76.36424,3.1,27.74,0.4310,0.0409,0.8859,-4.21,-4.09,4.51,0.34
1773119070.63700,10.01027,76.36426,3.2,28.54,0.6121,-0.0096,0.9072,-7.74,-8.48,4.57,0.26
1773119071.72900,10.01027,76.36427,3.2,28.42,0.2410,0.0066,0.7981,-5.18,9.21,2.87,0.37
1773119071.82200,10.01027,76.36427,3.2,28.42,-0.0502,0.0127,0.8711,-8.23,-0.55,1.52,0.41
1773119071.93600,10.01027,76.36428,3.1,28.74,0.5138,0.0311,0.9028,-7.44,-0.18,-0.55,0.34
1773119071.02400,10.01027,76.36428,3.1,28.74,-0.0516,-0.0818,1.2159,2.07,-3.66,-0.73,0.33
1773119071.13000,10.01028,76.36429,3.1,28.88,0.5298,-0.0254,0.8160,-7.68,-9.27,-1.59,0.29
1773119071.23000,10.01028,76.3643,3.1,29.06,0.3282,-0.0061,1.0115,-2.44,4.82,-2.32,0.40
1773119071.33000,10.01028,76.3643,3.1,29.20,0.2594,0.0513,1.2814,-2.68,7.99,-2.87,0.34
1773119071.43000,10.01029,76.36431,3.1,29.36,0.1040,0.0067,1.1079,-3.29,2.56,-2.20,0.30
1773119071.53000,10.01029,76.36432,3.1,30.00,0.1349,0.1215,1.1276,1.95,1.28,-2.68,0.42
1773119071.63100,10.01029,76.36433,3.1,29.48,0.0717,0.0229,1.0374,-4.15,0.85,-2.32,0.45
1773119072.73000,10.01029,76.36433,3.1,29.66,-0.0702,0.0135,1.2079,-3.84,2.01,-2.56,0.45
1773119072.83000,10.0103,76.36434,3.1,30.03,0.0051,-0.0212,1.1034,-4.63,-0.43,-3.11,0.38
1773119072.93100,10.0103,76.36435,3.2,29.97,-0.1846,0.0139,1.2184,-0.43,7.62,-3.23,0.31
1773119072.02400,10.0103,76.36435,3.2,29.97,-0.0248,-0.0017,0.9861,-3.41,-2.38,-2.50,0.37
1773119072.13100,10.0103,76.36436,3.1,30.42,-0.0696,0.0504,0.9130,2.87,-0.55,-3.17,0.38
1773119072.23100,10.01031,76.36437,3.2,31.59,0.0164,0.0350,0.8173,-1.95,-2.50,-2.20,0.37
1773119072.32400,10.01031,76.36437,3.2,31.59,0.0887,0.0354,0.9249,2.32,-2.38,-3.23,0.34
1773119072.44400,10.01031,76.36439,3.1,32.95,0.2494,0.0527,1.0292,-0.61,-2.62,-3.72,0.29
1773119072.52300,10.01031,76.36439,3.1,32.95,0.0656,-0.0184,0.8431,0.00,-2.38,-4.57,0.47
1773119072.63700,10.01032,76.3644,3.1,33.77,0.2017,0.1106,1.0231,5.06,5.61,-5.91,0.39
1773119073.73000,10.01032,76.36441,3.1,34.74,-0.2601,-0.0031,0.8822,1.22,6.40,-5.12,0.28
1773119073.82300,10.01032,76.36441,3.1,34.74,0.1187,-0.0189,0.9513,3.54,-5.18,-3.84,0.41
1773119073.93700,10.01033,76.36443,3.1,35.83,-0.1058,0.1553,1.0302,6.71,1.22,-3.72,0.36
1773119073.02300,10.01033,76.36443,3.1,35.83,-0.0298,0.1310,1.0240,9.27,4.09,-4.09,0.38
1773119073.13000,10.01033,76.36444,3.2,35.78,-0.1686,0.0205,1.1740,6.65,3.78,-2.62,0.30
1773119073.22400,10.01033,76.36444,3.2,35.78,0.2798,-0.1981,1.0087,2.07,-2.26,-1.65,0.28
1773119073.33700,10.01034,76.36446,3.2,37.81,0.1482,0.0927,1.0338,4.09,-3.66,-0.30,0.28
1773119073.43000,10.01034,76.36447,3.3,36.54,0.0415,-0.0739,0.7452,-3.41,-1.52,-0.73,0.33
1773119073.53100,10.01034,76.36449,3.3,37.84,0.2080,0.1477,1.3054,6.71,13.23,0.00,0.32
1773119073.63100,10.01035,76.36449,3.3,38.16,0.4694,0.1057,1.6299,2.20,2.44,0.91,0.38
1773119074.72300,10.01035,76.36449,3.3,38.16,0.3759,0.0361,0.6498,3.48,-8.48,1.40,0.39
1773119074.83700,10.01035,76.36451,3.3,38.73,-0.3273,0.2932,0.9075,7.20,6.28,3.48,0.38
1773119074.93100,10.01036,76.36452,3.3,38.53,-0.4337,0.2932,1.4905,2.32,16.04,2.01,0.39
1773119074.02400,10.01036,76.36452,3.3,38.53,-0.2041,0.1626,1.2097,3.11,12.07,2.38,0.31
1773119074.13000,10.01036,76.36453,3.2,39.41,-0.1110,-0.1431,0.9489,-11.71,-3.48,2.99,0.38
1773119074.22400,10.01036,76.36453,3.2,39.41,-0.3230,0.0530,0.8953,-0.55,12.26,1.04,0.34
1773119074.33700,10.01037,76.36456,3.4,39.85,0.9104,0.0691,0.8868,9.57,-11.46,0.85,0.43
1773119074.42400,10.01037,76.36456,3.4,39.85,0.4626,-0.1368,1.0424,-1.59,3.35,-0.98,0.30
1773119074.53700,10.01038,76.36458,3.3,40.38,0.1251,-0.0122,0.8806,0.06,-1.22,0.98,0.33
1773119074.63100,10.01038,76.36459,3.4,39.75,0.0773,-0.0166,1.3005,-0.24,1.95,1.40,0.30
1773119075.72400,10.01038,76.36459,3.4,39.75,0.3306,0.0889,0.7485,-0.24,-5.37,2.26,0.24
1773119075.83700,10.01039,76.36461,3.3,39.93,1.4092,-0.1864,1.7693,20.24,7.62,0.37,0.30
1773119075.93100,10.01039,76.36462,3.3,39.22,1.5006,0.0438,1.0156,5.00,14.27,-1.59,0.43
1773119075.02400,10.01039,76.36462,3.3,39.22,0.7834,0.1425,0.3578,2.38,17.93,1.95,0.28
1773119075.13000,10.01039,76.36462,3.4,38.89,0.2826,0.2993,0.8461,2.87,10.43,4.21,0.40
1773119075.23000,10.0104,76.36464,3.4,36.53,-0.0643,0.1394,0.6390,2.99,-17.38,2.20,0.37
1773119075.32300,10.0104,76.36464,3.4,36.53,0.2711,0.1760,1.0745,1.28,-12.93,5.85,0.40
1773119075.43700,10.01041,76.36466,3.4,34.22,0.8250,-0.1102,0.5486,-17.50,-16.34,4.27,0.32
1773119075.53000,10.01041,76.36467,3.4,33.09,0.2028,-0.0927,0.6016,-14.57,-7.93,3.05,0.39
1773119075.63100,10.01041,76.36468,3.4,32.44,-0.0721,0.0634,0.5009,-3.05,-2.56,2.07,0.35
1773119076.73800,10.01042,76.36468,3.4,31.67,0.4833,0.1138,0.9397,-4.21,-6.34,3.78,0.35
1773119076.83000,10.01042,76.36469,3.5,30.81,0.6383,0.0388,0.9808,-5.61,-3.17,1.28,0.26
1773119076.93000,10.01042,76.36469,3.4,29.52,0.3578,-0.1116,0.8292,-11.59,-6.04,0.37,0.35
1773119076.02300,10.01042,76.36469,3.4,29.52,0.4275,-0.0079,1.0737,-3.54,-2.07,-0.61,0.44
1773119076.13000,10.01042,76.3647,3.4,28.48,0.5175,0.1416,0.8547,5.91,8.54,-1.16,0.35
1773119076.22300,10.01042,76.3647,3.4,28.48,0.6990,0.0619,0.8516,0.85,8.17,-2.62,0.53
1773119076.33700,10.01043,76.36472,3.4,23.81,0.5450,0.1359,1.1250,4.70,-4.82,-0.91,0.32
1773119076.42400,10.01043,76.36472,3.4,23.81,0.3400,0.0148,0.7218,-1.77,-6.77,-2.20,0.45
1773119076.53700,10.01043,76.36473,3.4,21.34,0.6774,0.0125,1.2555,4.39,5.00,-1.83,0.49
1773119076.63200,10.01044,76.36474,3.4,20.88,0.9006,0.1234,1.0601,7.74,-13.05,-2.26,0.31
1773119077.72400,10.01044,76.36474,3.4,20.88,0.7928,-0.1077,0.6296,-6.40,-6.10,-3.35,0.50
1773119077.83700,10.01044,76.36475,3.5,18.13,0.6517,0.1057,0.9489,1.89,-5.30,-0.30,0.39
1773119077.93100,10.01044,76.36475,3.5,16.45,0.7205,0.0129,0.8146,-3.60,-8.48,1.71,0.40
1773119077.02400,10.01044,76.36475,3.5,16.45,0.4366,0.0620,1.0209,-0.79,2.20,2.87,0.40
1773119077.13000,10.01044,76.36475,3.5,15.61,0.3995,0.0282,0.8519,-3.72,3.17,2.50,0.29
1773119077.22300,10.01044,76.36475,3.5,15.61,0.6476,0.0551,0.8604,-2.87,-0.67,-0.49,0.35
1773119077.33700,10.01045,76.36476,3.6,10.96,0.6512,-0.0354,0.8270,-5.30,-1.59,-2.74,0.37
1773119077.42400,10.01045,76.36476,3.6,10.96,0.6119,0.0166,0.9652,3.78,-0.49,-6.89,0.45
1773119077.53700,10.01045,76.36476,3.6,8.82,0.6729,0.0836,0.7980,1.04,-1.10,-8.11,0.39
1773119077.63100,10.01045,76.36477,3.6,7.94,0.5309,0.1351,1.0482,3.78,4.15,-8.78,0.28
1773119078.72400,10.01045,76.36477,3.6,7.94,0.6531,0.0415,0.8591,-2.20,0.06,-5.43,0.26
1773119078.83800,10.01045,76.36477,3.6,5.25,0.6672,-0.0160,0.9253,-2.99,-0.49,-1.77,0.35
1773119078.92500,10.01045,76.36477,3.6,5.25,0.5516,0.0669,0.9851,-0.06,-1.16,-1.40,0.37
1773119078.03200,10.01045,76.36477,3.7,4.08,0.5033,0.0742,0.9863,-3.78,1.46,-0.49,0.32
1773119078.13700,10.01045,76.36477,3.6,1.89,0.4802,0.0001,0.8693,-2.56,1.04,0.18,0.33
1773119078.22500,10.01045,76.36477,3.6,1.89,0.4618,0.0243,0.9824,-0.61,5.79,-1.52,0.40
1773119078.33800,10.01045,76.36477,3.7,0.06,0.1682,-0.0601,0.9574,2.38,10.12,0.12,0.32
1773119078.42500,10.01045,76.36477,3.7,0.06,0.0891,0.0669,0.8116,3.96,13.66,-0.24,0.29
1773119078.53800,10.01045,76.36477,3.8,0.59,0.0961,0.0167,1.0787,-0.61,6.59,-0.43,0.37
1773119078.62500,10.01045,76.36477,3.8,0.59,0.0171,0.0259,1.2394,1.16,2.07,0.18,0.28
1773119079.73800,10.01045,76.36477,3.8,0.61,0.1292,-0.0046,1.0396,-0.37,-1.65,0.85,0.35
1773119079.82500,10.01045,76.36477,3.8,0.61,0.1960,0.0944,1.1654,0.61,-2.87,0.24,0.44
1773119079.94400,10.01045,76.36477,3.9,0.28,0.1788,0.0504,0.9751,0.79,-0.85,0.37,0.35
1773119079.02400,10.01045,76.36477,3.9,0.28,0.2216,0.0079,1.1143,0.12,-0.85,0.30,0.35
1773119079.13100,10.01045,76.36477,3.9,0.25,0.1240,0.0592,1.0060,0.85,1.22,-0.61,0.37
1773119079.22500,10.01045,76.36477,3.9,0.25,0.1455,0.0302,0.9724,-0.18,0.43,-0.18,0.32
1773119079.33800,10.01045,76.36477,4.0,0.12,0.1306,0.0151,1.0927,-1.46,0.00,-0.73,0.44
1773119079.42500,10.01045,76.36477,4.0,0.12,0.1429,0.0283,1.1168,0.00,0.67,-0.37,0.39
1773119079.53800,10.01045,76.36477,4.1,0.15,0.1316,0.0225,1.0114,-0.61,0.24,-0.61,0.38
1773119079.62500,10.01045,76.36477,4.1,0.15,0.1525,0.0250,1.1179,0.24,0.67,0.00,0.48
1773119080.73100,10.01045,76.36477,4.1,0.08,0.1976,0.0088,1.0781,-0.30,0.61,-0.67,0.41
1773119080.83800,10.01045,76.36477,4.1,0.25,0.0461,0.0510,0.9493,2.13,2.26,-0.61,0.30
1773119080.92500,10.01045,76.36477,4.1,0.25,0.1661,-0.0077,1.0359,1.34,-0.67,-0.37,0.40
1773119080.03100,10.01045,76.36477,4.2,0.17,0.1819,0.0099,0.9417,-0.06,-0.37,0.24,0.31
1773119080.13200,10.01045,76.36477,4.2,0.04,0.1925,0.0303,0.9330,2.32,-0.24,-0.79,0.39
1773119080.22500,10.01045,76.36477,4.2,0.04,0.1455,-0.0284,1.0081,0.24,0.24,-0.49,0.37
1773119080.33800,10.01045,76.36477,4.2,0.11,0.2189,-0.0028,0.8583,1.59,-0.73,-0.30,0.37
1773119080.42500,10.01045,76.36477,4.2,0.11,0.1486,-0.0123,0.9541,-0.79,-0.18,-0.24,0.38
1773119080.53800,10.01045,76.36477,4.3,0.17,-0.0350,0.0144,1.0023,3.05,3.05,-0.18,0.32
1773119080.62500,10.01045,76.36477,4.3,0.17,0.0580,0.0402,0.9686,2.20,0.00,-0.61,0.22
1773119081.73700,10.01045,76.36477,4.4,0.27,0.1100,0.0796,0.9021,2.26,-1.95,-0.49,0.39
1773119081.82500,10.01045,76.36477,4.4,0.27,0.0940,0.0593,0.8467,3.48,-0.06,-0.18,0.45
1773119081.93800,10.01045,76.36477,4.4,1.31,-0.0950,0.0498,1.1783,2.87,2.32,0.30,0.39
1773119081.02500,10.01045,76.36477,4.4,1.31,0.0946,0.0411,0.8865,0.24,-2.62,1.10,0.29
1773119081.13200,10.01045,76.36478,4.4,1.77,-0.0629,-0.0038,0.7872,-1.16,-0.61,2.44,0.42
1773119081.22500,10.01045,76.36478,4.4,1.77,-0.0123,0.0214,0.8983,-0.43,0.61,5.00,0.49
1773119081.33800,10.01045,76.36478,4.4,3.12,0.0652,0.0446,0.8519,-3.84,-2.01,6.22,0.38
1773119081.43100,10.01045,76.36478,4.4,4.18,0.0540,0.0475,0.9034,1.40,0.18,4.94,0.39
1773119081.53200,10.01045,76.36478,4.5,4.03,-0.0828,0.0586,1.1210,0.91,1.10,3.66,0.32
1773119081.62600,10.01045,76.36478,4.5,4.03,-0.0546,0.0579,0.9998,0.67,1.89,2.99,0.30
1773119082.73700,10.01045,76.36478,4.5,5.10,0.0094,0.0391,0.7627,-2.38,2.26,0.98,0.37
1773119082.82500,10.01045,76.36478,4.5,5.10,0.1053,-0.0474,0.9060,-4.02,-1.40,1.34,0.22
1773119082.93800,10.01045,76.36478,4.5,5.66,0.2352,0.0360,0.7991,-0.55,-4.02,0.18,0.33
1773119082.02500,10.01045,76.36478,4.5,5.66,0.1582,0.1274,1.0916,0.61,-2.56,-1.04,0.40
1773119082.13200,10.01045,76.36478,4.5,5.60,0.1995,0.0671,1.1505,1.04,-0.43,-2.07,0.41
1773119082.22500,10.01045,76.36478,4.5,5.60,0.1531,0.0514,0.8971,0.55,1.95,-3.41,0.45
1773119082.34500,10.01045,76.36478,4.5,4.61,0.1816,0.0813,1.0278,-3.05,0.91,-2.93,0.42
1773119082.42400,10.01045,76.36478,4.5,4.61,0.1906,0.0804,1.1385,-1.83,2.80,-2.50,0.45
1773119082.53800,10.01046,76.36479,4.5,4.54,0.2302,0.0280,1.0452,-3.23,1.77,-2.50,0.31
1773119082.62500,10.01046,76.36479,4.5,4.54,0.2792,0.0573,1.0472,-1.28,1.71,-1.40,0.28
1773119083.73100,10.01046,76.36479,4.6,4.29,0.2972,0.0895,0.9221,-5.49,1.83,-3.41,0.43
1773119083.83800,10.01046,76.36479,4.6,3.57,0.3326,-0.0161,0.7852,-8.29,0.49,-1.16,0.42
1773119083.93100,10.01046,76.36479,4.6,3.32,0.3619,0.0253,1.0835,-8.72,0.55,-1.40,0.34
1773119083.02400,10.01046,76.36479,4.6,3.32,0.3942,-0.0519,1.0392,-5.00,-2.13,-1.89,0.38
1773119083.13100,10.01046,76.36479,4.6,2.25,0.3995,-0.0433,1.0643,-1.28,-3.60,-2.56,0.46
1773119083.22400,10.01046,76.36479,4.6,2.25,0.2847,-0.0178,0.7893,1.59,0.98,-1.83,0.37
1773119083.33100,10.01046,76.3648,4.6,2.01,0.3870,-0.0273,1.0303,1.52,-1.95,-0.24,0.30
1773119083.43900,10.01046,76.3648,4.7,0.51,0.3210,-0.0146,0.9111,0.91,1.04,0.24,0.36
1773119083.52500,10.01046,76.3648,4.7,0.51,0.1429,-0.0334,1.1324,2.01,5.06,-0.49,0.32
1773119083.63200,10.01046,76.3648,4.7,0.12,0.1522,0.0033,0.8245,1.59,5.37,-0.30,0.45
1773119084.73200,10.01046,76.3648,4.7,0.27,0.1140,0.0525,1.0486,2.87,3.48,-1.10,0.27
1773119084.83100,10.01046,76.3648,4.7,0.21,0.1652,0.0232,1.1516,1.77,-0.06,-0.24,0.52
1773119084.93700,10.01046,76.3648,4.8,0.17,0.1722,0.0336,1.1934,1.83,-0.67,-0.24,0.33
1773119084.02500,10.01046,76.3648,4.8,0.17,0.1952,0.0056,0.8644,-0.24,1.04,-0.24,0.36
1773119084.13200,10.01046,76.3648,4.8,0.08,0.1655,0.0028,1.0333,0.43,0.49,-0.91,0.40
1773119084.22500,10.01046,76.3648,4.8,0.08,0.2097,0.0073,1.0319,-0.61,0.91,-0.61,0.52
1773119084.33700,10.01046,76.3648,4.8,0.10,0.1918,-0.0126,0.9310,-0.61,0.18,0.00,0.34
1773119084.43100,10.01046,76.3648,4.9,0.13,0.2184,-0.0085,0.8917,-0.79,-0.06,-0.24,0.43
1773119084.52500,10.01046,76.3648,4.9,0.13,0.0990,0.0303,1.0017,-1.22,-0.18,0.06,0.36
1773119084.63800,10.01046,76.3648,4.9,0.07,0.1750,0.0096,1.1277,-1.10,0.18,-0.24,0.38
1773119085.72500,10.01046,76.3648,4.9,0.07,0.1072,0.0112,0.8621,-0.85,1.34,-0.12,0.48
1773119085.83800,10.01046,76.3648,4.9,0.06,0.2012,-0.0037,1.0924,-1.83,-0.55,0.18,0.40
1773119085.93200,10.01046,76.3648,4.9,0.08,0.1588,0.0005,0.9661,-0.73,0.43,-0.06,0.35
1773119085.02500,10.01046,76.3648,4.9,0.08,0.1298,-0.0295,0.8232,-0.73,0.49,-0.18,0.40
1773119085.13100,10.01046,76.3648,4.9,0.13,0.1937,-0.0144,0.9098,0.43,0.30,-0.43,0.40
1773119085.22500,10.01046,76.3648,4.9,0.13,0.0908,0.0123,1.0692,0.06,0.98,-0.37,0.31
1773119085.33100,10.01046,76.3648,4.9,0.23,0.1979,-0.0319,0.8661,-1.16,0.61,-0.30,0.17
1773119085.43700,10.01046,76.3648,5.0,0.04,0.2068,0.0198,1.0149,1.22,-0.49,0.18,0.30
1773119085.52500,10.01046,76.3648,5.0,0.04,0.0479,0.0242,1.1183,1.10,2.07,-1.16,0.27
1773119085.63800,10.01046,76.3648,5.0,0.36,-0.0247,0.0343,1.0801,4.39,1.10,-1.65,0.33
1773119086.72400,10.01046,76.3648,5.0,0.36,-0.0670,0.0232,0.9565,2.13,0.85,-2.32,0.35
1773119086.84500,10.01046,76.3648,5.0,0.99,-0.0337,0.0750,1.0192,2.68,1.71,-2.93,0.41
1773119086.93200,10.01046,76.3648,5.0,1.57,0.0001,0.0378,1.1426,1.46,3.23,-2.80,0.42
1773119086.02500,10.01046,76.3648,5.0,1.57,-0.0842,0.0150,0.9528,-0.79,1.04,-3.17,0.38
1773119086.13200,10.01046,76.3648,5.0,2.33,-0.0431,0.0640,1.0400,-0.67,-1.22,-6.10,0.41
1773119086.22500,10.01046,76.3648,5.0,2.33,-0.0115,0.0620,1.0026,1.22,-0.73,-7.99,0.30
1773119086.33800,10.01046,76.3648,5.1,4.06,-0.0072,0.1051,0.9421,-0.43,-1.04,-7.50,0.45
1773119086.43200,10.01046,76.3648,5.1,4.52,-0.0304,0.0352,1.0590,-0.85,-1.46,-6.34,0.35
1773119086.52500,10.01046,76.3648,5.1,4.52,-0.0140,0.0128,0.9025,-1.89,-1.28,-4.39,0.37
1773119086.63900,10.01046,76.36481,5.1,5.81,-0.1466,0.2001,0.9955,6.34,1.95,-4.02,0.41
1773119087.72500,10.01046,76.36481,5.1,5.81,-0.0382,0.0968,1.0583,3.48,2.07,-1.52,0.25
1773119087.83800,10.01046,76.36481,5.1,6.33,0.1348,0.0077,0.8949,-3.78,-1.04,-0.61,0.44
1773119087.93100,10.01046,76.36481,5.1,7.49,-0.1163,0.0315,0.8687,-1.59,0.18,-0.85,0.32
1773119087.02500,10.01046,76.36481,5.1,7.49,0.1654,-0.0123,0.9135,1.04,-0.30,-2.68,0.46
1773119087.13100,10.01046,76.36481,5.2,7.49,0.1951,0.1577,0.7198,7.56,-0.98,-3.90,0.42
1773119087.22500,10.01046,76.36481,5.2,7.49,0.3407,-0.0260,0.8904,-2.56,-4.39,-2.74,0.36
1773119087.33800,10.01046,76.36481,5.2,7.20,0.2657,0.0792,1.0701,-0.91,-1.95,0.73,0.44
1773119087.43200,10.01046,76.36482,5.2,6.73,0.3135,-0.0454,0.9316,-0.61,-2.26,2.20,0.35
1773119087.53200,10.01046,76.36482,5.2,6.48,0.1613,0.0314,0.9456,-2.74,2.26,4.94,0.33
1773119087.63200,10.01046,76.36482,5.2,6.76,0.2235,0.0758,1.0465,-0.85,1.10,7.44,0.45
1773119088.72400,10.01046,76.36482,5.2,6.76,0.3318,0.0243,0.8473,-1.34,0.37,8.23,0.15
1773119088.83800,10.01046,76.36482,5.2,5.44,0.4078,0.0328,1.0370,-1.16,-1.95,6.52,0.41
1773119088.93200,10.01046,76.36482,5.2,4.76,0.3920,0.0166,1.0319,-0.61,-0.91,3.78,0.37
1773119088.02500,10.01046,76.36482,5.2,4.76,0.3214,-0.0372,1.0314,0.12,-0.85,1.71,0.34
1773119088.13200,10.01046,76.36483,5.3,4.73,0.1838,0.0566,0.8572,0.73,1.77,-2.80,0.35
1773119088.22400,10.01046,76.36483,5.3,4.73,0.1727,0.0908,0.8611,3.60,1.16,-4.39,0.33
1773119088.33700,10.01046,76.36483,5.2,3.65,0.1858,0.0944,0.9049,1.40,0.67,-3.66,0.44
1773119088.42500,10.01046,76.36483,5.2,3.65,0.2292,0.0079,0.8766,-1.89,0.12,-1.40,0.33
1773119088.53800,10.01046,76.36483,5.3,3.30,0.1742,0.0231,0.8807,-2.38,-1.34,2.07,0.37
1773119088.63200,10.01047,76.36483,5.3,2.97,0.1625,0.0212,0.8074,-1.10,0.55,3.29,0.35
1773119089.72500,10.01047,76.36483,5.3,2.97,0.2532,0.0835,1.1584,-0.12,-0.30,2.87,0.44
1773119089.83700,10.01047,76.36483,5.3,2.64,0.2137,0.0289,1.1235,-2.87,0.55,2.13,0.48
1773119089.93100,10.01047,76.36484,5.3,1.77,0.2643,0.0918,1.0042,-2.38,1.95,2.20,0.36
1773119089.02400,10.01047,76.36484,5.3,1.77,0.2595,0.0448,1.0277,-3.84,-0.85,3.29,0.33
1773119089.13900,10.01047,76.36484,5.3,2.06,0.2002,-0.0154,0.9998,-2.07,0.43,1.22,0.30
1773119089.22500,10.01047,76.36484,5.3,2.06,0.1425,0.0277,1.1549,-1.83,0.30,0.49,0.41
1773119089.33900,10.01047,76.36484,5.3,1.12,0.2019,-0.0320,0.8818,-3.35,1.04,0.37,0.38
1773119089.42500,10.01047,76.36484,5.3,1.12,0.1097,0.0247,1.2166,-0.79,0.85,0.00,0.35
1773119089.53900,10.01047,76.36484,5.3,0.74,0.0349,-0.0510,0.9249,1.95,1.71,-0.79,0.38
1773119089.62600,10.01047,76.36484,5.3,0.74,-0.0616,0.0018,1.0262,3.05,3.96,-0.43,0.21
1773119090.73900,10.01047,76.36484,5.3,1.34,0.0040,-0.0529,1.0135,2.13,2.07,-0.91,0.36
1773119090.83200,10.01047,76.36484,5.3,1.93,-0.0071,0.0066,1.0110,3.54,2.62,0.00,0.30
1773119090.93300,10.01047,76.36484,5.3,1.74,0.0211,0.0155,1.0470,3.35,0.00,0.73,0.44
1773119090.02600,10.01047,76.36484,5.3,1.74,-0.0245,0.0454,0.9695,0.30,1.16,1.34,0.35
1773119090.13300,10.01047,76.36484,5.3,2.38,-0.1927,-0.0178,0.9259,-2.62,1.46,4.51,0.38
1773119090.22600,10.01047,76.36484,5.3,2.38,0.0817,0.0189,1.0363,-1.59,-0.85,5.73,0.40
1773119090.33900,10.01047,76.36484,5.3,4.41,-0.0746,0.0510,0.9938,-1.83,-1.28,5.91,0.39
1773119090.43200,10.01047,76.36485,5.3,4.77,-0.0404,0.0166,0.9862,-6.65,-1.52,6.95,0.33
1773119090.52600,10.01047,76.36485,5.3,4.77,-0.1860,-0.0313,0.8345,-9.76,0.67,6.65,0.40
1773119090.64000,10.01047,76.36485,5.3,5.82,-0.1785,0.0033,1.0306,-6.95,2.38,2.68,0.28
1773119091.72600,10.01047,76.36485,5.3,5.82,-0.1573,-0.0057,0.8185,-12.01,-2.50,-1.65,0.31
1773119091.83900,10.01047,76.36485,5.3,7.16,-0.0922,-0.0323,0.9863,-11.65,3.72,-7.38,0.43
1773119091.93200,10.01047,76.36485,5.3,7.68,0.0258,0.0035,1.0977,-9.27,-0.55,-11.16,0.41
1773119091.02600,10.01047,76.36485,5.3,7.68,0.2397,0.0479,1.1050,-1.65,-1.10,-17.13,0.40
1773119091.13300,10.01047,76.36485,5.3,7.73,0.1973,-0.0029,1.1135,-5.55,3.05,-24.45,0.33
1773119091.22600,10.01047,76.36485,5.3,7.73,0.2422,-0.0386,1.0602,-4.15,-3.72,-22.80,0.38
1773119091.33900,10.01047,76.36486,5.4,7.92,0.3375,0.1006,1.1656,1.10,-5.73,-23.72,0.43
1773119091.43200,10.01047,76.36486,5.4,8.18,0.5521,0.0902,1.0538,3.29,-9.51,-21.65,0.36
1773119091.53200,10.01047,76.36486,5.4,7.29,0.0857,0.0530,0.8125,0.00,-5.30,-21.46,0.39
1773119091.62600,10.01047,76.36486,5.4,7.29,0.2246,0.1210,1.0201,6.28,5.30,-23.60,0.30
1773119092.73900,10.01047,76.36487,5.4,6.98,0.2003,0.0826,0.8574,3.17,5.55,-24.27,0.33
1773119092.83300,10.01047,76.36487,5.5,6.07,0.3400,0.0269,0.7761,-0.37,0.00,-25.55,0.36
1773119092.93300,10.01047,76.36487,5.4,6.44,0.2982,-0.0178,0.9401,0.06,3.41,-24.94,0.28
1773119092.02600,10.01047,76.36487,5.4,6.44,0.2894,0.0281,1.1383,2.80,2.74,-26.16,0.44
1773119092.13300,10.01047,76.36487,5.4,5.91,0.2697,-0.1210,0.9308,-1.16,-0.49,-25.79,0.32
1773119092.23300,10.01047,76.36488,5.3,5.88,0.3065,-0.0603,1.1757,5.49,-4.27,-24.82,0.43
1773119092.34000,10.01047,76.36488,5.3,5.45,0.0557,0.0616,0.8158,11.83,-2.93,-21.83,0.38
1773119092.43300,10.01047,76.36488,5.3,5.37,0.1510,0.1401,1.1488,13.41,-0.43,-16.28,0.34
1773119092.53200,10.01047,76.36488,5.3,4.69,0.1576,0.2632,1.0624,-0.79,-0.61,-3.78,0.39
1773119092.63400,10.01047,76.36488,5.2,4.44,0.1882,0.0514,1.1636,-6.04,-0.06,10.37,0.38
1773119093.73300,10.01047,76.36488,5.2,4.58,0.1930,0.0244,0.7744,-8.05,2.68,19.63,0.30
1773119093.83200,10.01047,76.36488,5.3,4.73,0.0367,0.0010,1.1633,-13.54,2.07,21.34,0.42
1773119093.93200,10.01047,76.36488,5.2,4.25,0.0851,-0.0444,0.9067,-3.35,-0.30,17.99,0.34
1773119093.02500,10.01047,76.36488,5.2,4.25,0.1671,-0.0011,1.0177,-3.54,2.20,17.56,0.30
1773119093.13200,10.01047,76.36488,5.2,5.13,-0.0283,0.1016,0.9054,-7.56,2.13,13.96,0.35
1773119093.23200,10.01047,76.36488,5.1,5.74,-0.0010,-0.0372,0.9271,-12.68,-0.91,9.39,0.35
1773119093.33200,10.01047,76.36488,5.0,4.54,0.0966,0.0204,1.1010,-8.48,5.24,4.70,0.46
1773119093.43200,10.01047,76.36489,5.0,6.13,0.1525,-0.0186,0.9512,-9.82,-3.96,-4.82,0.36
1773119093.53300,10.01047,76.36489,4.8,6.08,-0.1422,0.0510,1.0377,-6.95,-0.67,-10.67,0.30
1773119093.63500,10.01047,76.36489,4.8,5.97,0.1104,-0.0334,0.9888,-6.95,4.94,-16.71,0.37
1773119094.73300,10.01046,76.36489,4.7,5.97,0.3143,-0.0326,0.9902,-6.59,-1.71,-19.51,0.33
1773119094.83300,10.01046,76.36489,4.6,6.21,0.1536,0.0800,1.0367,-5.30,2.38,-22.68,0.36
1773119094.93300,10.01046,76.3649,4.5,5.83,0.2378,-0.0145,0.7963,-3.66,2.01,-27.87,0.30
1773119094.02600,10.01046,76.3649,4.5,5.83,0.1069,0.1571,1.0082,-1.04,2.93,-32.80,0.35
1773119094.13300,10.01046,76.3649,4.4,5.86,0.1588,0.1034,0.9797,-4.88,1.28,-33.41,0.40
1773119094.23400,10.01046,76.3649,4.4,6.50,0.0410,0.0680,0.7828,6.46,0.61,-31.16,0.31
1773119094.33400,10.01046,76.3649,4.3,6.69,0.4633,0.0768,1.1874,-5.00,4.27,-30.67,0.29
1773119094.43300,10.01046,76.3649,4.3,7.01,-0.0510,0.0658,0.7177,-5.30,3.78,-29.21,0.34
1773119094.53300,10.01046,76.36491,4.3,6.44,0.4650,0.1820,1.0392,-1.04,-5.24,-23.48,0.41
1773119094.63400,10.01046,76.36491,4.2,6.71,-0.1743,-0.0673,0.8499,-8.48,-5.37,-25.79,0.34
1773119095.73400,10.01046,76.36491,4.2,6.34,0.1277,0.1660,0.9844,-8.11,2.01,-33.72,0.39
1773119095.83400,10.01045,76.36491,4.1,6.12,-0.0321,0.0565,0.8694,-0.55,-4.09,-35.49,0.35
1773119095.93400,10.01045,76.36491,4.1,6.80,-0.2242,0.2727,0.9957,17.93,5.24,-39.57,0.32
1773119095.02700,10.01045,76.36491,4.1,6.80,0.3098,0.2505,1.0525,5.30,-3.72,-28.60,0.42
1773119095.13300,10.01045,76.36491,4.1,7.44,0.4030,0.0043,0.8835,-0.91,-6.10,-20.61,0.33
1773119095.23300,10.01045,76.36491,4.1,6.07,0.2224,0.0212,0.8737,-3.11,-5.43,-23.66,0.36
1773119095.33300,10.01045,76.36491,4.1,5.45,0.1678,0.0952,0.7667,2.74,0.06,-28.48,0.34
1773119095.43400,10.01045,76.36491,4.0,5.68,0.1300,-0.0370,1.0115,0.73,5.00,-31.16,0.30
1773119095.52700,10.01045,76.36491,4.0,5.68,0.3154,0.0686,0.9696,0.24,-6.22,-23.54,0.25
1773119095.64200,10.01044,76.36491,4.0,5.16,0.1782,0.1160,0.8416,1.89,-5.55,-16.89,0.35
1773119096.73500,10.01044,76.36491,3.9,5.33,0.3889,0.0613,0.8595,-0.12,-7.56,-14.82,0.36
1773119096.84200,10.01044,76.36491,3.9,5.12,0.4114,0.0995,1.0912,2.93,-5.12,-14.51,0.49
1773119096.93400,10.01044,76.36491,3.9,4.34,0.4728,0.0869,1.0731,0.06,-3.05,-12.80,0.44
1773119096.02700,10.01044,76.36491,3.9,4.34,0.2894,0.0402,1.0223,-4.63,-1.16,-10.24,0.35
1773119096.13400,10.01044,76.36491,3.9,4.05,0.2689,0.2020,1.1559,0.73,3.23,-6.89,0.40
1773119096.23400,10.01044,76.36491,3.8,5.02,0.2776,0.0496,0.9325,-5.91,3.72,-1.28,0.37
1773119096.33500,10.01044,76.36491,3.7,3.34,0.2070,-0.0608,1.0747,-5.43,2.74,3.84,0.36
1773119096.43500,10.01043,76.36491,3.7,4.69,0.2191,0.0397,0.8552,-6.71,6.52,4.33,0.28
1773119096.53500,10.01043,76.36491,3.7,3.93,0.1884,0.0863,1.1678,-5.85,7.62,5.18,0.32
1773119096.63600,10.01043,76.36491,3.7,4.07,-0.0127,0.0812,0.8485,-11.77,6.34,1.59,0.38
1773119097.73500,10.01043,76.36491,3.7,3.65,-0.1008,0.0042,0.6719,-9.70,-6.10,-1.28,0.32
1773119097.83500,10.01043,76.36492,3.6,5.12,-0.1838,0.1139,0.9775,3.72,1.83,-9.09,0.41
1773119097.93400,10.01043,76.36492,3.6,5.96,0.1224,0.0588,1.2272,-8.17,5.06,-13.66,0.38
1773119097.02700,10.01043,76.36492,3.6,5.96,0.0137,-0.0828,1.1113,-9.94,6.40,-18.41,0.43
1773119097.13400,10.01043,76.36492,3.6,6.78,0.0841,-0.0077,0.8416,-6.52,10.43,-19.63,0.43
1773119097.23400,10.01042,76.36492,3.6,7.50,0.1810,0.0897,1.0861,-1.40,4.33,-21.28,0.33
1773119097.33400,10.01042,76.36492,3.5,7.50,0.2311,0.0356,0.8351,-8.11,-3.29,-19.27,0.44
1773119097.43400,10.01042,76.36492,3.5,7.57,-0.4036,0.0847,0.8407,1.71,13.72,-24.88,0.41
1773119097.53400,10.01042,76.36492,3.5,7.57,0.2788,0.0531,1.4395,0.55,17.56,-25.73,0.33
1773119097.63500,10.01042,76.36492,3.4,7.99,0.4070,-0.1934,1.3403,-5.24,4.45,-25.06,0.35
1773119098.73400,10.01041,76.36492,3.4,6.85,0.0598,-0.2701,0.9570,-14.70,-4.45,-24.39,0.40
1773119098.82700,10.01041,76.36492,3.4,6.85,0.2330,-0.0350,0.8087,-9.33,1.34,-17.93,0.34
1773119098.94100,10.01041,76.36492,3.2,7.65,0.1609,0.0337,1.0354,-8.05,2.38,-13.60,0.29
1773119098.02800,10.01041,76.36492,3.2,7.65,0.2091,-0.0270,1.0316,-13.90,-1.28,-16.34,0.34
1773119098.13400,10.01041,76.36492,3.2,7.00,-0.3627,0.0499,0.9984,-2.20,22.32,-22.26,0.34
1773119098.23400,10.0104,76.36491,3.2,8.32,0.0211,0.2507,1.0524,1.83,4.70,-23.54,0.41
1773119098.32800,10.0104,76.36491,3.2,8.32,0.4812,-0.0906,1.1400,-11.46,-9.88,-21.34,0.33
1773119098.43500,10.0104,76.36491,3.1,7.62,0.2584,-0.0369,0.8931,-13.17,-7.26,-23.35,0.35
1773119098.54100,10.0104,76.36491,3.1,8.97,0.2057,-0.0061,0.9192,-12.38,2.26,-29.02,0.34
1773119098.63500,10.0104,76.36491,3.1,8.39,0.3192,0.0920,1.1093,-5.91,0.61,-31.28,0.38
1773119099.73500,10.0104,76.36491,3.0,7.73,-0.0300,0.0702,0.7964,-5.06,9.27,-33.90,0.35
1773119099.83400,10.01039,76.36491,3.0,7.83,0.0101,0.0599,0.9539,-4.94,11.28,-35.43,0.36
1773119099.93400,10.01039,76.36491,3.0,7.94,0.1791,0.1033,1.1272,-3.41,5.37,-34.39,0.38
1773119099.02800,10.01039,76.36491,3.0,7.94,0.2144,-0.0917,1.0068,-7.26,4.21,-33.84,0.35
1773119099.14900,10.01039,76.36491,2.9,7.99,0.0385,0.0331,1.2783,0.30,11.71,-37.62,0.37
1773119099.23400,10.01039,76.36491,2.8,6.24,0.1965,-0.0590,0.9874,-1.16,3.17,-36.77,0.33
1773119099.33500,10.01039,76.36491,2.8,6.87,0.3408,-0.0996,1.0714,-2.62,2.87,-34.21,0.35
1773119099.43500,10.01039,76.36491,2.6,7.54,0.2284,-0.1194,1.1382,-7.20,7.56,-31.59,0.40
1773119099.53500,10.01039,76.3649,2.5,8.11,0.0514,0.3231,0.9847,12.68,2.01,-20.73,0.31
1773119099.63600,10.01039,76.3649,2.6,9.46,-0.0178,-0.0033,0.9667,-6.71,2.13,-9.09,0.39
1773119100.73500,10.01039,76.3649,2.6,9.62,0.1194,-0.0138,1.0443,-7.44,0.73,-6.28,0.42
1773119100.83500,10.01039,76.36489,2.6,10.66,-0.1837,0.0857,1.1104,-3.90,6.59,-13.96,0.37
1773119100.93500,10.01039,76.36489,2.4,10.12,-0.0997,0.0789,1.0305,-1.40,-0.55,-18.48,0.43
1773119100.02800,10.01039,76.36489,2.4,10.12,-0.0018,0.1044,1.0844,0.73,0.85,-22.93,0.37
1773119100.13500,10.01039,76.36489,2.2,11.58,-0.0490,0.0214,1.0798,1.89,2.32,-23.48,0.32
1773119100.23500,10.01038,76.36488,2.0,12.37,0.1649,0.0847,1.0405,5.98,2.87,-22.50,0.38
1773119100.33400,10.01038,76.36488,2.1,13.30,-0.1427,0.0093,1.1569,-0.37,5.30,-20.91,0.26
1773119100.43500,10.01038,76.36488,2.1,13.83,0.2032,-0.0127,1.1342,6.89,0.00,-15.24,0.28
1773119100.53500,10.01038,76.36488,2.0,13.77,0.0045,-0.0055,0.9535,7.74,2.38,-12.87,0.41
1773119100.63500,10.01038,76.36487,2.0,14.36,0.2574,0.0657,0.9607,9.02,1.59,-8.05,0.33
1773119101.73500,10.01038,76.36487,1.9,14.36,0.2184,0.0781,0.8231,9.51,1.22,-4.21,0.40
1773119101.83400,10.01037,76.36486,1.9,15.40,-0.1536,0.0310,1.0270,4.94,1.34,1.22,0.45
1773119101.93500,10.01037,76.36486,1.9,15.05,-0.0155,-0.0052,1.0480,-3.60,1.59,4.45,0.45
1773119101.02800,10.01037,76.36486,1.9,15.05,-0.0431,0.0643,1.1018,-0.55,1.16,7.26,0.44
1773119101.13400,10.01037,76.36485,1.9,15.18,-0.0315,0.0737,1.0979,-0.79,2.56,6.83,0.37
1773119101.23400,10.01037,76.36485,1.8,15.66,0.2017,0.0370,0.9659,-6.89,-0.98,3.90,0.49
1773119101.33400,10.01037,76.36485,1.8,16.06,0.1539,0.0725,0.8777,-5.61,-0.55,0.24,0.32
1773119101.43400,10.01036,76.36485,1.8,15.31,0.0363,0.0270,1.0623,-4.88,1.34,-2.38,0.40
1773119101.53400,10.01036,76.36484,1.8,15.20,0.0952,0.0254,1.0516,-5.18,0.91,-5.24,0.32
1773119101.63500,10.01036,76.36484,1.7,15.86,0.2677,0.0522,0.8883,-7.01,-1.59,-6.52,0.33
1773119102.73400,10.01036,76.36483,1.7,15.92,0.0459,0.0936,1.0447,-0.73,-0.37,-7.07,0.39
1773119102.83500,10.01036,76.36483,1.8,15.86,0.0557,-0.0309,0.9677,-4.15,1.65,-9.94,0.37
1773119102.93500,10.01036,76.36482,1.8,16.56,0.1661,0.0033,1.0524,-0.49,1.52,-10.55,0.39
1773119102.02800,10.01036,76.36482,1.8,16.56,0.0979,0.0554,0.9199,-0.43,-0.79,-9.94,0.41
1773119102.14100,10.01035,76.36481,1.8,16.29,0.0457,0.1261,1.0867,4.70,1.83,-10.18,0.40
1773119102.24200,10.01035,76.36481,1.8,16.56,0.1709,0.0620,1.0928,1.59,0.79,-7.87,0.31
1773119102.33400,10.01035,76.36481,1.9,16.19,0.1139,0.0959,0.9792,2.80,0.55,-5.67,0.38
1773119102.43400,10.01035,76.36481,1.8,17.38,0.0137,-0.0715,0.7126,-2.38,-1.65,-4.27,0.30
1773119102.53400,10.01035,76.3648,1.8,17.21,-0.0239,0.0483,1.0531,0.06,3.05,-5.00,0.37
1773119102.63600,10.01035,76.36479,1.7,16.65,0.1678,0.0007,1.0201,1.46,-0.91,-4.82,0.38
1773119103.72800,10.01035,76.36479,1.7,16.65,0.0886,0.0884,1.0756,7.13,2.32,-5.43,0.33
1773119103.84100,10.01034,76.36478,1.7,17.75,0.1355,0.0671,0.9169,6.34,-2.93,-3.60,0.44
1773119103.93400,10.01034,76.36478,1.7,18.65,0.1847,0.0349,0.9658,9.15,3.05,-3.11,0.33
1773119103.02700,10.01034,76.36478,1.7,18.65,0.3214,0.0272,0.8967,7.44,-3.48,-0.12,0.40
1773119103.13500,10.01034,76.36478,1.7,18.81,0.0803,0.0293,0.9474,1.65,-2.50,3.72,0.39
1773119103.23600,10.01034,76.36477,1.6,19.19,0.1038,-0.0029,0.8312,-1.10,-0.24,5.49,0.44
1773119103.33500,10.01034,76.36476,1.6,19.24,0.1276,0.0223,0.8689,1.46,-1.40,5.24,0.35
1773119103.43600,10.01033,76.36476,1.7,19.14,0.0524,0.1367,0.9058,2.50,-0.79,4.94,0.42
1773119103.53600,10.01033,76.36475,1.7,19.46,-0.1046,0.0247,0.9326,-2.01,-2.62,5.06,0.42
1773119103.63600,10.01033,76.36475,1.8,19.64,-0.0203,0.0253,0.9506,4.39,2.80,3.17,0.37
1773119104.73500,10.01033,76.36475,1.7,19.75,0.0521,0.0138,0.9325,-0.43,-4.27,4.51,0.35
1773119104.83500,10.01033,76.36474,1.8,20.01,-0.1821,-0.0913,0.8524,-6.10,-1.16,5.91,0.37
1773119104.93600,10.01033,76.36474,1.7,20.00,0.1823,0.0825,1.0017,-0.55,3.96,4.70,0.44
1773119104.02900,10.01033,76.36474,1.7,20.00,-0.0862,0.0707,1.1709,-4.45,-2.87,3.78,0.39
1773119104.14200,10.01032,76.36472,1.8,20.50,-0.0220,0.0321,0.8682,-1.71,-3.41,2.20,0.39
1773119104.23500,10.01032,76.36472,1.9,20.47,0.0200,-0.0273,0.9424,-8.60,-1.71,1.65,0.37
1773119104.32800,10.01032,76.36472,1.9,20.47,0.2261,0.0348,1.0950,-2.56,-2.68,0.91,0.35
1773119104.44200,10.01032,76.36471,1.9,20.65,0.3296,-0.0310,1.0088,-4.94,-6.65,-0.30,0.38
1773119104.53600,10.01031,76.36471,1.8,20.71,0.3553,0.1100,1.0115,1.95,-3.90,-3.05,0.35
1773119104.63700,10.01031,76.3647,1.9,20.85,0.4320,0.1003,0.9149,7.56,-0.79,-3.11,0.35
1773119105.73700,10.01031,76.3647,1.9,20.91,0.1337,0.0430,0.9924,0.61,0.98,-2.56,0.39
1773119105.83600,10.01031,76.36469,1.9,21.38,0.2169,0.0863,0.9420,2.80,2.56,-1.22,0.35
1773119105.93600,10.01031,76.36469,1.9,21.04,0.3063,-0.0038,0.9690,-0.98,0.37,0.12,0.37
1773119105.03000,10.01031,76.36469,1.9,21.04,0.1820,0.0427,0.9922,0.55,-1.95,2.99,0.37
1773119105.14300,10.0103,76.36468,1.9,21.43,0.1554,0.0581,0.9135,0.18,-1.40,3.48,0.46
1773119105.23600,10.0103,76.36467,1.9,21.24,0.1334,-0.0203,0.8699,-6.77,1.59,0.85,0.29
1773119105.33600,10.0103,76.36467,1.8,21.36,0.2617,0.1183,0.9204,1.28,0.12,0.00,0.38
1773119105.43700,10.0103,76.36466,1.9,21.31,0.4275,0.0422,1.1146,-0.24,1.04,-0.49,0.33
1773119105.53700,10.01029,76.36465,1.8,21.34,0.2684,-0.0303,0.9497,-5.49,-2.20,-1.46,0.36
1773119105.63700,10.01029,76.36465,1.7,21.13,0.0182,0.0999,0.9418,2.32,1.89,-1.04,0.33
1773119106.74400,10.01029,76.36465,1.8,20.95,0.0555,0.1245,1.0176,3.96,4.02,-2.56,0.26
1773119106.83600,10.01029,76.36464,1.8,21.43,0.1768,0.0458,1.1129,-3.96,1.83,-3.48,0.38
1773119106.93600,10.01029,76.36464,1.7,21.44,0.1986,0.0704,1.1301,3.05,-1.34,-3.05,0.34
1773119106.02900,10.01029,76.36464,1.7,21.44,0.1161,0.1246,1.0709,4.51,0.06,-2.99,0.37
1773119106.14300,10.01028,76.36462,1.7,21.32,0.2107,0.0610,0.8937,0.73,-0.79,-1.95,0.35
1773119106.23700,10.01028,76.36462,1.7,21.75,0.1205,0.0317,0.9404,0.79,-1.34,-0.06,0.33
1773119106.33700,10.01028,76.36462,1.7,21.27,0.0879,-0.0905,0.9442,-12.32,-2.50,-0.85,0.37
1773119106.43700,10.01028,76.36461,1.7,21.31,0.2831,0.0708,0.9783,-5.12,-2.26,-1.65,0.31
1773119106.53600,10.01027,76.36461,1.8,21.89,0.4008,0.0533,0.7886,4.39,-1.28,-3.23,0.39
1773119106.63800,10.01027,76.3646,1.8,21.49,0.3235,-0.0692,0.9535,-7.93,2.80,-4.70,0.39
1773119107.73700,10.01027,76.36459,1.9,21.10,0.3044,-0.0167,0.9128,-2.50,-3.35,-4.63,0.38
1773119107.83600,10.01027,76.36459,2.0,21.78,0.2617,0.0385,0.9459,6.59,-2.32,-5.67,0.33
1773119107.93700,10.01027,76.36459,2.1,21.69,0.2285,-0.0049,0.9186,0.24,-2.20,-6.59,0.25
1773119107.03100,10.01027,76.36459,2.1,21.69,0.1287,0.0707,1.0471,7.99,3.11,-4.51,0.44
1773119107.13700,10.01027,76.36458,2.1,21.25,0.1854,0.0441,0.9780,6.10,-1.83,-0.79,0.35
1773119107.23700,10.01026,76.36457,2.1,21.67,0.2465,0.0085,1.0436,0.24,-2.44,0.91,0.33
1773119107.33700,10.01026,76.36456,2.0,21.55,0.3666,0.0306,0.8599,-0.43,-5.98,2.99,0.38
1773119107.43700,10.01026,76.36456,2.1,21.27,0.4740,0.0103,0.8704,1.40,-9.94,3.11,0.32
1773119107.53700,10.01026,76.36456,2.1,20.88,0.3798,0.0593,0.9705,0.00,-4.09,3.11,0.34
1773119107.63900,10.01026,76.36455,2.1,19.74,0.4895,0.0984,0.9575,3.72,-3.35,3.84,0.37
1773119108.73800,10.01025,76.36455,2.1,18.25,0.4452,0.0502,0.7166,-2.07,0.43,2.62,0.37
1773119108.83800,10.01025,76.36454,2.1,17.24,0.3127,0.0941,1.0938,1.28,7.99,0.06,0.37
1773119108.93800,10.01025,76.36453,2.1,16.43,0.1075,0.0775,0.9506,2.50,11.52,-1.04,0.37
1773119108.03100,10.01025,76.36453,2.1,16.43,0.2368,0.0012,0.8793,-4.63,3.29,-1.77,0.37
1773119108.13700,10.01025,76.36453,2.1,15.95,0.2297,-0.0189,0.9885,-2.93,-2.01,-0.91,0.39
1773119108.23700,10.01025,76.36452,2.1,15.93,0.1747,0.0297,1.1381,-0.30,1.46,-0.37,0.48
1773119108.33700,10.01025,76.36452,2.1,16.14,0.1013,0.0399,0.9781,-0.61,2.26,0.00,0.46
1773119108.43800,10.01025,76.36452,2.1,15.57,0.2805,0.0723,0.9420,3.23,0.49,1.04,0.37
1773119108.53700,10.01024,76.36451,2.1,15.78,0.0939,0.0142,0.9769,-1.59,1.77,2.62,0.27
1773119108.63900,10.01024,76.36451,2.1,15.98,0.1686,0.0029,1.0555,-7.62,-1.77,1.22,0.46
1773119109.73700,10.01024,76.3645,2.2,15.67,0.2434,0.0763,0.8964,0.61,-0.98,2.13,0.37
1773119109.83700,10.01024,76.3645,2.2,15.60,0.0968,-0.0222,0.9758,-3.66,2.26,0.67,0.29
1773119109.93800,10.01024,76.36449,2.2,15.67,0.1666,-0.0334,1.0470,-9.70,2.56,-0.55,0.37
1773119109.03100,10.01024,76.36449,2.2,15.67,0.1595,-0.0088,0.9187,-3.11,1.83,0.06,0.30
1773119109.13700,10.01024,76.36449,2.1,15.51,0.1777,0.0049,1.1160,-3.05,-0.49,0.30,0.27
1773119109.23700,10.01023,76.36449,2.2,15.81,0.2236,0.0901,1.1576,-1.52,-2.74,-1.28,0.32
1773119109.33700,10.01023,76.36448,2.3,14.94,0.3447,0.0204,1.0237,-3.72,-1.65,-1.77,0.34
1773119109.43700,10.01023,76.36448,2.2,14.57,0.3964,0.1262,1.0114,5.91,-2.01,-1.65,0.32
1773119109.53800,10.01023,76.36448,2.2,14.18,0.2694,-0.0013,0.9489,0.00,-0.55,-1.65,0.41
1773119109.63900,10.01023,76.36447,2.3,13.72,0.3097,-0.0459,0.8082,-2.56,-1.28,-1.83,0.34
1773119110.73900,10.01023,76.36447,2.3,13.12,0.2284,-0.0110,0.9744,-1.46,0.37,-2.32,0.36
1773119110.83900,10.01023,76.36446,2.3,13.07,0.2466,0.1594,1.1135,5.91,3.48,-2.62,0.45
1773119110.93900,10.01023,76.36446,2.2,12.28,0.1492,0.0978,0.8364,2.07,3.48,-0.85,0.33
1773119110.03200,10.01023,76.36446,2.2,12.28,0.0952,0.0592,1.0216,-1.52,3.60,-0.37,0.34
1773119110.13900,10.01023,76.36446,2.3,12.33,-0.4144,-0.0824,1.2925,-4.27,11.10,2.38,0.36
1773119110.23900,10.01022,76.36446,2.3,12.52,-0.2894,-0.0128,0.9952,-4.21,6.52,1.83,0.29
1773119110.33900,10.01022,76.36445,2.3,13.36,-0.5477,0.0558,1.0547,-0.30,5.91,0.98,0.37
1773119110.43900,10.01022,76.36445,2.3,14.84,-0.3815,0.1412,1.2523,2.07,0.67,0.67,0.37
1773119110.53900,10.01022,76.36444,2.4,17.16,-0.0793,0.0077,1.0955,-0.49,-1.28,-1.28,0.39
1773119110.63900,10.01022,76.36444,2.4,17.52,-0.1816,0.0588,0.9252,-3.11,0.73,-4.45,0.36
1773119111.73800,10.01022,76.36443,2.5,18.65,0.0791,-0.0731,0.8153,9.33,2.62,-5.00,0.38
1773119111.83900,10.01022,76.36443,2.4,20.09,-0.2805,0.0601,0.7748,11.10,4.45,-8.11,0.33
1773119111.93900,10.01021,76.36443,2.5,21.04,-0.2648,-0.1648,1.0889,-7.32,1.28,-4.94,0.39
1773119111.03200,10.01021,76.36443,2.5,21.04,-0.3319,0.1790,0.9475,22.87,3.78,-6.59,0.35
1773119111.13800,10.01021,76.36442,2.5,22.26,-0.0178,-0.1830,1.1536,-4.21,-0.85,-2.32,0.28
1773119111.23800,10.01021,76.36441,2.4,23.42,0.0237,-0.0284,1.3534,-0.43,0.18,-1.40,0.29
1773119111.33800,10.01021,76.3644,2.4,25.29,-0.0801,-0.0479,1.2455,4.57,-3.35,0.79,0.37
1773119111.43900,10.01021,76.3644,2.4,26.39,-0.1887,0.1528,1.2510,2.50,-9.76,-0.30,0.32
1773119111.53900,10.0102,76.36439,2.5,27.19,0.2733,-0.0015,0.9717,11.65,-3.17,2.44,0.29
1773119111.63900,10.0102,76.36438,2.5,27.85,-0.0471,0.1165,1.2880,4.02,-3.35,5.98,0.40
1773119112.73800,10.0102,76.36437,2.5,28.74,0.0236,0.0352,0.9270,3.11,-0.67,7.93,0.36
1773119112.83800,10.0102,76.36436,2.5,28.82,0.2910,0.1943,1.0171,5.06,-3.78,10.91,0.48
1773119112.93800,10.01019,76.36436,2.5,28.95,0.3567,0.0461,0.8330,-4.94,-6.65,12.07,0.43
1773119112.03200,10.01019,76.36436,2.5,28.95,0.1829,0.0210,1.0138,-5.79,-6.71,13.41,0.46
1773119112.13800,10.01019,76.36435,2.5,29.25,0.3888,0.0186,1.2875,-11.16,-4.15,13.90,0.34
1773119112.23900,10.01019,76.36434,2.5,28.55,0.3259,0.0609,0.9268,-14.51,-3.66,11.65,0.41
1773119112.33800,10.01018,76.36433,2.6,27.30,0.3279,0.0951,1.0787,-16.04,3.72,6.83,0.31
1773119112.43800,10.01018,76.36433,2.5,26.19,0.2355,-0.0099,0.8811,-17.26,9.27,2.50,0.39
1773119112.53900,10.01018,76.36432,2.6,25.14,0.2891,0.0796,0.8655,-10.79,8.11,-4.94,0.38
1773119112.64000,10.01018,76.36431,2.6,24.13,0.3929,0.0958,0.9236,-5.30,6.40,-8.11,0.38
1773119113.74000,10.01017,76.36431,2.5,24.07,0.1709,0.0510,1.1301,-6.16,-1.77,-8.54,0.38
1773119113.83900,10.01017,76.3643,2.5,23.75,0.2291,-0.0028,1.0656,-7.07,-1.59,-7.87,0.40
1773119113.93900,10.01017,76.3643,2.5,23.42,0.1962,0.0266,1.1663,-6.46,2.01,-6.59,0.43
1773119113.03200,10.01017,76.3643,2.5,23.42,0.2360,0.1012,0.8934,0.85,-1.40,-6.89,0.40
1773119113.13900,10.01017,76.3643,2.5,23.62,0.2059,0.1198,1.1996,4.57,2.32,-7.07,0.32
1773119113.24000,10.01016,76.36428,2.5,22.93,0.2688,0.0648,1.0139,4.15,-0.30,-5.43,0.29
1773119113.34000,10.01016,76.36427,2.6,22.37,0.5874,0.0105,1.0646,-1.10,-4.82,-6.22,0.37
1773119113.43900,10.01016,76.36427,2.6,22.45,0.3132,-0.0140,0.6979,2.44,-5.55,-9.63,0.38
1773119113.53900,10.01016,76.36427,2.7,21.75,0.1163,0.0126,0.7675,6.10,5.49,-12.13,0.29
1773119113.64000,10.01016,76.36426,2.7,21.35,0.5052,0.1080,1.2845,14.88,7.68,-10.12,0.34
1773119114.73900,10.01015,76.36426,2.8,21.29,0.6178,-0.0216,1.3503,10.73,-3.11,-6.16,0.34
1773119114.83900,10.01015,76.36425,2.8,21.07,-0.2380,-0.0389,0.7473,8.60,2.80,-3.84,0.34
1773119114.93900,10.01015,76.36424,2.8,21.60,0.1614,0.0891,0.7045,13.05,11.89,0.43,0.39
1773119114.03200,10.01015,76.36424,2.8,21.60,0.3472,0.1254,1.1429,10.79,8.05,4.33,0.28
1773119114.13900,10.01015,76.36424,2.8,20.84,0.4069,-0.0291,1.1091,-0.18,-8.05,7.56,0.28
1773119114.23200,10.01015,76.36424,2.8,20.84,-0.2030,0.0835,0.8488,8.41,-3.11,8.41,0.43
1773119114.34600,10.01015,76.36423,2.8,21.64,0.3120,0.0466,0.7893,4.63,-1.16,7.68,0.39
1773119114.44000,10.01014,76.36422,2.8,21.04,0.1971,-0.0010,0.9486,-2.44,-1.83,7.80,0.34
1773119114.54100,10.01014,76.36421,2.9,20.30,0.4673,-0.0278,0.7017,-4.21,-0.91,8.11,0.39
1773119114.64200,10.01014,76.36421,2.8,21.18,0.4749,0.1248,1.3715,-2.01,0.37,9.15,0.30
1773119115.74100,10.01014,76.3642,2.9,19.98,0.0422,0.1678,0.6886,-2.38,-4.82,10.18,0.35
1773119115.84100,10.01014,76.3642,2.9,19.71,-0.0287,-0.0100,0.8256,-6.65,-2.38,8.11,0.38
1773119115.94100,10.01013,76.3642,3.0,19.82,0.2328,0.0327,0.7010,-4.63,-5.12,5.67,0.39
1773119115.03400,10.01013,76.3642,3.0,19.82,-0.0310,0.0316,1.1720,-9.70,5.85,5.00,0.42
1773119115.14100,10.01013,76.36419,2.9,18.71,0.2560,0.0071,0.9475,-9.15,3.11,6.10,0.35
1773119115.24100,10.01013,76.36418,3.1,17.95,0.3071,0.0691,0.9858,-7.44,5.30,3.72,0.43
1773119115.34100,10.01013,76.36417,3.1,17.79,0.3915,0.0511,0.9025,-5.12,1.77,1.71,0.30
1773119115.44100,10.01012,76.36417,3.1,17.52,0.5112,0.0527,0.8062,-3.29,-5.24,1.95,0.35
1773119115.54000,10.01012,76.36417,3.2,17.26,0.3975,-0.1719,1.0454,-12.50,-8.05,-1.59,0.32
1773119115.64100,10.01012,76.36417,3.2,16.92,0.1422,0.0854,1.1075,-2.13,-3.54,-4.27,0.41
1773119116.74100,10.01012,76.36416,3.3,16.93,0.2898,0.0718,1.0460,-1.34,-4.27,-6.40,0.32
1773119116.84800,10.01012,76.36416,3.3,16.04,0.2909,0.0114,1.0586,0.55,-1.28,-7.50,0.38
1773119116.94100,10.01012,76.36415,3.4,15.92,0.4739,0.0979,1.1838,5.37,1.46,-5.49,0.37
1773119116.03400,10.01012,76.36415,3.4,15.92,0.2697,0.0349,0.6515,1.28,0.18,-1.28,0.34
1773119116.14200,10.01011,76.36415,3.5,14.78,0.1674,-0.0164,0.8571,-2.13,4.94,-0.12,0.39
1773119116.24200,10.01011,76.36414,3.4,13.70,0.2592,-0.1215,0.7805,-7.13,4.63,1.28,0.34
1773119116.33500,10.01011,76.36414,3.4,13.70,0.2185,0.0930,1.1504,6.52,3.41,2.74,0.37
1773119116.44100,10.01011,76.36414,3.4,13.12,0.1240,0.0537,1.0750,1.28,4.82,1.59,0.45
1773119116.54200,10.01011,76.36414,3.5,13.08,0.2494,0.0295,1.0487,-5.43,2.74,2.87,0.35
1773119116.63500,10.01011,76.36414,3.5,13.08,0.2814,0.0055,0.7842,-3.17,2.01,3.35,0.44
1773119117.74800,10.01011,76.36413,3.5,12.39,0.4979,0.0599,1.1398,-1.46,0.61,3.17,0.32
1773119117.83400,10.01011,76.36413,3.5,12.39,0.5354,0.0303,0.8406,-3.23,-7.26,3.96,0.37
1773119117.94100,10.0101,76.36413,3.5,12.15,0.2445,0.0452,0.9525,-2.74,-3.90,4.70,0.51
1773119117.04200,10.0101,76.36412,3.5,12.13,0.3884,-0.0231,0.8593,-4.88,3.11,4.09,0.33
1773119117.14200,10.0101,76.36412,3.5,11.52,0.2136,0.0662,0.7167,-1.04,4.45,0.67,0.32
1773119117.23500,10.0101,76.36412,3.5,11.52,0.1792,0.0973,0.7848,2.80,6.16,-1.83,0.23
1773119117.34200,10.0101,76.36411,3.6,10.64,0.3848,0.2041,1.0636,7.07,-0.98,-6.16,0.34
1773119117.44200,10.0101,76.36411,3.6,10.80,0.3385,0.1296,1.1345,5.91,-4.57,-5.73,0.45
1773119117.54100,10.0101,76.36411,3.6,10.34,0.2438,0.0306,0.8324,5.79,-2.80,-2.74,0.25
1773119117.64200,10.01009,76.36411,3.6,10.48,0.1100,0.0450,0.6469,-0.55,-3.60,3.54,0.35
1773119118.73400,10.01009,76.36411,3.6,10.48,0.3905,0.0420,1.2659,-0.18,8.90,2.80,0.48
1773119118.84200,10.01009,76.36411,3.7,9.91,0.4006,0.0541,1.1138,-2.32,-0.98,3.96,0.36
1773119118.94100,10.01009,76.3641,3.7,10.25,0.0233,0.0525,0.9663,0.98,5.91,2.44,0.37
1773119118.03500,10.01009,76.3641,3.7,10.25,0.4849,-0.0090,1.0984,-7.01,-5.12,5.30,0.38
1773119118.14100,10.01009,76.3641,3.6,10.22,0.5955,0.1149,1.3839,4.27,4.09,4.51,0.30
1773119118.23400,10.01009,76.3641,3.6,10.22,0.2198,-0.0518,1.1917,2.13,7.01,1.83,0.50
1773119118.34100,10.01009,76.36409,3.6,9.99,0.3693,0.1390,0.9503,2.44,10.30,-0.43,0.30
1773119118.44200,10.01009,76.36409,3.6,9.35,0.4935,0.0520,1.1206,-1.77,7.26,1.16,0.35
1773119118.53500,10.01009,76.36409,3.6,9.35,-0.1815,0.0417,0.5084,1.83,-2.07,2.38,0.30
1773119118.64300,10.01008,76.36408,3.6,9.05,-0.2898,0.0726,0.9698,-2.01,-5.06,0.67,0.27
1773119119.74800,10.01008,76.36408,3.7,8.85,-0.0131,0.1147,1.1589,2.32,-25.91,1.65,0.37
1773119119.84200,10.01008,76.36407,3.7,9.82,0.2678,0.0916,0.9215,1.77,-35.18,1.77,0.44
1773119119.94200,10.01008,76.36407,3.6,9.27,0.2203,0.1268,0.9830,6.89,-21.89,0.24,0.32
1773119119.03400,10.01008,76.36407,3.6,9.27,0.3593,0.0776,1.2667,1.59,-13.96,-0.49,0.33
1773119119.14100,10.01008,76.36407,3.7,9.68,0.0493,0.0464,0.8188,9.94,0.98,-2.20,0.30
1773119119.24100,10.01007,76.36407,3.7,8.76,0.2451,0.1611,0.9486,13.23,12.07,-2.80,0.40
1773119119.34900,10.01007,76.36407,3.7,9.43,0.1149,-0.0009,0.9667,2.38,27.74,-2.13,0.36
1773119119.44100,10.01007,76.36407,3.6,9.56,-0.0186,0.0511,0.7737,8.29,25.67,0.18,0.44
1773119119.54100,10.01007,76.36406,3.6,9.64,0.1097,0.1309,1.2853,13.29,3.23,8.05,0.37
1773119119.64200,10.01007,76.36406,3.6,11.50,-0.2615,-0.0090,0.4969,8.41,3.11,13.84,0.43
1773119120.74100,10.01007,76.36406,3.6,11.56,-0.0657,0.0427,0.9294,3.90,0.85,15.37,0.47
1773119120.83400,10.01007,76.36406,3.6,11.56,0.0186,0.0208,0.5254,3.23,3.78,19.39,0.46
1773119120.94800,10.01006,76.36405,3.6,12.31,-0.3419,0.0164,0.8567,2.38,2.26,21.40,0.38
1773119120.03500,10.01006,76.36405,3.6,12.31,0.1510,0.0248,1.1348,-1.71,-4.45,21.10,0.40
1773119120.14300,10.01006,76.36405,3.6,12.01,-0.2230,0.1132,0.9238,4.57,-1.59,18.35,0.38
1773119120.24200,10.01006,76.36404,3.7,13.35,-0.1031,0.0210,0.9899,-1.59,3.72,15.98,0.41
1773119120.34200,10.01005,76.36404,3.7,13.64,-0.0486,-0.0364,0.9720,0.30,6.04,13.17,0.43
1773119120.44200,10.01005,76.36404,3.7,13.92,-0.2203,0.0034,1.1569,0.24,8.54,9.57,0.37
1773119120.54200,10.01005,76.36404,3.7,14.25,-0.1447,0.0287,1.1163,5.61,2.44,11.04,0.34
1773119120.64200,10.01005,76.36404,3.7,14.06,-0.1281,-0.0522,0.8486,5.91,0.91,8.90,0.36
1773119121.74100,10.01004,76.36403,3.6,14.69,0.1616,-0.0222,0.9148,6.71,-4.27,10.06,0.45
1773119121.84200,10.01004,76.36403,3.6,14.64,-0.3099,0.0171,1.1483,7.93,8.41,11.71,0.32
1773119121.94100,10.01004,76.36403,3.6,15.53,0.3112,0.0460,0.8729,8.41,0.73,13.48,0.33
1773119121.03400,10.01004,76.36403,3.6,15.53,0.2495,0.1118,0.7858,11.28,2.32,15.43,0.37
1773119121.14100,10.01003,76.36402,3.6,15.59,0.1283,0.0109,1.0094,9.39,3.66,18.66,0.34
1773119121.24100,10.01003,76.36402,3.6,15.91,0.2355,0.0366,1.1102,6.04,5.85,18.35,0.28
1773119121.34200,10.01002,76.36402,3.6,17.33,0.1428,0.1069,0.7517,10.18,3.41,18.11,0.40
1773119121.44100,10.01002,76.36401,3.7,17.79,-0.2278,0.0431,0.8500,8.72,7.99,17.99,0.40
1773119121.54100,10.01002,76.36401,3.7,17.80,-0.0435,0.0714,1.1548,7.99,4.51,20.12,0.39
1773119121.64300,10.01001,76.36401,3.7,18.56,0.3147,0.1785,1.1681,7.99,11.89,20.43,0.37
1773119122.74100,10.01001,76.36401,3.7,18.84,0.3751,0.0085,1.1942,-2.93,4.76,21.16,0.43
1773119122.84100,10.01,76.36401,3.7,20.01,-0.1757,0.0670,1.2338,1.89,7.13,20.98,0.31
1773119122.94100,10.01,76.36401,3.7,20.88,0.1821,0.0139,0.8262,0.43,2.01,21.16,0.39
1773119122.03500,10.01,76.36401,3.7,20.88,0.0530,0.1113,0.9308,3.90,4.51,20.30,0.40
1773119122.14300,10.00999,76.36401,3.7,21.38,-0.1952,0.1543,0.9730,-1.40,11.83,18.84,0.44
1773119122.24300,10.00998,76.364,3.6,22.46,-0.2101,0.0570,0.8652,-1.10,14.15,16.65,0.33
1773119122.33600,10.00998,76.364,3.6,22.46,0.4484,0.0582,1.0526,-8.48,0.24,15.91,0.36
1773119122.44900,10.00997,76.364,3.7,23.67,0.4139,0.0647,0.9307,-4.33,-1.77,15.30,0.38
1773119122.53600,10.00997,76.364,3.7,23.67,0.0980,0.0327,0.7021,-4.09,3.54,12.26,0.45
1773119122.65000,10.00996,76.364,3.7,23.26,-0.0684,-0.0061,1.0800,-7.07,6.52,14.27,0.40
1773119123.73600,10.00996,76.364,3.7,23.26,0.2521,0.2052,1.4443,2.44,8.29,15.12,0.43
1773119123.84900,10.00995,76.36399,3.7,24.11,0.0166,-0.0719,1.1168,-1.22,-9.02,14.76,0.33
1773119123.93600,10.00995,76.36399,3.7,24.11,0.5420,0.0675,1.6525,-5.12,1.77,13.41,0.35
1773119123.04200,10.00994,76.36399,3.7,23.89,0.5891,0.0537,0.8057,-13.78,1.34,11.89,0.33
1773119123.14200,10.00993,76.36399,3.6,24.39,-0.5236,0.1199,1.0282,-0.61,2.32,10.12,0.36
1773119123.23600,10.00993,76.36399,3.6,24.39,-0.1075,0.0957,0.8186,-2.74,3.54,8.23,0.32
1773119123.34300,10.00992,76.36399,3.6,22.75,0.5159,-0.0292,0.7081,-2.74,-12.26,6.65,0.38
1773119123.43600,10.00992,76.36399,3.6,22.75,0.3259,-0.0229,0.8619,-6.16,-9.15,6.65,0.24
1773119123.54300,10.00991,76.36399,3.7,22.14,0.3502,0.0591,0.9729,-2.50,2.26,6.22,0.37
1773119123.64400,10.00991,76.36399,3.6,22.45,0.1509,0.0824,0.8770,6.71,4.33,5.61,0.35
1773119124.73600,10.00991,76.36399,3.6,22.45,0.0601,0.0399,1.1074,2.80,3.17,5.49,0.50
1773119124.84900,10.00989,76.36399,3.6,20.74,0.0878,0.0635,0.9412,5.12,-0.98,5.79,0.42
1773119124.93500,10.00989,76.36399,3.6,20.74,0.2891,0.1102,1.0325,10.37,1.59,7.50,0.29
1773119124.04200,10.00988,76.36399,3.6,20.79,0.1166,0.0978,1.1517,7.01,2.38,9.63,0.44
1773119124.13500,10.00988,76.36399,3.6,20.79,0.3318,0.0894,0.8970,7.13,-0.12,10.85,0.30
1773119124.24200,10.00987,76.364,3.6,19.56,-0.0984,0.0488,1.0061,2.44,7.26,13.48,0.39
1773119124.34300,10.00986,76.364,3.6,19.98,0.1630,0.0946,1.0603,2.56,8.11,14.94,0.39
1773119124.44300,10.00986,76.364,3.5,19.68,0.0332,0.1454,0.9756,2.62,9.88,16.16,0.32
1773119124.54300,10.00986,76.364,3.5,19.21,0.2181,0.0873,0.9962,-0.37,3.17,15.30,0.47
1773119124.64300,10.00985,76.364,3.5,19.67,-0.0408,0.0796,0.9475,-2.56,1.59,14.21,0.37
1773119125.74200,10.00984,76.364,3.5,20.03,-0.0092,0.0176,0.9978,-4.94,7.20,13.17,0.39
1773119125.84300,10.00984,76.364,3.5,21.13,0.1583,0.0906,1.0387,-5.00,5.30,9.94,0.33
1773119125.93600,10.00984,76.364,3.5,21.13,-0.2245,-0.0354,0.9152,-12.01,3.41,10.37,0.34
1773119125.04200,10.00983,76.36401,3.5,20.57,-0.1389,-0.0159,1.0483,-6.46,-1.10,6.77,0.33
1773119125.14200,10.00983,76.36401,3.5,21.89,0.2249,-0.0354,1.0090,-5.43,-2.44,1.28,0.34
1773119125.24200,10.00982,76.36401,3.6,22.25,0.0336,0.0850,0.9937,1.77,-1.04,0.37,0.41
1773119125.34200,10.00981,76.36401,3.5,22.04,0.1956,0.1488,0.9208,7.07,0.79,0.12,0.34
1773119125.43500,10.00981,76.36401,3.5,22.04,0.0128,-0.0164,1.0780,-0.73,0.67,2.44,0.39
1773119125.54900,10.0098,76.36401,3.5,22.14,-0.0449,0.0115,1.1332,1.10,1.34,5.55,0.33
1773119125.64300,10.0098,76.36401,3.4,22.95,0.1180,0.1107,0.9473,3.29,0.24,6.89,0.43
1773119126.73600,10.0098,76.36401,3.4,22.95,0.1797,0.0502,1.0068,1.16,-0.61,6.77,0.36
1773119126.84900,10.00979,76.36402,3.4,23.50,0.1766,0.0612,0.7902,-1.59,-1.89,6.59,0.34
1773119126.93500,10.00979,76.36402,3.4,23.50,-0.1044,0.0222,1.0428,-5.55,2.93,7.07,0.25
1773119126.04300,10.00978,76.36402,3.4,23.59,-0.1256,0.0823,1.2126,-4.21,6.65,5.61,0.37
1773119126.14300,10.00977,76.36402,3.3,23.82,0.0295,0.1493,1.1060,-0.61,3.78,3.72,0.37
1773119126.23600,10.00977,76.36402,3.3,23.82,0.0984,0.0719,1.1068,-0.67,3.11,2.20,0.43
1773119126.34900,10.00976,76.36403,3.3,25.16,0.0677,0.0682,0.9585,-2.87,2.32,0.85,0.40
1773119126.43600,10.00976,76.36403,3.3,25.16,0.0504,-0.1031,1.0536,-7.87,2.80,-0.37,0.39
1773119126.54300,10.00975,76.36403,3.3,25.42,-0.0088,0.0704,1.0197,-2.50,3.66,0.00,0.44
1773119126.63700,10.00975,76.36403,3.3,25.42,0.3871,0.0035,1.0397,-7.80,0.00,-0.24,0.29
1773119127.74300,10.00974,76.36404,3.2,26.37,0.1008,0.0632,1.1987,-1.04,1.71,0.00,0.44
1773119127.83600,10.00974,76.36404,3.2,26.37,-0.0656,0.0004,1.0417,-2.32,-2.44,-1.34,0.37
1773119127.94300,10.00973,76.36404,3.2,26.06,-0.0710,0.0159,0.9871,-4.70,-1.04,-2.50,0.35
1773119127.03600,10.00973,76.36404,3.2,26.06,0.0476,-0.0183,0.8884,-6.95,-0.67,-2.13,0.37
1773119127.13600,10.00973,76.36404,3.2,26.06,0.0757,-0.0009,0.8154,-6.28,-0.61,-1.77,0.29
1773119127.24300,10.00971,76.36405,3.2,27.48,-0.0338,0.0126,0.8914,-6.40,-6.65,-1.83,0.41
1773119127.34400,10.0097,76.36405,3.2,27.85,0.2051,0.0505,0.8879,-2.20,-3.41,-2.13,0.46
1773119127.43700,10.0097,76.36405,3.2,27.85,0.1427,0.0739,0.8960,0.00,-2.44,-3.17,0.39
1773119127.54400,10.00969,76.36406,3.2,29.01,-0.1030,0.0260,1.0785,-0.18,2.26,-3.78,0.37
1773119127.63800,10.00969,76.36406,3.2,29.01,0.1580,0.0360,0.8882,1.59,1.71,-4.21,0.35
1773119128.74300,10.00967,76.36407,3.2,28.92,-0.0193,-0.0149,0.9272,0.61,1.52,-4.27,0.39
1773119128.83700,10.00967,76.36407,3.2,28.92,0.0385,0.0886,0.8489,6.04,0.67,-3.66,0.33
1773119128.94400,10.00966,76.36407,3.1,30.04,0.1768,-0.0133,0.8878,1.65,-3.23,-2.87,0.33
1773119128.03700,10.00966,76.36407,3.1,30.04,-0.0894,0.0986,0.8456,3.90,0.49,-3.41,0.33
1773119128.14400,10.00965,76.36407,3.0,31.10,-0.0192,0.0408,0.9952,1.89,-1.89,-2.20,0.43
1773119128.23700,10.00965,76.36407,3.0,31.10,0.1794,0.0302,0.9985,1.89,-3.78,-1.28,0.34
1773119128.34400,10.00963,76.36408,3.0,30.81,-0.0104,0.0775,1.0126,2.50,-5.30,-0.18,0.40
1773119128.43600,10.00963,76.36408,3.0,30.81,0.1876,-0.0175,0.7939,1.22,-1.65,-0.12,0.36
1773119128.54300,10.00962,76.36408,3.0,31.57,0.0555,0.0330,1.0372,2.44,-1.28,0.67,0.28
1773119128.63700,10.00962,76.36408,3.0,31.57,0.1635,0.0571,1.1892,3.35,1.52,0.43,0.37
1773119129.74400,10.0096,76.36409,3.0,32.00,0.1637,0.0095,0.7972,3.35,1.40,0.85,0.46
1773119129.83700,10.0096,76.36409,3.0,32.00,0.1887,0.0088,1.3119,-4.09,2.93,0.37,0.27
1773119129.94400,10.00959,76.3641,3.0,31.73,0.3217,0.0984,0.9596,1.77,-6.89,0.98,0.37
1773119129.03700,10.00959,76.3641,3.0,31.73,0.2579,0.0314,1.1256,-0.18,-2.87,-0.30,0.40
1773119129.14400,10.00957,76.3641,3.0,32.71,0.4796,0.0101,0.9565,2.07,-6.65,-1.28,0.35
1773119129.23700,10.00957,76.3641,3.0,32.71,0.4301,-0.0267,1.0978,-3.23,0.67,-0.85,0.43
1773119129.34400,10.00955,76.36411,2.9,32.05,0.3539,0.0771,1.0637,3.41,-1.28,-0.37,0.48
1773119129.43700,10.00955,76.36411,2.9,32.05,0.3243,0.0535,0.8628,0.98,-3.41,0.00,0.29
1773119129.54300,10.00954,76.36411,2.9,32.24,0.1322,0.0548,0.9056,0.85,-3.35,-1.22,0.35
1773119129.63700,10.00954,76.36411,2.9,32.24,0.3590,-0.0317,0.8976,-7.07,-3.17,-0.73,0.40
1773119130.75000,10.00951,76.36412,2.8,32.17,0.1018,0.0842,1.0172,-0.49,0.06,-1.16,0.30
1773119130.84400,10.00951,76.36412,2.8,32.37,0.1815,0.0481,1.0649,-2.07,-1.10,0.43,0.33
1773119130.95100,10.0095,76.36413,2.7,32.40,0.2897,-0.0012,1.1952,-8.23,1.52,0.30,0.36
1773119130.03600,10.0095,76.36413,2.7,32.40,0.0116,-0.0226,0.9268,-4.15,1.71,-0.55,0.34
1773119130.14400,10.00949,76.36413,2.6,32.42,-0.0546,-0.0397,0.9940,-5.67,-0.91,-0.61,0.36
1773119130.24400,10.00948,76.36414,2.6,33.72,0.0571,0.0743,1.0129,-3.78,0.73,-0.98,0.30
1773119130.34400,10.00947,76.36414,2.6,33.99,0.1436,0.0347,0.9265,-2.38,2.93,-1.28,0.37
1773119130.44400,10.00946,76.36414,2.5,34.65,-0.1649,-0.1276,0.7122,-3.17,2.93,-2.50,0.30
1773119130.54400,10.00945,76.36414,2.6,35.57,-0.0405,-0.0006,0.9609,-3.60,-1.22,-3.96,0.33
1773119130.64500,10.00944,76.36414,2.6,35.43,0.1538,-0.1152,0.7982,-0.18,-3.96,-5.43,0.32
1773119131.74400,10.00943,76.36415,2.6,36.53,-0.0762,-0.1536,1.0890,4.33,3.35,-4.70,0.35
1773119131.84400,10.00942,76.36415,2.6,36.69,0.1827,-0.2584,1.0341,5.37,-0.06,-5.00,0.33
1773119131.94300,10.00942,76.36415,2.5,37.83,0.1254,-0.1219,1.0466,5.18,0.37,-5.18,0.35
1773119131.03600,10.00942,76.36415,2.5,37.83,0.1401,0.1509,0.9193,7.56,2.50,-4.76,0.37
1773119131.14300,10.00941,76.36416,2.5,38.09,0.0820,0.1022,1.0280,16.10,-0.73,-3.41,0.25
1773119131.24400,10.00939,76.36417,2.5,37.39,0.4529,0.0433,0.9207,11.10,-4.02,-0.37,0.36
1773119131.34300,10.00938,76.36417,2.5,38.41,0.5383,0.0938,0.8132,9.39,-2.93,2.07,0.40
1773119131.44400,10.00937,76.36417,2.5,38.09,0.0629,0.0399,1.1569,7.87,2.99,3.78,0.43
1773119131.54400,10.00936,76.36417,2.4,37.97,0.1427,0.0439,0.9728,4.76,3.48,4.33,0.40
1773119131.64400,10.00935,76.36417,2.4,37.40,0.3848,0.1034,0.9524,1.65,-1.46,5.43,0.35
1773119132.74400,10.00934,76.36417,2.4,37.16,0.1124,0.0767,1.0497,0.43,2.74,5.79,0.38
1773119132.84400,10.00933,76.36418,2.4,36.97,0.4747,0.0776,0.8099,-3.35,-3.41,5.18,0.31
1773119132.94400,10.00933,76.36418,2.4,36.01,0.2882,0.0569,0.9028,-2.44,0.24,4.45,0.38
1773119132.03700,10.00933,76.36418,2.4,36.01,0.3145,0.0419,1.0326,-4.63,-0.79,4.09,0.39
1773119132.14400,10.00932,76.36419,2.3,35.27,0.3896,-0.0310,0.8317,-9.33,-1.65,4.09,0.33
1773119132.23700,10.00932,76.36419,2.3,35.27,0.0719,0.0767,1.1801,-5.06,0.98,3.35,0.32
1773119132.34300,10.0093,76.36419,2.3,35.28,0.2167,0.0482,0.9955,-4.39,1.59,2.13,0.37
1773119132.44400,10.00928,76.3642,2.3,33.77,0.4419,0.0320,0.9764,-3.17,-6.83,1.22,0.35
1773119132.53600,10.00928,76.3642,2.3,33.77,0.1692,-0.0112,1.0767,-4.02,0.00,1.46,0.32
1773119132.64400,10.00928,76.3642,2.3,34.01,0.3539,0.0790,1.0322,0.06,-2.38,0.73,0.49
1773119133.73700,10.00928,76.3642,2.3,34.01,0.3436,0.0953,1.0911,2.26,2.07,0.49,0.39
1773119133.84400,10.00926,76.3642,2.2,32.70,0.3667,0.0533,0.8038,-2.99,0.85,0.73,0.31
1773119133.94400,10.00924,76.36421,2.2,32.57,0.2103,0.0170,1.2395,-2.68,2.50,1.16,0.34
1773119133.03700,10.00924,76.36421,2.2,32.57,0.3300,0.0745,1.0986,1.52,-1.04,0.79,0.40
1773119133.14300,10.00924,76.36421,2.2,31.90,0.5135,0.0874,0.8157,0.67,-6.16,-0.18,0.41
1773119133.23700,10.00924,76.36421,2.2,31.90,0.5004,0.0000,0.8242,-1.71,-9.39,-0.24,0.29
1773119133.34400,10.00922,76.36422,2.2,31.20,0.4037,0.0216,0.8759,-2.13,-5.12,-1.16,0.32
1773119133.44400,10.00922,76.36422,2.0,30.86,0.0936,0.0140,1.0233,0.43,-0.61,-0.06,0.43
1773119133.53800,10.00922,76.36422,2.0,30.86,0.1416,0.0308,1.1282,0.73,0.55,0.18,0.30
1773119133.64500,10.0092,76.36423,2.0,30.71,0.0781,0.0220,1.0406,0.73,1.52,0.00,0.24
1773119134.74500,10.00919,76.36423,2.0,30.40,0.3412,0.0480,0.8752,-0.24,0.98,0.30,0.32
1773119134.84500,10.00919,76.36423,1.9,29.75,0.2113,0.1295,0.9548,6.59,-0.37,0.06,0.27
1773119134.95100,10.00917,76.36424,1.9,29.95,0.2961,0.0968,0.9005,1.52,0.24,0.00,0.30
1773119134.03800,10.00917,76.36424,1.9,29.95,0.1383,0.0314,0.8881,2.99,4.45,0.30,0.35
1773119134.14500,10.00917,76.36424,1.9,29.31,0.1986,0.0752,0.9377,5.61,-2.26,0.61,0.34
1773119134.23800,10.00917,76.36424,1.9,29.31,0.1536,0.0035,0.9309,1.22,1.52,0.12,0.34
1773119134.34500,10.00915,76.36425,1.9,29.32,0.1110,0.0696,1.1406,4.63,1.71,0.24,0.37
1773119134.43800,10.00915,76.36425,1.9,29.32,0.0912,0.0337,1.0313,2.44,1.71,0.30,0.34
1773119134.54500,10.00914,76.36425,1.9,28.84,-0.1781,0.0260,1.0981,4.76,2.38,2.01,0.30
1773119134.64500,10.00913,76.36426,1.9,28.62,0.1127,0.0182,1.0027,3.35,3.84,2.32,0.40
1773119135.73800,10.00913,76.36426,1.9,28.62,-0.0352,0.0546,1.0372,5.24,2.93,5.91,0.38
1773119135.84400,10.00912,76.36427,1.8,28.47,-0.2610,0.0800,1.3760,1.04,3.23,8.17,0.34
1773119135.93800,10.00912,76.36427,1.8,28.47,-0.0532,-0.0194,0.8560,-4.57,2.50,4.63,0.44
1773119135.04400,10.0091,76.36427,1.7,29.10,0.1509,0.0598,0.9150,-6.28,-0.12,5.85,0.40
1773119135.14400,10.0091,76.36427,1.7,30.45,-0.1626,0.0487,0.9010,-7.50,3.17,4.39,0.41
1773119135.23800,10.0091,76.36427,1.7,30.45,-0.0428,0.1266,1.1843,-12.99,-2.07,6.34,0.33
1773119135.34400,10.00908,76.36427,1.7,31.62,0.0109,0.0203,0.9745,-10.98,2.68,1.59,0.26
1773119135.43800,10.00908,76.36427,1.7,31.62,0.0483,0.0161,1.0591,-17.20,-2.50,2.01,0.45
1773119135.55100,10.00906,76.36429,1.6,33.49,0.1455,0.1539,1.1031,-5.49,2.07,-1.10,0.41
1773119135.63900,10.00906,76.36429,1.6,33.49,0.1193,0.0287,0.8380,-9.76,-2.26,-2.68,0.43
1773119136.74400,10.00905,76.36429,1.6,34.16,0.1390,0.0031,0.8416,-9.09,1.28,-5.00,0.39
1773119136.83800,10.00905,76.36429,1.6,34.16,0.3942,-0.0048,1.0425,-9.70,0.67,-5.73,0.32
1773119136.94400,10.00904,76.3643,1.5,34.53,0.1570,0.0099,0.9114,-4.45,-1.95,-5.67,0.39
1773119136.03800,10.00904,76.3643,1.5,34.53,0.0695,-0.0540,1.1729,-1.52,4.27,-6.22,0.32
1773119136.14400,10.00902,76.3643,1.5,35.29,0.2902,0.0820,0.9390,3.66,-0.55,-7.38,0.35
1773119136.24400,10.009,76.36431,1.4,36.06,-0.0853,0.0101,1.1616,1.65,4.76,-7.32,0.31
1773119136.35100,10.009,76.36431,1.4,36.20,0.1477,0.0930,1.0266,8.96,1.04,-5.55,0.45
1773119136.44400,10.00899,76.36432,1.4,36.60,0.1873,0.0968,1.0488,7.56,1.04,-4.82,0.32
1773119136.54400,10.00898,76.36432,1.4,36.78,-0.0018,0.0507,0.9110,4.02,1.83,-3.72,0.37
1773119136.64500,10.00897,76.36433,1.4,36.74,0.3153,0.0049,0.9331,2.38,-6.04,-3.11,0.30
1773119137.74400,10.00896,76.36433,1.4,37.26,0.1526,0.0128,1.0332,1.22,2.44,-2.01,0.27
1773119137.84400,10.00895,76.36433,1.4,37.04,0.4862,-0.0087,1.1599,-0.98,-1.34,-1.28,0.38
1773119137.94400,10.00894,76.36433,1.4,37.10,0.2905,0.0541,0.8778,0.61,-2.62,-2.50,0.40
1773119137.03700,10.00894,76.36433,1.4,37.10,0.3666,0.0271,0.9441,0.24,-0.55,-2.38,0.33
1773119137.14500,10.00893,76.36433,1.4,36.28,0.3553,0.0996,0.9244,3.41,0.79,-2.87,0.31
1773119137.23700,10.00893,76.36433,1.4,36.28,0.2717,0.0321,0.9897,2.99,0.61,-1.95,0.29
1773119137.35100,10.00891,76.36435,1.3,35.27,0.0868,0.0746,1.0933,5.06,4.15,-2.87,0.33
1773119137.44500,10.0089,76.36435,1.3,34.99,0.4338,0.0081,1.0703,2.01,-2.74,-1.89,0.30
1773119137.54500,10.00889,76.36435,1.4,34.76,0.2225,0.0908,0.8213,4.09,-0.37,-1.22,0.45
1773119137.64500,10.00888,76.36436,1.4,34.45,0.3326,0.0531,0.9080,1.04,0.61,-0.79,0.34
1773119138.74400,10.00887,76.36436,1.4,33.99,0.3458,0.0813,0.9303,2.38,-3.66,0.67,0.35
1773119138.84400,10.00887,76.36436,1.4,33.56,0.3568,0.0565,0.8785,1.22,-2.13,0.37,0.29
1773119138.94400,10.00886,76.36436,1.3,33.36,0.4092,0.0508,0.9281,-0.91,-5.67,1.16,0.30
1773119138.03800,10.00886,76.36436,1.3,33.36,0.2354,0.0073,0.7493,2.26,-0.24,-0.37,0.38
1773119138.14400,10.00885,76.36436,1.4,33.11,0.3556,-0.0239,1.0845,-1.52,-4.02,0.67,0.28
1773119138.24500,10.00884,76.36437,1.3,32.28,0.2828,0.0491,1.1163,3.48,0.37,0.79,0.32
1773119138.34500,10.00883,76.36437,1.4,32.36,0.2793,0.0942,0.8733,5.12,-0.79,0.79,0.33
1773119138.44400,10.00882,76.36437,1.4,32.04,0.4271,0.0385,0.9178,-0.18,-0.61,0.67,0.36
1773119138.53700,10.00882,76.36437,1.4,32.04,0.3647,0.0074,0.8112,-2.68,-2.20,2.44,0.25
1773119138.65100,10.00881,76.36438,1.4,31.16,0.3745,0.0439,0.9979,-1.71,-0.98,2.68,0.49
1773119139.74400,10.0088,76.36438,1.4,31.24,0.3701,-0.0471,1.2086,-7.20,0.37,3.54,0.45
1773119139.84400,10.00879,76.36439,1.4,31.20,0.5402,0.0494,0.8772,-2.68,-2.87,2.32,0.38
1773119139.94500,10.00878,76.36439,1.4,30.48,0.2551,0.0813,1.0536,-2.07,0.24,2.44,0.41
1773119139.03800,10.00878,76.36439,1.4,30.48,0.0995,0.0144,1.0171,-6.16,-1.40,1.04,0.37
1773119139.14500,10.00878,76.36439,1.4,30.38,0.2634,0.1014,0.9824,-1.10,1.59,-1.04,0.35
1773119139.24500,10.00876,76.3644,1.4,29.82,0.0627,0.0221,1.0912,-1.46,0.79,-1.95,0.36
1773119139.34500,10.00875,76.3644,1.4,29.17,0.4709,0.0597,0.9481,4.51,-1.71,-2.87,0.30
1773119139.44500,10.00875,76.3644,1.3,29.40,0.3240,0.0193,0.8835,6.04,-0.73,-2.20,0.36
1773119139.55200,10.00874,76.3644,1.4,29.07,0.2241,0.0186,1.0677,5.24,1.71,-1.71,0.34
1773119139.64600,10.00873,76.3644,1.3,29.05,0.2318,0.0963,1.2104,7.07,5.98,-0.43,0.34
1773119140.74400,10.00873,76.36441,1.3,28.74,0.3435,0.0848,0.9845,4.45,-1.28,0.79,0.36
1773119140.84400,10.00872,76.36441,1.3,27.98,0.3325,0.0161,1.0090,-3.23,0.06,3.66,0.34
1773119140.94400,10.00871,76.36441,1.3,28.29,0.0896,-0.0631,0.7877,-0.91,0.85,6.28,0.32
1773119140.03800,10.00871,76.36441,1.3,28.29,0.4473,-0.0248,1.2687,-6.95,2.50,4.63,0.30
1773119140.14500,10.00871,76.36442,1.3,28.05,0.8799,0.0452,0.6738,-2.93,-5.61,3.78,0.38
1773119140.24500,10.00869,76.36442,1.3,27.99,0.5415,0.0623,0.8500,-9.21,-5.91,2.87,0.41
1773119140.34500,10.00869,76.36443,1.3,28.14,0.1866,-0.0485,0.9619,-10.67,-0.37,2.26,0.39
1773119140.44500,10.00868,76.36443,1.3,27.17,0.5273,0.0548,0.9554,-6.16,4.57,1.16,0.43
1773119140.54400,10.00867,76.36443,1.3,26.98,0.3269,0.0989,0.8972,-13.35,-1.52,0.73,0.38
1773119140.64500,10.00867,76.36443,1.3,26.27,0.3690,-0.0359,0.9011,-6.59,-0.37,-1.16,0.40
1773119141.74500,10.00866,76.36443,1.3,26.18,0.2510,-0.0361,1.1610,-12.20,-2.26,-1.46,0.33
1773119141.84500,10.00866,76.36443,1.3,25.91,0.2787,0.0953,0.7953,-13.90,-1.28,-0.37,0.38
1773119141.94500,10.00865,76.36443,1.3,25.19,0.2809,-0.0138,1.0602,-9.82,1.52,-0.12,0.43
1773119141.03800,10.00865,76.36443,1.3,25.19,0.3064,0.0177,1.0594,-19.33,-0.49,-0.49,0.39
1773119141.14500,10.00864,76.36444,1.3,24.92,0.5598,0.0995,0.8090,-26.71,-0.91,-2.13,0.37
1773119141.24400,10.00863,76.36444,1.3,23.94,0.2030,0.1346,1.0609,-27.93,1.46,-7.26,0.28
1773119141.34400,10.00863,76.36444,1.3,23.55,0.4678,-0.0172,0.9426,-31.52,2.87,-15.91,0.32
1773119141.44500,10.00862,76.36445,1.2,22.85,0.5427,0.0875,0.9913,-27.32,8.54,-27.26,0.23
1773119141.54500,10.00862,76.36445,1.2,21.88,0.5625,-0.0414,1.0236,-17.26,14.82,-34.57,0.37
1773119141.64500,10.00861,76.36445,1.2,21.01,0.3531,0.0007,1.1642,-15.43,19.39,-41.40,0.34
1773119142.74500,10.00861,76.36445,1.2,20.48,0.4513,-0.0126,1.0768,-9.57,21.83,-41.89,0.37
1773119142.84400,10.0086,76.36445,1.2,18.99,0.3386,-0.0262,0.9907,-9.82,19.21,-40.61,0.37
1773119142.94400,10.0086,76.36445,1.2,18.37,0.2373,0.1050,1.0729,-7.68,17.56,-38.60,0.30
1773119142.03800,10.0086,76.36445,1.2,18.37,0.3456,0.0668,0.8016,-13.66,16.46,-37.32,0.43
1773119142.14400,10.00859,76.36444,1.2,17.68,0.1675,0.0238,0.9774,-14.82,16.95,-39.63,0.28
1773119142.24400,10.00858,76.36444,1.2,17.08,0.3285,-0.0087,1.0995,-16.28,16.04,-42.74,0.38
1773119142.34400,10.00858,76.36444,1.2,17.21,0.3816,0.0642,0.7563,-15.79,6.52,-42.80,0.42
1773119142.44400,10.00858,76.36443,1.2,16.71,0.8169,0.0670,0.7988,-20.00,3.35,-44.76,0.35
1773119142.54400,10.00857,76.36443,1.2,16.97,0.6095,0.0120,1.2722,-12.32,22.01,-54.27,0.37
1773119142.64600,10.00857,76.36443,1.2,16.41,0.2430,-0.0913,1.0841,-14.33,39.45,-65.49,0.40
1773119143.74500,10.00857,76.36443,1.2,15.88,-0.1265,0.2648,1.0143,7.44,42.26,-66.16,0.31
1773119143.84400,10.00856,76.36443,1.2,14.97,0.0868,0.0769,1.3303,-2.99,21.71,-56.04,0.35
1773119143.94500,10.00856,76.36443,1.2,15.63,0.2719,-0.0321,0.9180,-7.87,1.28,-48.48,0.37
1773119143.03800,10.00856,76.36443,1.2,15.63,0.2633,0.0450,1.0010,-7.38,7.13,-46.34,0.37
1773119143.14500,10.00856,76.36442,1.2,15.85,0.2537,0.0316,0.8455,-9.70,12.80,-42.07,0.39
1773119143.24500,10.00856,76.36441,1.2,14.98,0.3357,0.0350,1.0565,-12.44,18.78,-41.22,0.37
1773119143.34500,10.00856,76.36441,1.2,15.20,0.3632,-0.0237,1.0837,-18.96,15.98,-44.15,0.29
1773119143.44400,10.00856,76.3644,1.2,14.86,0.2676,0.0117,1.0814,-21.40,14.15,-48.23,0.44
1773119143.54400,10.00856,76.3644,1.2,14.38,0.2743,0.1864,1.1884,-11.83,15.85,-53.17,0.40
1773119143.64500,10.00856,76.3644,1.2,14.52,0.3871,0.0844,1.1129,-6.34,26.40,-60.61,0.31
1773119144.74500,10.00856,76.3644,1.2,14.48,0.3018,-0.0160,1.0610,-8.41,29.82,-66.40,0.34
1773119144.84600,10.00856,76.36439,1.2,13.99,0.3638,0.0537,1.0345,-6.95,26.89,-64.33,0.28
1773119144.94500,10.00856,76.36439,1.3,13.28,0.3099,0.0599,1.2050,-5.00,23.54,-62.13,0.39
1773119144.03900,10.00856,76.36439,1.3,13.28,0.0306,-0.0576,1.0436,-6.65,20.79,-58.96,0.40
1773119144.14600,10.00857,76.36439,1.3,13.48,0.0248,-0.0238,1.0311,-5.12,21.40,-55.24,0.31
1773119144.24600,10.00857,76.36438,1.3,13.18,0.0771,0.0808,1.0084,-1.22,14.02,-52.62,0.36
1773119144.34600,10.00857,76.36438,1.2,13.29,-0.1975,0.0331,1.1260,-0.12,19.63,-51.83,0.35
1773119144.44600,10.00858,76.36437,1.2,13.62,-0.0183,-0.0826,1.2231,0.55,15.91,-49.45,0.33
1773119144.54600,10.00858,76.36437,1.2,14.88,-0.1958,-0.0088,1.2024,3.29,15.91,-44.94,0.38
1773119144.64700,10.00858,76.36437,1.3,16.54,0.0302,0.0020,0.8634,9.15,14.57,-38.96,0.39
1773119145.74700,10.00859,76.36437,1.3,17.75,0.0121,0.0646,1.0112,12.68,13.35,-33.48,0.29
1773119145.84600,10.00859,76.36436,1.3,18.00,-0.4017,0.0006,1.3229,10.67,10.06,-27.13,0.40
1773119145.94600,10.0086,76.36436,1.3,19.42,0.0365,-0.0974,0.9325,0.43,4.88,-20.67,0.34
1773119145.04000,10.0086,76.36436,1.3,19.42,-0.2966,0.0626,1.1274,14.09,6.83,-17.44,0.33
1773119145.14800,10.0086,76.36436,1.2,20.12,0.1017,0.0708,1.1891,3.96,1.04,-12.07,0.41
1773119145.24700,10.00861,76.36436,1.2,21.81,-0.0049,0.0317,0.9861,9.09,-1.89,-11.28,0.38
1773119145.34800,10.00862,76.36436,1.2,22.74,-0.2225,0.0267,0.8042,14.02,5.18,-12.38,0.31
1773119145.44800,10.00862,76.36436,1.3,23.68,-0.1017,-0.0160,1.0376,-0.06,3.29,-11.65,0.51
1773119145.54800,10.00863,76.36436,1.3,24.37,0.0554,0.0330,1.0826,1.16,-2.62,-7.74,0.37
1773119145.64800,10.00864,76.36436,1.3,25.26,-0.2153,-0.0116,0.7932,0.61,-2.32,-9.39,0.40
1773119146.74800,10.00864,76.36436,1.4,25.35,-0.3507,0.0822,0.8531,8.90,1.34,-10.30,0.33
1773119146.85400,10.00865,76.36435,1.4,26.93,-0.1782,0.0448,0.9080,9.76,-0.30,-10.49,0.37
1773119146.94800,10.00866,76.36435,1.5,26.09,0.0576,0.0170,0.7751,15.37,2.93,-11.52,0.32
1773119146.04100,10.00866,76.36435,1.5,26.09,-0.0671,0.0089,1.1488,19.33,4.94,-9.09,0.34
1773119146.14800,10.00866,76.36435,1.5,28.14,-0.1898,0.0291,0.9208,21.71,1.83,-5.91,0.36
1773119146.24800,10.00868,76.36435,1.5,28.88,0.0750,0.0450,0.9546,21.59,-4.82,-1.46,0.34
1773119146.34700,10.00868,76.36435,1.5,28.79,0.2960,0.0385,0.8364,15.49,-3.66,1.89,0.35
1773119146.44800,10.00869,76.36435,1.4,29.83,0.1614,-0.0649,0.8691,9.33,1.77,7.68,0.35
1773119146.54800,10.0087,76.36434,1.4,29.85,0.2048,0.0640,0.8849,12.87,2.74,11.22,0.38
1773119146.64800,10.00871,76.36434,1.5,29.74,0.1984,0.1055,0.8055,9.21,1.16,13.54,0.33
1773119147.74700,10.00871,76.36434,1.4,30.06,0.2285,0.1802,0.9921,3.78,0.85,14.09,0.30
1773119147.84700,10.00872,76.36434,1.5,29.99,0.1541,0.0665,0.8090,-0.67,2.13,13.72,0.36
1773119147.94800,10.00873,76.36434,1.4,30.82,0.0956,0.0310,1.0413,-8.05,2.26,12.93,0.29
1773119147.04100,10.00873,76.36434,1.4,30.82,-0.0547,0.0848,1.1008,-2.13,8.78,10.73,0.36
1773119147.14800,10.00873,76.36433,1.4,30.32,0.2870,0.0195,0.9790,-5.12,6.89,7.62,0.33
1773119147.24800,10.00875,76.36433,1.5,30.59,0.2988,0.0238,0.8083,-4.45,0.73,7.07,0.36
1773119147.34800,10.00876,76.36433,1.4,30.99,0.3309,-0.0210,0.9696,-4.39,1.52,6.65,0.40
1773119147.44700,10.00876,76.36433,1.5,30.55,0.3217,0.1016,0.8901,-0.73,-2.80,6.46,0.35
1773119147.54800,10.00877,76.36433,1.5,30.27,0.1555,0.0347,0.9771,-4.27,-2.01,6.16,0.55
1773119147.64900,10.00878,76.36432,1.5,30.08,0.5010,0.0465,0.7714,-5.49,-3.54,6.46,0.35
1773119148.74800,10.00879,76.36432,1.6,29.20,0.0101,0.0176,1.1766,-4.27,4.70,5.67,0.30
1773119148.84800,10.00879,76.36432,1.5,28.68,0.3848,0.0659,0.9354,-1.46,-2.07,4.45,0.37
1773119148.94800,10.0088,76.36431,1.5,28.37,0.2249,0.1499,1.0951,5.18,3.48,3.72,0.35
1773119148.04100,10.0088,76.36431,1.5,28.37,0.6503,0.0901,1.2148,0.85,6.46,3.96,0.33
1773119148.14800,10.00881,76.36431,1.5,27.42,0.7726,0.0253,0.8719,-3.23,-0.12,5.55,0.33
1773119148.24100,10.00881,76.36431,1.5,27.42,0.2257,0.1503,0.4041,-4.94,-11.95,4.33,0.43
1773119148.35400,10.00882,76.3643,1.5,26.76,0.6235,0.2361,0.9064,0.73,-7.74,5.24,0.36
1773119148.44100,10.00882,76.3643,1.5,26.76,0.1525,-0.0713,0.4897,-6.83,-4.88,4.76,0.54
1773119148.55400,10.00884,76.3643,1.5,26.92,0.2024,-0.0945,0.6868,-3.23,-5.85,2.99,0.34
1773119148.64900,10.00884,76.3643,1.5,26.39,0.3677,-0.0931,0.9810,-3.72,1.52,0.18,0.44
1773119149.74800,10.00885,76.3643,1.6,24.99,0.6177,0.1183,0.7614,12.44,4.45,0.79,0.31
1773119149.84100,10.00885,76.3643,1.6,24.99,0.5856,-0.0132,0.6797,6.40,-1.89,1.71,0.25
1773119149.95400,10.00886,76.36429,1.8,23.42,0.3992,0.1001,0.9331,12.38,0.18,3.60,0.44
1773119149.04000,10.00886,76.36429,1.8,23.42,0.4281,0.0686,0.7950,10.98,2.26,5.12,0.33
1773119149.15400,10.00886,76.36429,1.7,22.32,0.2651,0.0612,1.2651,9.63,6.71,11.10,0.44
1773119149.24100,10.00886,76.36429,1.7,22.32,0.4266,-0.0093,0.7693,2.50,1.77,14.02,0.32
1773119149.34800,10.00887,76.36428,1.8,21.66,0.3331,-0.0067,1.0220,4.39,6.95,16.34,0.37
1773119149.44900,10.00888,76.36428,1.8,20.63,0.0509,0.1062,1.0702,7.80,7.44,16.52,0.37
1773119149.54200,10.00888,76.36428,1.8,20.63,0.3173,-0.0259,0.9070,4.51,2.74,14.70,0.28
1773119149.64900,10.00889,76.36427,1.7,19.74,0.6121,0.0096,0.8928,7.56,-3.05,16.10,0.40
1773119150.74200,10.00889,76.36427,1.7,19.74,0.5920,0.0957,1.1855,8.84,6.40,18.72,0.41
1773119150.84800,10.00889,76.36427,1.7,18.56,0.3671,0.0712,1.1082,3.54,6.10,19.76,0.37
1773119150.94100,10.00889,76.36427,1.7,18.56,0.1490,0.0403,1.0376,6.77,2.26,20.37,0.34
1773119150.04800,10.0089,76.36426,1.8,16.37,0.2595,-0.0302,1.0074,7.44,0.91,20.30,0.37
1773119150.14200,10.0089,76.36426,1.8,16.37,0.2592,-0.0132,0.9240,9.02,3.41,20.91,0.35
1773119150.24900,10.00891,76.36426,1.8,16.98,0.2648,0.0106,0.8927,10.12,6.59,25.18,0.40
1773119150.34200,10.00891,76.36426,1.8,16.98,0.3291,0.0444,1.0391,5.24,9.70,28.72,0.33
1773119150.44800,10.00891,76.36425,1.8,15.93,0.9280,0.1364,1.6073,3.60,14.70,32.44,0.49
1773119150.54800,10.00891,76.36424,1.9,15.65,0.4960,0.1361,0.9524,-6.16,43.41,47.50,0.38
1773119150.64900,10.00892,76.36423,1.9,13.97,-0.1381,0.1035,0.8842,-22.50,50.85,47.26,0.47
1773119151.74200,10.00892,76.36423,1.9,13.97,-0.7559,-0.0029,0.8756,-22.80,25.98,35.85,0.41
1773119151.85500,10.00892,76.36423,2.0,12.54,0.0637,-0.0640,1.0635,-15.61,-10.79,19.33,0.46
1773119151.94200,10.00892,76.36423,2.0,12.54,-0.1605,-0.0582,1.1265,-18.48,-9.63,10.73,0.24
1773119151.04900,10.00892,76.36423,2.0,13.69,0.2507,0.0221,1.0157,-1.83,-9.76,-0.49,0.40
1773119151.14900,10.00892,76.36423,2.2,12.60,-0.0897,0.0791,0.9330,2.20,0.12,-2.56,0.37
1773119151.24200,10.00892,76.36423,2.2,12.60,-0.2039,0.0044,1.0310,0.30,0.43,-1.10,0.35
1773119151.35500,10.00892,76.36421,2.3,13.22,-0.0270,0.0569,0.8223,10.79,-2.99,-2.80,0.44
1773119151.44900,10.00892,76.36421,2.3,13.25,-0.0200,0.1084,0.9775,11.71,-3.11,-0.12,0.37
1773119151.54900,10.00892,76.36421,2.2,13.16,-0.2408,0.0525,0.9500,13.35,3.11,5.24,0.36
1773119151.64900,10.00893,76.3642,2.3,14.47,-0.0607,-0.0092,0.9769,9.09,3.60,11.71,0.39
1773119152.74900,10.00893,76.3642,2.2,13.82,0.0519,0.0491,1.2556,9.09,-0.73,17.74,0.49
1773119152.84800,10.00893,76.3642,2.2,14.22,0.0669,-0.0543,1.0815,5.06,-2.56,20.49,0.29
1773119152.94800,10.00893,76.3642,2.3,14.65,0.0194,-0.0101,1.0762,2.13,2.87,22.01,0.35
1773119152.04100,10.00893,76.3642,2.3,14.65,0.0082,0.1422,1.0509,4.39,9.76,24.63,0.29
1773119152.14800,10.00893,76.36419,2.3,14.42,-0.1245,0.0923,1.0704,-1.16,15.67,26.04,0.44
1773119152.24800,10.00893,76.36418,2.4,14.53,0.4961,0.2795,1.2878,14.02,2.62,20.30,0.40
1773119152.34800,10.00893,76.36418,2.3,15.64,0.0580,0.0454,1.1641,-2.80,-1.10,21.95,0.36
1773119152.44100,10.00893,76.36418,2.3,15.64,0.5017,-0.0740,1.3478,-0.24,-6.71,17.01,0.35
1773119152.54800,10.00893,76.36417,2.3,15.57,0.0963,0.0754,1.4578,0.79,11.77,17.50,0.36
1773119152.64900,10.00893,76.36417,2.4,16.45,-0.1149,0.0492,1.0317,-5.73,7.80,25.18,0.48
1773119153.74900,10.00893,76.36417,2.4,15.88,-0.0807,0.0443,1.3468,-8.78,12.13,27.80,0.34
1773119153.84200,10.00893,76.36417,2.4,15.88,0.1534,0.0088,1.1151,-15.37,8.60,31.10,0.50
1773119153.95500,10.00893,76.36416,2.5,15.80,-0.3358,0.2084,0.7881,-37.26,-2.26,34.51,0.45
1773119153.04100,10.00893,76.36416,2.5,15.80,0.8220,0.0533,1.2415,-14.09,1.65,27.32,0.50
1773119153.14800,10.00892,76.36415,2.5,14.88,0.1539,0.1414,0.8115,-3.11,-8.84,24.63,0.32
1773119153.24200,10.00892,76.36415,2.5,14.88,-0.3907,-0.0350,-0.0521,-3.41,-4.33,14.27,0.49
1773119153.35600,10.00892,76.36414,2.6,14.10,0.3876,-0.2220,0.6239,-20.79,-29.88,7.68,0.35
1773119153.44900,10.00892,76.36414,2.6,13.76,0.9299,-0.1566,1.2251,-20.61,-31.22,2.32,0.32
1773119153.54300,10.00892,76.36414,2.6,13.76,0.2710,0.0210,0.8516,-1.16,-8.23,-2.26,0.37
1773119153.65000,10.00892,76.36414,2.6,13.91,0.5277,-0.1022,0.3745,-2.87,20.91,-5.91,0.43
1773119154.74300,10.00892,76.36414,2.6,13.91,0.3334,0.1495,0.9326,1.34,20.67,-4.27,0.37
1773119154.85000,10.00892,76.36413,2.6,12.97,0.2158,0.0172,1.1643,3.17,10.79,0.06,0.39
1773119154.94900,10.00891,76.36412,2.6,12.03,0.0664,0.0890,1.0231,15.00,0.98,0.67,0.31
1773119154.04300,10.00891,76.36412,2.6,12.03,0.4128,0.0123,0.8545,13.05,-2.62,0.30,0.38
1773119154.15000,10.00891,76.36412,2.6,12.55,0.2563,0.0726,1.0619,13.48,3.05,3.23,0.30
1773119154.24300,10.00891,76.36412,2.6,12.55,0.1929,-0.0052,0.6973,11.52,-2.68,8.96,0.39
1773119154.34900,10.00891,76.36411,2.6,11.51,0.3175,-0.0239,0.8810,12.62,3.48,14.21,0.36
1773119154.44300,10.00891,76.36411,2.6,11.51,-0.1478,0.0919,0.6199,19.70,-0.61,20.91,0.38
1773119154.55000,10.00891,76.36411,2.6,11.56,0.0314,-0.1108,0.9329,4.39,1.59,27.99,0.39
1773119154.65000,10.0089,76.36411,2.5,11.71,0.1588,0.0171,0.7374,7.32,6.34,32.80,0.34
1773119155.75000,10.0089,76.36411,2.5,11.47,0.1527,-0.0289,0.7764,2.44,1.22,33.66,0.39
1773119155.84900,10.0089,76.3641,2.5,10.57,0.1075,0.1078,1.0194,4.76,7.99,33.84,0.30
1773119155.94900,10.0089,76.3641,2.5,10.63,0.2262,-0.0840,0.7784,3.90,-2.13,33.54,0.33
1773119155.04200,10.0089,76.3641,2.5,10.63,-0.2079,0.1056,1.1530,5.98,11.16,34.94,0.31
1773119155.14900,10.0089,76.3641,2.5,10.82,0.1035,-0.0656,0.9166,0.43,8.35,35.37,0.40
1773119155.24900,10.00889,76.3641,2.5,9.37,-0.2659,0.0250,0.9026,4.51,13.66,37.74,0.33
1773119155.34900,10.00889,76.36409,2.5,9.60,0.1675,0.0364,1.1001,2.56,7.01,25.00,0.35
1773119155.45000,10.00889,76.36409,2.5,10.98,-0.2324,0.1804,1.0085,0.30,8.54,27.87,0.32
1773119155.54900,10.00889,76.36409,2.6,10.32,-0.1589,0.0762,1.1078,-1.34,9.09,25.73,0.32
1773119155.65000,10.00888,76.36409,2.5,11.55,-0.0800,-0.0376,1.0906,-0.43,5.85,24.51,0.39
1773119156.74900,10.00888,76.36409,2.5,11.82,-0.0668,-0.1230,1.2400,-8.17,2.87,22.32,0.40
1773119156.84900,10.00888,76.36409,2.5,12.05,-0.2151,0.0353,1.0570,0.85,5.18,21.40,0.30
1773119156.94900,10.00887,76.36409,2.5,12.96,0.0093,0.1260,0.9724,2.99,5.12,20.61,0.43
1773119156.04300,10.00887,76.36409,2.5,12.96,0.1698,0.0176,1.2867,-3.05,7.07,19.63,0.36
1773119156.15600,10.00887,76.36408,2.5,13.92,0.0227,0.0234,1.1505,-1.71,3.66,18.54,0.34
1773119156.25000,10.00886,76.36408,2.4,14.36,0.1025,0.0703,1.0173,3.17,2.20,15.18,0.43
1773119156.34900,10.00886,76.36408,2.5,15.20,0.0206,-0.1122,1.1721,-3.35,-4.63,14.33,0.43
1773119156.44900,10.00886,76.36408,2.5,15.74,0.0491,-0.0540,1.0765,0.49,2.44,12.87,0.35
1773119156.54900,10.00885,76.36408,2.5,16.08,0.5332,0.1383,0.9410,5.06,0.30,12.20,0.40
1773119156.65000,10.00885,76.36408,2.4,16.27,0.1471,0.0471,1.1300,4.39,5.24,13.66,0.41
1773119157.75000,10.00884,76.36408,2.5,16.70,0.0382,-0.0172,1.1272,-0.79,2.26,13.54,0.32
1773119157.85000,10.00884,76.36408,2.5,16.78,0.1772,0.0223,1.2272,4.57,1.28,13.41,0.39
1773119157.95000,10.00883,76.36408,2.4,17.74,-0.0370,-0.0011,0.7208,2.50,-1.28,13.17,0.43
1773119157.04300,10.00883,76.36408,2.4,17.74,0.2399,0.1157,1.3135,4.94,9.33,13.35,0.42
1773119157.15000,10.00883,76.36408,2.5,17.99,0.1110,0.1476,1.1973,3.11,6.95,18.60,0.33
1773119157.24900,10.00882,76.36408,2.5,18.29,0.0248,0.0444,0.9788,-2.93,5.55,18.48,0.35
1773119157.34900,10.00882,76.36408,2.5,19.37,-0.0828,0.0276,1.2003,-5.00,-1.40,16.28,0.41
1773119157.45000,10.00881,76.36408,2.6,19.82,0.5840,0.0571,0.9901,-7.99,-7.44,11.59,0.34
1773119157.55000,10.00881,76.36408,2.5,20.40,0.5106,0.1425,0.9724,0.12,-2.44,9.02,0.45
1773119157.65000,10.0088,76.36408,2.5,20.97,0.2076,0.0330,1.0149,-2.99,1.34,6.71,0.37
1773119158.75000,10.00879,76.36408,2.6,21.00,0.1090,0.1455,0.7360,0.67,1.71,5.85,0.34
1773119158.85000,10.00879,76.36408,2.6,21.99,-0.0344,0.0841,1.1708,-0.61,3.05,4.70,0.37
1773119158.95000,10.00878,76.36408,2.6,22.10,0.0336,0.0245,1.0432,1.77,3.78,4.15,0.35
1773119158.04200,10.00878,76.36408,2.6,22.10,0.4996,0.0685,1.1045,-4.57,-3.84,6.59,0.38
1773119158.14900,10.00878,76.36408,2.6,22.36,0.1846,-0.1138,0.8384,-6.95,-0.43,5.37,0.29
1773119158.24900,10.00877,76.36408,2.6,23.14,-0.2153,-0.0387,0.8690,-0.85,1.59,6.16,0.33
1773119158.34900,10.00876,76.36409,2.6,23.64,0.0544,-0.0507,0.6858,-5.43,-4.57,7.38,0.32
1773119158.44900,10.00876,76.36409,2.6,23.83,0.5262,-0.0029,0.8800,-5.43,-5.91,6.28,0.37
1773119158.55000,10.00875,76.36409,2.6,24.01,-0.0975,-0.0173,0.8868,5.00,1.52,6.95,0.35
1773119158.65000,10.00874,76.36409,2.6,24.50,-0.3335,0.6885,1.0663,20.43,21.16,4.94,0.41
1773119159.75000,10.00874,76.36409,2.6,24.83,0.2528,0.0793,0.8003,-1.28,5.00,5.55,0.32
1773119159.84900,10.00873,76.36409,2.6,24.42,0.5737,0.4069,1.0896,19.94,-20.30,7.87,0.39
1773119159.94900,10.00873,76.3641,2.6,24.67,0.4258,-0.0492,1.1666,-13.05,-16.40,7.32,0.38
1773119159.04300,10.00873,76.3641,2.6,24.67,0.0653,-0.3542,0.7396,-9.45,-1.28,4.39,0.32
1773119159.14900,10.00872,76.3641,2.6,25.41,-0.4541,0.2183,0.2665,-5.79,2.13,3.90,0.40
1773119159.25000,10.00871,76.3641,2.6,23.92,-0.1151,-0.2205,0.8524,-16.65,-6.46,5.49,0.39
1773119159.35700,10.0087,76.3641,2.6,23.12,0.5688,0.0067,0.7275,0.91,7.74,-0.91,0.28
1773119159.45000,10.0087,76.36411,2.5,22.92,0.6515,0.6567,0.6382,27.07,-14.88,-8.84,0.35
1773119159.55000,10.00869,76.36411,2.6,21.39,0.7462,0.0006,1.0331,-0.18,-11.04,-6.95,0.50
1773119159.65000,10.00869,76.36411,2.6,20.96,0.5861,0.0454,0.7407,6.34,-16.77,-4.94,0.33
1773119160.74200,10.00869,76.36411,2.6,20.96,0.2510,0.0208,0.5457,16.77,-10.37,-2.38,0.46
1773119160.85600,10.00868,76.36411,2.6,20.10,0.2224,0.0709,0.8628,14.57,3.84,2.20,0.41
1773119160.95000,10.00867,76.36411,2.6,18.89,0.1772,0.0581,1.2008,11.40,1.59,6.59,0.41
1773119160.04300,10.00867,76.36411,2.6,18.89,0.1506,-0.1705,0.8936,5.55,8.48,11.04,0.43
1773119160.15000,10.00867,76.36411,2.6,18.06,0.3120,-0.0277,1.2629,3.90,10.43,14.15,0.33
1773119160.24900,10.00866,76.36411,2.6,17.02,0.6069,0.2732,1.2147,16.65,6.77,18.29,0.32
1773119160.34900,10.00866,76.36411,2.5,16.86,0.5808,0.0892,0.9781,2.20,3.96,21.52,0.34
1773119160.44900,10.00865,76.36411,2.6,16.56,0.0525,0.0282,1.0111,-0.61,3.35,21.83,0.34
1773119160.54900,10.00865,76.36412,2.6,16.00,0.1647,0.0215,1.1356,6.10,5.91,21.95,0.34
1773119160.65000,10.00864,76.36412,2.6,16.03,0.1820,0.0405,0.9480,-2.07,4.15,20.98,0.30
1773119161.75000,10.00864,76.36412,2.6,15.46,0.0973,0.0377,0.8467,-2.93,-0.06,24.70,0.29
1773119161.84900,10.00864,76.36412,2.6,15.17,0.1556,-0.0049,1.0201,-11.71,0.49,32.68,0.33
1773119161.95000,10.00863,76.36413,2.7,14.72,0.3402,-0.0082,0.8964,-16.34,1.95,33.78,0.35
1773119161.04300,10.00863,76.36413,2.7,14.72,0.5764,0.0989,1.2202,-19.21,-0.85,29.63,0.36
1773119161.15000,10.00863,76.36413,2.7,13.59,0.4659,0.2001,0.9752,-11.22,-2.80,19.21,0.33
1773119161.24300,10.00863,76.36413,2.7,13.59,0.2375,0.1294,0.8851,-19.57,-1.28,4.76,0.28
1773119161.34900,10.00863,76.36413,2.7,11.48,0.2988,0.0389,1.0337,-4.21,0.61,-15.91,0.46
1773119161.44200,10.00863,76.36413,2.7,11.48,0.1414,-0.0027,0.9045,9.51,7.93,-31.22,0.40
1773119161.54900,10.00862,76.36414,2.7,10.16,0.2356,0.0366,0.9080,14.21,-0.37,-30.18,0.42
1773119161.64300,10.00862,76.36414,2.7,10.16,0.1316,0.0756,0.9271,8.41,-2.44,-19.51,0.32
1773119162.75000,10.00862,76.36414,2.8,10.03,0.1907,0.1361,1.1804,8.72,1.89,-5.98,0.40
1773119162.84300,10.00862,76.36414,2.8,10.03,0.3441,-0.0837,0.9323,-0.24,-0.18,6.04,0.27
1773119162.95000,10.00861,76.36414,2.8,9.19,0.1357,0.0372,0.8391,0.43,-2.20,10.73,0.37
1773119162.05000,10.00861,76.36414,2.8,9.04,0.5079,-0.0005,1.1249,3.11,-14.88,13.90,0.33
1773119162.15000,10.00861,76.36414,2.8,9.22,0.1113,-0.0492,0.9412,3.29,1.83,15.73,0.49
1773119162.24300,10.00861,76.36414,2.8,9.22,0.0286,0.0177,1.0809,2.99,-0.67,15.37,0.31
1773119162.35000,10.00861,76.36414,2.8,9.02,0.4683,0.1722,1.1569,2.80,11.59,14.70,0.29
1773119162.44300,10.00861,76.36414,2.8,9.02,-0.1033,-0.1189,0.7515,-2.99,-7.93,17.99,0.37
1773119162.55000,10.0086,76.36415,2.8,8.90,0.4705,0.0485,0.9220,0.06,9.09,15.43,0.44
1773119162.65000,10.0086,76.36415,2.9,8.33,0.0468,-0.0955,0.9872,-3.54,-1.34,13.48,0.38
1773119163.74300,10.0086,76.36415,2.9,8.33,-0.0953,0.1620,1.1849,0.98,9.15,14.27,0.34
1773119163.85600,10.0086,76.36416,2.9,10.22,0.1952,0.0618,0.9924,-9.63,-6.71,13.29,0.40
1773119163.95000,10.0086,76.36416,2.9,10.48,0.2262,0.0826,0.9731,-3.41,-5.49,13.05,0.37
1773119163.04300,10.0086,76.36416,2.9,10.48,-0.3104,0.0441,0.9008,1.71,2.32,4.02,0.47
1773119163.15000,10.00859,76.36416,2.9,11.06,-0.1069,-0.0156,1.1731,-4.02,-1.59,-3.90,0.37
1773119163.24900,10.00859,76.36417,2.9,12.12,-0.2723,-0.0159,0.9185,4.88,-2.62,-5.98,0.35
1773119163.35000,10.00859,76.36417,2.9,13.14,-0.2395,0.0333,1.0684,8.84,1.28,-4.76,0.34
1773119163.45000,10.00859,76.36417,2.9,13.94,-0.1825,0.1377,1.0587,12.93,-3.60,2.56,0.41
1773119163.54900,10.00858,76.36417,2.9,13.98,-0.1925,0.0958,0.8390,5.55,-2.20,10.73,0.43
1773119163.65000,10.00858,76.36417,3.0,14.75,-0.2410,0.0463,0.8563,1.04,-6.65,18.48,0.30
1773119164.75000,10.00858,76.36418,3.0,14.78,0.3907,0.0778,1.2205,-4.33,-3.35,22.07,0.34
1773119164.85000,10.00858,76.36418,3.0,15.22,0.1210,-0.0159,1.0879,-17.32,-6.77,23.84,0.39
1773119164.94900,10.00857,76.36418,3.0,14.65,0.2946,0.0256,1.0209,-19.15,-0.73,20.49,0.37
1773119164.04200,10.00857,76.36418,3.0,14.65,0.3174,0.0803,0.8260,-18.90,13.11,13.96,0.35
1773119164.14900,10.00857,76.36419,3.0,14.85,0.0850,0.1635,0.9282,-21.34,3.35,5.24,0.46
1773119164.25000,10.00857,76.3642,3.0,14.56,0.4705,0.0098,0.8770,-24.70,0.49,-2.80,0.40
1773119164.35000,10.00857,76.3642,3.0,14.23,0.4482,0.0297,1.2980,-18.41,1.10,-14.51,0.33
1773119164.45000,10.00856,76.3642,3.0,13.41,0.3444,0.1011,0.8398,-13.90,6.65,-27.38,0.31
1773119164.54900,10.00856,76.3642,3.0,13.65,0.4622,0.0402,1.2662,-5.00,14.39,-33.48,0.30
1773119164.65000,10.00856,76.3642,3.0,12.58,0.3463,-0.1090,1.0687,-5.98,12.26,-35.98,0.42
1773119165.75000,10.00856,76.3642,3.0,13.10,0.5035,0.0320,0.8424,-2.07,-5.67,-34.94,0.39
1773119165.84900,10.00855,76.3642,3.1,11.94,0.4929,0.0353,1.1927,-3.29,-3.41,-34.09,0.41
1773119165.95000,10.00855,76.36421,3.1,11.86,0.3267,0.1923,0.9824,1.65,-10.37,-34.70,0.37
1773119165.04300,10.00855,76.36421,3.1,11.86,0.2997,0.1302,1.0409,7.50,8.11,-33.11,0.39
1773119165.15000,10.00855,76.36421,3.1,10.77,0.3114,0.0166,0.9067,4.45,1.71,-30.61,0.31
1773119165.25000,10.00855,76.36421,3.2,8.54,0.3071,0.0981,0.9375,3.35,1.10,-33.05,0.39
1773119165.34900,10.00854,76.36421,3.1,8.38,0.7197,0.0532,1.2300,4.39,8.96,-33.17,0.27
1773119165.44900,10.00854,76.36421,3.2,7.98,0.2052,0.1422,1.0256,14.02,36.16,-35.00,0.42
1773119165.55000,10.00854,76.36421,3.2,7.28,0.0084,0.1069,0.6563,4.15,19.21,-15.43,0.32
1773119165.65000,10.00854,76.36421,3.3,6.23,0.2300,-0.0358,0.9434,-0.67,3.23,-1.83,0.34
1773119166.75000,10.00854,76.36422,3.2,5.81,0.2657,-0.0187,1.0532,-0.37,2.56,-6.16,0.35
1773119166.85700,10.00854,76.36422,3.3,4.90,0.0533,-0.0635,0.9869,3.90,1.65,-13.17,0.29
1773119166.94900,10.00854,76.36422,3.3,4.51,0.0585,0.1493,0.9277,7.87,5.73,-14.02,0.38
1773119166.04200,10.00854,76.36422,3.3,4.51,0.1823,0.0137,0.8934,1.46,2.44,-5.91,0.38
1773119166.15000,10.00853,76.36422,3.4,4.99,0.1537,0.1078,0.9176,3.48,-0.24,-5.91,0.34
1773119166.25000,10.00853,76.36422,3.4,3.65,-0.1465,0.0668,1.2646,3.84,0.79,-8.60,0.37
1773119166.34900,10.00853,76.36422,3.4,3.89,0.5109,0.0691,1.0555,-1.04,-20.43,-6.65,0.37
1773119166.44900,10.00853,76.36422,3.5,3.87,0.2594,0.0361,0.7058,0.30,-17.07,-7.38,0.35
1773119166.54900,10.00853,76.36422,3.6,3.07,0.2090,-0.0315,0.7306,3.54,-8.23,-8.54,0.30
1773119166.65100,10.00853,76.36422,3.5,1.91,0.2179,0.0750,0.9733,5.30,-3.48,-6.89,0.33
1773119167.74900,10.00853,76.36422,3.6,1.74,0.2567,0.1067,1.0227,3.17,-2.68,-4.51,0.44
1773119167.85000,10.00853,76.36422,3.6,1.17,0.0192,0.1569,1.0336,1.46,-0.61,-2.99,0.29
1773119167.95000,10.00853,76.36422,3.6,1.31,0.0496,0.1243,1.0208,-5.49,-0.67,-0.43,0.36
1773119167.04200,10.00853,76.36422,3.6,1.31,0.0140,0.0809,1.0376,-8.78,-0.12,0.18,0.36
1773119167.14900,10.00853,76.36422,3.7,1.31,0.4369,0.0743,0.8030,-9.27,-3.78,5.61,0.37
1773119167.25000,10.00853,76.36422,3.7,2.03,0.3041,0.0533,0.7882,-6.10,-1.28,3.90,0.33
1773119167.35000,10.00853,76.36422,3.7,1.70,0.2380,0.0579,0.9832,-4.39,-0.06,5.00,0.34
1773119167.45000,10.00853,76.36422,3.7,1.71,0.4524,0.0311,1.0250,-3.54,-6.10,2.93,0.30
1773119167.54900,10.00853,76.36422,3.7,0.18,0.3629,-0.0067,0.8745,-5.37,-5.00,0.73,0.47
1773119167.65000,10.00853,76.36422,3.7,0.27,0.3577,0.0044,1.0940,-5.73,-0.85,0.37,0.40
1773119168.74900,10.00853,76.36422,3.7,0.09,0.2523,-0.0200,0.8417,-2.74,1.65,0.12,0.32
1773119168.85000,10.00853,76.36422,3.7,0.30,0.1055,0.0768,1.1395,2.07,6.34,-0.85,0.47
1773119168.94900,10.00853,76.36422,3.7,0.21,0.1157,-0.0411,0.9388,-0.55,3.11,-0.30,0.40
1773119168.04300,10.00853,76.36422,3.7,0.21,0.0276,0.0577,0.9497,1.71,4.63,-0.61,0.33
1773119168.15000,10.00853,76.36422,3.7,0.09,0.0555,0.0059,0.9357,0.91,2.01,0.43,0.28
1773119168.24900,10.00853,76.36422,3.8,0.36,0.1042,0.0071,0.8599,-2.93,1.04,-0.37,0.38
1773119168.35000,10.00853,76.36422,3.7,0.03,0.0483,0.0142,0.9570,-2.01,2.26,-0.61,0.34
1773119168.45000,10.00853,76.36422,3.7,0.32,0.1162,0.0156,0.9397,-3.66,1.16,0.37,0.36
1773119168.54900,10.00853,76.36422,3.7,0.30,0.0901,-0.0140,0.8209,-1.95,-1.65,1.16,0.43
1773119168.65000,10.00853,76.36422,3.7,0.18,0.1724,-0.0129,1.1287,-2.62,-0.18,0.55,0.45
1773119169.74900,10.00853,76.36422,3.7,0.19,0.1492,-0.0597,1.0768,-1.52,-0.79,1.22,0.30
1773119169.85000,10.00853,76.36422,3.7,0.15,0.1134,-0.0176,0.8242,-0.43,-0.55,0.79,0.48
1773119169.94900,10.00853,76.36422,3.7,0.05,0.1228,-0.0028,0.8478,1.04,0.67,-0.12,0.35
1773119169.04200,10.00853,76.36422,3.7,0.05,0.1318,0.0013,0.8057,1.89,0.85,0.06,0.39
1773119169.15600,10.00853,76.36422,3.7,0.15,0.1466,0.0189,1.1118,2.13,-0.67,0.06,0.32
1773119169.24900,10.00853,76.36422,3.7,0.14,0.1742,0.0096,0.9990,2.44,0.18,0.30,0.35
1773119169.34900,10.00853,76.36422,3.7,0.30,0.2019,0.0240,1.1638,2.26,-0.49,0.00,0.34
1773119169.45000,10.00853,76.36422,3.7,0.22,0.1835,0.0256,1.0223,2.01,0.43,-0.18,0.35
1773119169.54900,10.00852,76.36422,3.7,0.14,0.1885,0.0306,1.0975,0.18,0.12,-0.37,0.38
1773119169.65000,10.00852,76.36422,3.7,0.17,0.2350,0.0094,0.9681,0.12,-0.43,-0.37,0.30
1773119170.75000,10.00852,76.36422,3.7,0.11,0.1323,0.0206,0.9951,0.98,-0.12,-0.12,0.48
1773119170.84900,10.00852,76.36422,3.8,0.05,0.2220,0.0372,0.9976,0.49,-0.55,-0.24,0.43
1773119170.95000,10.00852,76.36422,3.8,0.19,0.1477,0.0477,0.9949,-0.55,0.06,-0.12,0.33
1773119170.04300,10.00852,76.36422,3.8,0.19,0.1727,0.0327,0.9967,-0.37,0.06,-0.18,0.36
1773119170.14900,10.00852,76.36422,3.8,0.08,0.1666,0.0121,0.9990,-0.24,0.43,-0.18,0.36
1773119170.24900,10.00852,76.36422,3.8,0.16,0.1604,0.0186,0.9962,0.30,0.24,-0.30,0.32
1773119170.34900,10.00852,76.36422,3.8,0.14,0.1689,0.0315,0.9928,-0.91,0.30,0.12,0.33
1773119170.44900,10.00852,76.36422,3.8,0.29,0.1582,0.0140,0.9984,-1.59,0.49,-0.24,0.31
1773119170.54900,10.00852,76.36422,3.8,0.13,0.1523,-0.0010,1.0023,0.43,0.61,-0.55,0.28
1773119170.65000,10.00852,76.36422,3.9,0.35,0.1498,0.0232,0.9899,0.91,0.49,-0.06,0.32
1773119171.74900,10.00852,76.36422,3.9,0.21,0.1333,0.0256,1.0098,2.13,0.55,-1.04,0.36
1773119171.84900,10.00852,76.36422,3.9,0.16,0.1505,0.0468,0.9908,3.17,0.37,-0.55,0.38
1773119171.94900,10.00852,76.36422,3.9,0.11,0.1672,0.0370,0.9960,3.41,0.37,-0.61,0.33
1773119171.04300,10.00852,76.36422,3.9,0.11,0.1654,0.0571,0.9912,3.11,0.67,-0.30,0.30
1773119171.15000,10.00852,76.36422,3.9,0.06,0.1597,0.0543,0.9960,2.26,0.61,-0.67,0.36
1773119171.24900,10.00852,76.36422,4.0,0.19,0.1450,0.0616,1.0089,1.40,0.67,-0.24,0.33
1773119171.34900,10.00852,76.36422,4.0,0.16,0.1366,0.0679,1.0001,0.43,0.30,-0.24,0.31
1773119171.44900,10.00852,76.36422,4.0,0.03,0.1661,0.0648,0.9803,-1.40,0.73,0.06,0.31
1773119171.55000,10.00852,76.36422,4.0,0.01,0.1478,-0.0063,1.0144,0.06,0.67,-0.61,0.38
1773119171.65000,10.00852,76.36422,4.0,0.07,0.1545,0.0454,0.9989,1.22,0.06,-0.30,0.35
1773119172.75000,10.00852,76.36422,4.1,0.21,0.1619,0.0969,0.9867,-0.61,-0.12,0.06,0.44
1773119172.84900,10.00852,76.36422,4.1,0.07,0.1611,0.1396,1.0072,-3.41,-0.06,0.55,0.29
1773119172.94900,10.00852,76.36422,4.1,0.06,0.1708,0.0342,0.9939,-3.29,0.18,-0.18,0.29
1773119172.04200,10.00852,76.36422,4.1,0.06,0.1783,0.1842,0.9259,0.49,1.46,0.30,0.33
1773119172.14900,10.00852,76.36422,4.1,0.39,0.0939,-0.0042,1.0851,4.27,0.67,-1.46,0.44
1773119172.25000,10.00852,76.36422,4.1,0.18,0.1816,-0.0228,0.9739,7.44,-0.30,-1.40,0.45
1773119172.34900,10.00852,76.36422,4.2,0.46,0.1642,-0.0619,0.9934,11.16,0.61,-2.26,0.40
1773119172.44900,10.00852,76.36422,4.2,0.47,0.1458,0.0051,0.9965,16.83,0.06,-2.44,0.32
1773119172.54900,10.00852,76.36422,4.2,0.84,0.1411,0.1082,0.9789,21.71,-0.61,-2.99,0.36
1773119172.65000,10.00852,76.36422,4.3,1.03,0.1549,0.2358,0.9866,20.37,-0.67,-2.26,0.32
1773119173.75000,10.00852,76.36422,4.2,1.31,0.2069,0.3335,0.8685,11.10,-2.07,-1.46,0.41
1773119173.84900,10.00852,76.36422,4.3,1.06,0.1461,0.3088,0.9724,13.48,0.73,-2.07,0.29
1773119173.95000,10.00852,76.36422,4.3,0.41,0.1699,0.2606,0.9557,3.96,-0.18,-0.43,0.38
1773119173.04300,10.00852,76.36422,4.3,0.41,0.1697,0.2382,0.9542,3.60,0.55,-0.79,0.40
1773119173.14900,10.00852,76.36422,4.3,0.37,0.1344,0.1102,0.9640,-0.98,0.79,-0.67,0.28
1773119173.24900,10.00852,76.36422,4.3,0.11,0.1649,0.2601,0.9641,-0.91,0.24,0.00,0.29
1773119173.35000,10.00852,76.36422,4.3,0.25,0.1501,0.2444,0.9624,-0.30,0.67,-0.43,0.36
1773119173.44900,10.00852,76.36422,4.3,0.14,0.1526,0.2208,0.9652,-0.67,0.30,0.00,0.33
1773119173.55000,10.00852,76.36422,4.3,0.08,0.1553,0.2332,0.9701,0.12,0.30,-0.43,0.28
1773119173.65000,10.00852,76.36422,4.3,0.04,0.1582,0.2363,0.9696,0.91,0.24,-0.12,0.33
1773119174.74900,10.00852,76.36422,4.3,0.38,0.1587,0.2395,0.9613,0.30,0.18,-0.24,0.40
1773119174.85000,10.00852,76.36422,4.3,0.50,0.1448,0.2292,0.9703,0.79,0.12,-0.37,0.34
1773119174.94900,10.00852,76.36422,4.3,0.13,0.1539,0.2266,0.9667,1.52,-0.30,-0.43,0.30
1773119174.04300,10.00852,76.36422,4.3,0.13,0.1598,0.2427,0.9679,1.77,-0.30,-0.49,0.35
1773119174.14900,10.00852,76.36422,4.3,0.37,0.1606,0.2458,0.9607,1.52,-0.30,-0.43,0.39
1773119174.24900,10.00852,76.36422,4.4,0.20,0.1633,0.2594,0.9587,1.34,-0.24,-0.43,0.40
1773119174.34900,10.00852,76.36422,4.4,0.31,0.1639,0.2642,0.9546,0.49,0.06,-0.49,0.36
1773119174.44900,10.00852,76.36422,4.4,0.05,0.1569,0.2570,0.9594,-0.37,0.24,-0.24,0.40
1773119174.54900,10.00852,76.36422,4.4,0.08,0.1655,0.2411,0.9624,-0.67,0.18,-0.30,0.43
1773119174.65000,10.00852,76.36422,4.4,0.11,0.1560,0.2484,0.9636,-0.12,0.18,-0.18,0.41
1773119175.74900,10.00852,76.36422,4.4,0.08,0.1586,0.2568,0.9607,0.06,0.30,-0.37,0.34
1773119175.85000,10.00852,76.36422,4.5,0.06,0.1564,0.2571,0.9642,0.30,0.24,0.00,0.36
1773119175.95000,10.00852,76.36422,4.5,0.04,0.1592,0.2510,0.9589,-0.30,0.30,-0.37,0.37
1773119175.04400,10.00852,76.36422,4.5,0.04,0.1605,0.2539,0.9672,0.12,0.18,0.00,0.44
1773119175.15100,10.00852,76.36422,4.5,0.02,0.1556,0.2484,0.9587,-0.24,0.30,-0.24,0.40
1773119175.25000,10.00852,76.36422,4.5,0.10,0.1451,0.2439,0.9624,0.12,0.24,-0.24,0.42
1773119175.35100,10.00852,76.36422,4.5,0.19,0.1588,0.2484,0.9669,0.30,-0.12,-0.12,0.34
1773119175.45100,10.00852,76.36422,4.5,0.04,0.1672,0.2590,0.9557,0.49,0.18,-0.24,0.31
1773119175.55100,10.00852,76.36422,4.6,0.13,0.1506,0.2554,0.9619,-0.12,0.18,-0.43,0.37
1773119175.65300,10.00852,76.36422,4.6,0.20,0.1725,0.2607,0.9615,0.12,0.24,-0.12,0.37
1773119176.75200,10.00852,76.36422,4.6,0.07,0.1521,0.2664,0.9606,-0.18,0.61,-0.43,0.35
1773119176.86000,10.00852,76.36422,4.6,0.04,0.1720,0.2238,0.9640,-0.98,-0.06,0.12,0.31
1773119176.95300,10.00852,76.36422,4.7,0.15,0.1592,0.2538,0.9625,0.79,0.24,-0.37,0.31
1773119176.04600,10.00852,76.36422,4.7,0.15,0.1571,0.2677,0.9557,-0.06,0.30,-0.06,0.53
1773119176.15800,10.00852,76.36422,4.7,0.24,0.1644,0.2334,0.9678,-0.43,0.37,-0.06,0.38
1773119176.25200,10.00852,76.36422,4.7,0.24,0.1536,0.2435,0.9604,0.85,0.06,-0.24,0.37
1773119176.35200,10.00852,76.36422,4.8,0.17,0.1520,0.2933,0.9471,-0.98,0.49,0.73,0.33
1773119176.45300,10.00852,76.36422,4.8,0.17,0.1467,0.2172,0.9750,-2.01,0.18,3.23,0.39
1773119176.55200,10.00852,76.36422,4.8,0.06,0.1654,0.3221,0.8885,2.99,0.12,2.01,0.40
1773119176.65300,10.00852,76.36422,4.8,0.20,0.1467,0.3547,0.9336,1.95,-0.24,0.73,0.49
1773119177.75200,10.00852,76.36422,4.8,0.15,0.1501,-0.0499,0.8120,-15.55,-1.16,-1.71,0.33
1773119177.85200,10.00852,76.36422,4.8,0.15,0.1318,0.0482,0.9347,-7.62,-1.28,-0.43,0.37
1773119177.95200,10.00852,76.36422,4.8,0.18,0.1733,0.2274,0.9639,-1.89,-0.06,0.06,0.41
1773119177.04600,10.00852,76.36422,4.8,0.18,0.1615,0.2676,0.9663,0.79,0.55,0.00,0.36
1773119177.15200,10.00852,76.36422,4.9,0.13,0.1707,0.2279,0.9635,-0.30,0.30,0.00,0.34
1773119177.25200,10.00852,76.36422,4.9,0.32,0.1628,0.2362,0.9675,0.00,0.06,-0.24,0.40
1773119177.35200,10.00852,76.36422,4.9,0.28,0.1626,0.2350,0.9646,0.79,0.24,-0.24,0.32
1773119177.45200,10.00852,76.36422,4.9,0.14,0.1602,0.2489,0.9675,1.16,0.12,-0.43,0.29
1773119177.55200,10.00852,76.36422,4.9,0.34,0.1594,0.2501,0.9670,1.10,-0.06,-0.55,0.32
1773119177.65300,10.00852,76.36422,4.9,0.14,0.1627,0.2404,0.9650,1.16,-0.18,-0.18,0.38
1773119178.75200,10.00852,76.36422,5.0,0.43,0.1704,0.2458,0.9609,1.46,-0.18,-0.37,0.36
1773119178.85300,10.00852,76.36422,5.0,0.18,0.1794,0.2806,0.9508,1.16,0.12,-0.55,0.33
1773119178.95200,10.00852,76.36422,5.0,0.28,0.1720,0.2765,0.9540,-0.91,0.67,-0.49,0.35
1773119178.04500,10.00852,76.36422,5.0,0.28,0.1615,0.2487,0.9622,-1.89,0.85,-0.12,0.54
1773119178.15800,10.00852,76.36422,5.0,0.41,0.1637,0.2472,0.9630,-1.65,0.98,0.12,0.30
1773119178.25300,10.00852,76.36422,5.1,0.38,0.1650,0.2480,0.9601,-1.71,0.98,-0.06,0.31
1773119178.35200,10.00852,76.36422,5.1,0.33,0.1512,0.2391,0.9653,-2.13,1.10,0.12,0.37
1773119178.45300,10.00852,76.36422,5.1,0.26,0.1559,0.2158,0.9722,-0.67,0.73,0.18,0.42
1773119178.55200,10.00852,76.36422,5.2,0.41,0.1643,0.2394,0.9664,-0.12,0.49,-0.12,0.40
1773119178.65300,10.00852,76.36422,5.2,0.10,0.1605,0.2374,0.9661,-0.06,0.43,-0.30,0.39
1773119179.75200,10.00852,76.36422,5.2,0.10,0.1595,0.2390,0.9709,0.43,0.37,-0.12,0.34
1773119179.84600,10.00852,76.36422,5.2,0.10,0.1614,0.2354,0.9688,0.30,0.30,-0.18,0.33
1773119179.95900,10.00852,76.36422,5.3,0.06,0.1595,0.2413,0.9637,0.12,0.24,-0.30,0.33
1773119179.04600,10.00852,76.36422,5.3,0.06,0.1615,0.2393,0.9626,0.00,0.18,-0.30,0.36
1773119179.15300,10.00852,76.36422,5.3,0.12,0.1608,0.2396,0.9669,0.12,0.24,-0.24,0.54
1773119179.24600,10.00852,76.36422,5.3,0.12,0.1594,0.2399,0.9647,0.12,0.24,-0.37,0.33
1773119179.35900,10.00852,76.36422,5.3,0.10,0.1573,0.2385,0.9642,0.37,0.18,-0.37,0.39
1773119179.45300,10.00852,76.36422,5.4,0.03,0.1589,0.2443,0.9625,0.43,0.18,-0.30,0.33
1773119179.55400,10.00852,76.36422,5.4,0.10,0.1578,0.2462,0.9622,0.43,0.12,-0.24,0.39
1773119179.64800,10.00852,76.36422,5.4,0.10,0.1611,0.2477,0.9645,0.61,0.24,-0.24,0.45
1773119180.75400,10.00852,76.36422,5.4,0.09,0.1583,0.2430,0.9637,0.12,0.24,-0.24,0.39
1773119180.84700,10.00852,76.36422,5.4,0.09,0.1610,0.2482,0.9631,0.18,0.30,-0.37,0.33
1773119180.96000,10.00852,76.36422,5.5,0.06,0.1581,0.2440,0.9629,0.00,0.30,-0.12,0.30
1773119180.04700,10.00852,76.36422,5.5,0.06,0.1605,0.2429,0.9640,0.12,0.37,-0.37,0.32
1773119180.15400,10.00852,76.36422,5.5,0.10,0.1571,0.2493,0.9646,0.43,0.30,-0.24,0.27
1773119180.24700,10.00852,76.36422,5.5,0.10,0.1591,0.2445,0.9615,0.06,0.18,-0.24,0.39
1773119180.35900,10.00852,76.36422,5.6,0.11,0.1588,0.2489,0.9619,-0.06,0.37,-0.24,0.34
1773119180.45300,10.00852,76.36422,5.6,0.06,0.1575,0.2410,0.9650,-0.06,0.24,-0.24,0.34
1773119180.55300,10.00852,76.36422,5.6,0.09,0.1530,0.2430,0.9633,0.24,0.24,-0.37,0.34
1773119180.65400,10.00852,76.36422,5.6,0.17,0.1613,0.2490,0.9615,0.24,0.18,-0.18,0.45
1773119181.74600,10.00852,76.36422,5.6,0.17,0.1600,0.2496,0.9617,-0.18,0.37,-0.30,0.20
1773119181.86000,10.00852,76.36422,5.7,0.13,0.1589,0.2437,0.9628,-0.06,0.30,-0.06,0.44
1773119181.95300,10.00852,76.36422,5.7,0.04,0.1559,0.2423,0.9624,0.18,0.24,-0.24,0.37
1773119181.04700,10.00852,76.36422,5.7,0.04,0.1608,0.2483,0.9637,0.00,0.24,-0.12,0.38
1773119181.15300,10.00852,76.36422,5.7,0.09,0.1572,0.2476,0.9607,0.12,0.30,-0.12,0.33
1773119181.24700,10.00852,76.36422,5.7,0.09,0.1580,0.2448,0.9644,-0.12,0.30,-0.24,0.37
1773119181.36000,10.00852,76.36422,5.8,0.04,0.1593,0.2427,0.9604,-0.18,0.24,-0.12,0.30
1773119181.45300,10.00852,76.36422,5.8,0.05,0.1591,0.2457,0.9645,-0.06,0.24,-0.24,0.38
1773119181.55300,10.00852,76.36422,5.9,0.10,0.1576,0.2465,0.9618,0.00,0.30,-0.24,0.49
1773119181.65400,10.00852,76.36422,5.9,0.06,0.1582,0.2471,0.9626,-0.06,0.30,-0.24,0.34
1773119182.75300,10.00852,76.36422,5.9,0.08,0.1576,0.2433,0.9615,0.06,0.24,-0.24,0.32
1773119182.85300,10.00852,76.36422,5.9,0.07,0.1603,0.2488,0.9608,0.18,0.24,-0.30,0.37
1773119182.95400,10.00852,76.36422,6.0,0.06,0.1570,0.2516,0.9633,-0.06,0.37,-0.30,0.40
1773119182.04600,10.00852,76.36422,6.0,0.06,0.1591,0.2454,0.9622,-0.12,0.24,-0.24,0.36
1773119182.15300,10.00852,76.36422,6.0,0.11,0.1591,0.2477,0.9639,-0.24,0.30,-0.24,0.35
1773119182.25300,10.00852,76.36422,6.0,0.16,0.1572,0.2460,0.9646,0.06,0.18,-0.18,0.34
1773119182.36000,10.00852,76.36422,6.1,0.06,0.1583,0.2433,0.9614,0.00,0.30,-0.18,0.41
1773119182.45400,10.00852,76.36422,6.1,0.18,0.1582,0.2483,0.9653,0.06,0.30,-0.30,0.38
1773119182.55500,10.00852,76.36422,6.1,0.23,0.1602,0.2483,0.9631,0.06,0.30,-0.18,0.39
1773119182.65500,10.00852,76.36422,6.1,0.04,0.1594,0.2474,0.9613,-0.06,0.37,-0.30,0.42
1773119183.75500,10.00852,76.36422,6.2,0.01,0.1597,0.2490,0.9608,0.06,0.24,-0.18,0.28
1773119183.85400,10.00852,76.36422,6.2,0.02,0.1594,0.2484,0.9628,-0.06,0.37,-0.24,0.32
1773119183.95400,10.00852,76.36422,6.2,0.01,0.1611,0.2473,0.9661,-0.12,0.30,-0.24,0.32
1773119183.04800,10.00852,76.36422,6.2,0.01,0.1582,0.2466,0.9633,0.00,0.37,-0.24,0.36
1773119183.15500,10.00852,76.36422,6.3,0.11,0.1599,0.2484,0.9606,-0.12,0.24,-0.24,0.33
1773119183.25500,10.00852,76.36422,6.3,0.23,0.1578,0.2473,0.9641,0.00,0.24,-0.24,0.36
1773119183.35400,10.00852,76.36422,6.3,0.07,0.1576,0.2477,0.9623,0.06,0.18,-0.18,0.38
1773119183.45400,10.00852,76.36422,6.3,0.04,0.1592,0.2471,0.9617,0.00,0.30,-0.18,0.42
1773119183.55500,10.00852,76.36422,6.4,0.11,0.1581,0.2495,0.9612,0.06,0.24,-0.18,0.34
1773119183.65500,10.00852,76.36422,6.4,0.10,0.1602,0.2495,0.9630,0.00,0.30,-0.12,0.28
1773119184.75500,10.00852,76.36422,6.4,0.12,0.1578,0.2504,0.9625,-0.06,0.24,-0.18,0.40
1773119184.85500,10.00852,76.36422,6.5,0.08,0.1577,0.2488,0.9634,-0.06,0.30,-0.24,0.35
1773119184.95500,10.00852,76.36422,6.5,0.13,0.1582,0.2439,0.9663,0.00,0.30,-0.24,0.40
1773119184.04800,10.00852,76.36422,6.5,0.13,0.1591,0.2510,0.9609,0.18,0.24,-0.24,0.41
1773119184.15400,10.00852,76.36422,6.5,0.04,0.1606,0.2528,0.9623,-0.12,0.30,-0.24,0.36
1773119184.25400,10.00852,76.36422,6.5,0.07,0.1581,0.2512,0.9631,-0.24,0.30,-0.18,0.35
1773119184.35500,10.00852,76.36422,6.5,0.13,0.1573,0.2416,0.9651,0.12,0.30,-0.30,0.39
1773119184.45400,10.00852,76.36422,6.6,0.04,0.1593,0.2499,0.9597,0.12,0.18,-0.24,0.40
1773119184.55400,10.00852,76.36422,6.6,0.15,0.1609,0.2529,0.9596,-0.12,0.30,-0.18,0.28
1773119184.65500,10.00852,76.36422,6.6,0.05,0.1577,0.2471,0.9608,-0.30,0.18,-0.24,0.38
1773119185.75400,10.00852,76.36422,6.6,0.08,0.1586,0.2500,0.9608,-0.18,0.24,-0.30,0.35
1773119185.85500,10.00852,76.36422,6.6,0.13,0.1576,0.2483,0.9628,-0.30,0.30,-0.12,0.35
1773119185.95400,10.00852,76.36422,6.7,0.02,0.1633,0.2672,0.9578,-0.30,0.55,-0.12,0.37
1773119185.04800,10.00852,76.36422,6.7,0.02,0.1583,0.2529,0.9611,-1.28,0.67,-0.12,0.35
1773119185.15500,10.00852,76.36422,6.7,0.13,0.1606,0.2474,0.9647,-1.40,0.67,0.18,0.37
1773119185.25400,10.00852,76.36422,6.7,0.04,0.1530,0.2509,0.9634,-2.62,0.85,0.18,0.32
1773119185.35500,10.00852,76.36422,6.7,0.15,0.1449,0.2192,0.9729,-0.98,0.67,0.18,0.37
1773119185.45400,10.00852,76.36422,6.8,0.26,0.1276,0.1543,0.9967,2.01,-0.37,-0.12,0.40
1773119185.55400,10.00852,76.36422,6.8,0.37,0.1415,0.1774,0.9841,7.32,-1.16,-0.37,0.35
1773119185.65500,10.00852,76.36422,6.7,0.59,0.1683,0.2460,0.9547,8.54,-1.52,-1.10,0.49
1773119186.75500,10.00852,76.36422,6.7,0.81,0.1937,0.3314,0.9340,7.20,-0.67,-1.16,0.40
1773119186.86200,10.00852,76.36422,6.8,0.83,0.1869,0.4116,0.9111,-0.18,0.12,-0.61,0.37
1773119186.95500,10.00852,76.36422,6.8,0.64,0.1635,0.2412,0.9590,-5.55,0.91,-0.12,0.32
1773119186.04800,10.00852,76.36422,6.8,0.64,0.1487,0.1742,0.9817,-1.22,0.18,-0.49,0.32
1773119186.15500,10.00852,76.36422,6.8,0.07,0.1520,0.2833,0.9656,2.80,-1.10,-1.04,0.38
1773119186.25500,10.00852,76.36422,6.8,0.48,0.1737,0.3196,0.9340,0.37,0.49,-0.12,0.38
1773119186.35500,10.00852,76.36422,6.8,0.37,0.1606,0.2693,0.9515,-1.28,1.16,-0.43,0.45
1773119186.45600,10.00852,76.36422,6.9,0.09,0.1570,0.2449,0.9625,0.49,-0.18,-0.18,0.35
1773119186.55500,10.00852,76.36422,6.9,0.40,0.1667,0.2864,0.9501,1.04,-0.06,-0.30,0.38
1773119186.64900,10.00852,76.36422,6.9,0.40,0.1653,0.2933,0.9502,0.24,0.12,-0.24,0.35
1773119187.75600,10.00852,76.36422,6.9,0.27,0.1638,0.2686,0.9539,-0.24,0.24,-0.18,0.37
1773119187.85600,10.00852,76.36422,6.9,0.49,0.1638,0.2662,0.9580,-0.24,0.30,-0.30,0.29
1773119187.95500,10.00852,76.36422,6.9,0.18,0.1665,0.2894,0.9529,0.12,0.30,-0.24,0.28
1773119187.04900,10.00852,76.36422,6.9,0.18,0.1625,0.2755,0.9523,-0.06,0.37,-0.30,0.34
1773119187.15500,10.00852,76.36422,6.9,0.21,0.1674,0.2699,0.9518,0.18,0.24,-0.18,0.44
1773119187.25500,10.00852,76.36422,6.9,0.35,0.1641,0.2841,0.9536,0.18,0.37,-0.24,0.33
1773119187.35600,10.00852,76.36422,6.9,0.14,0.1621,0.2806,0.9530,-0.06,0.30,-0.30,0.43
1773119187.44900,10.00852,76.36422,6.9,0.14,0.1646,0.2747,0.9523,-0.12,0.18,-0.18,0.45
1773119187.55500,10.00852,76.36422,6.9,0.10,0.1648,0.2778,0.9548,0.00,0.37,-0.30,0.30
1773119187.65600,10.00852,76.36422,6.9,0.11,0.1646,0.2803,0.9535,0.06,0.24,-0.30,0.36
1773119188.75600,10.00852,76.36422,6.9,0.09,0.1638,0.2778,0.9528,0.06,0.30,-0.30,0.39
1773119188.85500,10.00852,76.36422,7.0,0.08,0.1633,0.2808,0.9525,0.00,0.24,-0.37,0.33
1773119188.95500,10.00852,76.36422,7.0,0.24,0.1643,0.2814,0.9531,0.00,0.24,-0.18,0.40
1773119188.04800,10.00852,76.36422,7.0,0.24,0.1633,0.2793,0.9518,-0.06,0.24,-0.18,0.39
1773119188.15500,10.00852,76.36422,7.0,0.13,0.1641,0.2781,0.9517,-0.18,0.37,-0.18,0.33
1773119188.25600,10.00852,76.36422,7.0,0.13,0.1646,0.2778,0.9526,0.06,0.30,-0.18,0.35
1773119188.35500,10.00852,76.36422,7.0,0.04,0.1630,0.2777,0.9528,-0.12,0.18,-0.18,0.43
1773119188.45500,10.00852,76.36422,7.0,0.08,0.1632,0.2820,0.9513,0.00,0.24,-0.37,0.37
1773119188.55500,10.00852,76.36422,7.1,0.12,0.1628,0.2819,0.9529,-0.12,0.30,-0.18,0.38
1773119188.65600,10.00852,76.36422,7.1,0.12,0.1622,0.2794,0.9513,0.00,0.24,-0.24,0.43
1773119189.75500,10.00852,76.36422,7.1,0.03,0.1630,0.2803,0.9525,0.00,0.24,-0.24,0.42
1773119189.85500,10.00852,76.36422,7.1,0.15,0.1626,0.2782,0.9524,-0.12,0.37,-0.30,0.34
1773119189.94900,10.00852,76.36422,7.1,0.15,0.1638,0.2782,0.9509,0.06,0.30,-0.18,0.36
1773119189.05600,10.00852,76.36422,7.2,0.17,0.1641,0.2797,0.9520,0.00,0.24,-0.18,0.48
1773119189.15600,10.00852,76.36422,7.2,0.05,0.1632,0.2803,0.9523,0.00,0.37,-0.30,0.45
1773119189.26200,10.00852,76.36422,7.2,0.06,0.1625,0.2817,0.9518,0.00,0.30,-0.24,0.45
1773119189.35600,10.00852,76.36422,7.2,0.02,0.1643,0.2806,0.9528,-0.06,0.37,-0.30,0.40
1773119189.44900,10.00852,76.36422,7.2,0.02,0.1630,0.2781,0.9521,0.00,0.30,-0.24,0.55
1773119189.56200,10.00852,76.36422,7.2,0.03,0.1642,0.2800,0.9524,-0.06,0.37,-0.30,0.35
1773119189.65600,10.00852,76.36422,7.2,0.02,0.1641,0.2808,0.9539,-0.06,0.30,-0.24,0.41
1773119190.75500,10.00852,76.36422,7.3,0.08,0.1632,0.2791,0.9526,0.06,0.30,-0.24,0.31
1773119190.85600,10.00852,76.36422,7.3,0.04,0.1632,0.2795,0.9535,-0.06,0.24,-0.18,0.37
1773119190.95600,10.00852,76.36422,7.3,0.04,0.1626,0.2793,0.9536,-0.06,0.24,-0.24,0.39
1773119190.04800,10.00852,76.36422,7.3,0.04,0.1627,0.2782,0.9532,-0.18,0.18,-0.24,0.42
1773119190.15500,10.00852,76.36422,7.3,0.01,0.1636,0.2789,0.9537,0.06,0.30,-0.24,0.46
1773119190.25500,10.00852,76.36422,7.3,0.18,0.1638,0.2795,0.9532,0.12,0.18,-0.18,0.42
1773119190.35500,10.00852,76.36422,7.3,0.12,0.1628,0.2797,0.9520,-0.06,0.37,-0.30,0.33
1773119190.45500,10.00852,76.36422,7.3,0.04,0.1632,0.2813,0.9510,0.00,0.30,-0.18,0.39
1773119190.55500,10.00852,76.36421,7.4,0.22,0.1646,0.2806,0.9525,-0.06,0.24,-0.18,0.35
1773119190.65600,10.00852,76.36421,7.4,0.06,0.1649,0.2798,0.9529,-0.18,0.24,-0.24,0.38
1773119191.75500,10.00852,76.36421,7.4,0.09,0.1622,0.2795,0.9529,-0.12,0.24,-0.24,0.38
1773119191.85600,10.00852,76.36421,7.4,0.18,0.1642,0.2803,0.9518,-0.12,0.30,-0.18,0.41
1773119191.95600,10.00852,76.36421,7.4,0.10,0.1650,0.2793,0.9500,0.06,0.24,-0.24,0.37
1773119191.04900,10.00852,76.36421,7.4,0.10,0.1636,0.2805,0.9525,-0.12,0.24,-0.30,0.33
1773119191.15500,10.00852,76.36421,7.4,0.06,0.1637,0.2817,0.9520,-0.18,0.24,-0.18,0.40
1773119191.25500,10.00852,76.36421,7.4,0.11,0.1633,0.2794,0.9521,-0.06,0.30,-0.24,0.29
1773119191.35500,10.00852,76.36421,7.4,0.11,0.1636,0.2787,0.9509,-0.06,0.24,-0.18,0.29
1773119191.45600,10.00852,76.36421,7.4,0.09,0.1648,0.2793,0.9529,0.00,0.30,-0.24,0.29
1773119191.55600,10.00852,76.36421,7.4,0.08,0.1621,0.2808,0.9530,0.00,0.30,-0.24,0.43
1773119191.65600,10.00852,76.36421,7.4,0.09,0.1646,0.2802,0.9532,-0.12,0.37,-0.18,0.45
1773119192.75500,10.00852,76.36421,7.4,0.09,0.1627,0.2809,0.9515,-0.18,0.24,-0.30,0.38
1773119192.85500,10.00852,76.36421,7.4,0.05,0.1627,0.2795,0.9512,-0.06,0.30,-0.12,0.28
1773119192.95600,10.00852,76.36421,7.4,0.10,0.1628,0.2799,0.9504,-0.12,0.37,-0.24,0.28
1773119192.04900,10.00852,76.36421,7.4,0.10,0.1617,0.2804,0.9513,-0.12,0.24,-0.24,0.37
1773119192.15500,10.00852,76.36421,7.5,0.20,0.1632,0.2792,0.9534,-0.12,0.24,-0.24,0.32
1773119192.25500,10.00852,76.36421,7.5,0.10,0.1619,0.2806,0.9529,-0.06,0.30,-0.30,0.43
1773119192.35600,10.00852,76.36421,7.5,0.12,0.1628,0.2806,0.9514,-0.06,0.18,-0.24,0.35
1773119192.45500,10.00852,76.36421,7.5,0.11,0.1650,0.2810,0.9526,-0.06,0.24,-0.18,0.38
1773119192.56300,10.00852,76.36421,7.5,0.25,0.1625,0.2800,0.9512,-0.12,0.18,-0.24,0.33
1773119192.65600,10.00852,76.36421,7.5,0.04,0.1624,0.2799,0.9524,-0.18,0.30,-0.18,0.39
1773119193.75500,10.00852,76.36421,7.5,0.02,0.1635,0.2810,0.9535,0.00,0.30,-0.24,0.33
1773119193.85600,10.00852,76.36421,7.5,0.03,0.1620,0.2816,0.9526,-0.06,0.24,-0.24,0.43
1773119193.95500,10.00852,76.36421,7.5,0.13,0.1643,0.2800,0.9517,-0.06,0.24,-0.24,0.45
1773119193.04800,10.00852,76.36421,7.5,0.13,0.1639,0.2814,0.9537,-0.06,0.24,-0.24,0.35
1773119193.15500,10.00852,76.36421,7.5,0.15,0.1643,0.2798,0.9515,-0.12,0.24,-0.24,0.44
1773119193.24900,10.00852,76.36421,7.5,0.15,0.1627,0.2793,0.9524,-0.06,0.18,-0.24,0.33
1773119193.35500,10.00852,76.36421,7.5,0.56,0.1647,0.2815,0.9496,-0.12,0.30,-0.24,0.45
1773119193.44900,10.00852,76.36421,7.5,0.56,0.1632,0.2795,0.9520,-0.06,0.24,-0.24,0.43
1773119193.55500,10.00852,76.36421,7.5,0.19,0.1697,0.2682,0.9600,-1.22,0.00,-0.24,0.34
1773119193.64900,10.00852,76.36421,7.5,0.19,0.1621,0.2837,0.9506,0.43,0.55,-0.30,0.35
1773119194.75600,10.00852,76.36421,7.5,0.36,0.1665,0.2826,0.9489,-0.12,0.24,-0.24,0.43
1773119194.85000,10.00852,76.36421,7.5,0.36,0.1632,0.2668,0.9506,-1.89,-0.24,-0.30,0.39
1773119194.95600,10.00852,76.36421,7.5,0.44,0.1635,0.2865,0.9479,2.26,0.30,-0.24,0.41
1773119194.05000,10.00852,76.36421,7.5,0.44,0.1710,0.2686,0.9451,-0.73,-0.06,-0.43,0.44
1773119194.15700,10.00852,76.36421,7.5,0.09,0.1628,0.2793,0.9517,-2.68,0.98,0.00,0.43
1773119194.25000,10.00852,76.36421,7.5,0.09,0.1626,0.2830,0.9508,2.93,1.34,0.30,0.45
1773119194.35700,10.00852,76.36421,7.5,0.42,0.1633,0.2783,0.9518,3.90,1.52,-0.18,0.32
1773119194.45700,10.00852,76.36421,7.5,0.43,0.1602,0.3009,0.9463,-0.06,0.61,-0.18,0.38
1773119194.55600,10.00852,76.36421,7.5,1.30,0.1592,0.2972,0.9534,1.16,1.10,-0.55,0.41
