gps_time,lat,lon,alt,speed,acc_x,acc_y,acc_z,gyro_x,gyro_y,gyro_z,vbat
1773118612.69000,10.00238,76.3793,0.0,7.97,0.1398,0.1012,1.0044,5.91,0.85,8.60,1.28
1773118612.70600,10.00238,76.3793,0.0,7.97,0.2782,0.0938,1.0254,5.06,-0.18,8.48,0.29
1773118612.81200,10.00208,76.37925,44.8,14.52,-0.0105,0.0807,1.1619,6.77,1.59,9.39,0.27
1773118612.91300,10.00208,76.37925,44.8,14.91,0.1040,0.0566,0.9504,7.13,-8.72,13.17,0.37
1773118612.01300,10.00208,76.37925,44.8,15.31,0.2458,0.0457,0.9736,8.29,-1.59,16.46,0.25
1773118612.11300,10.00207,76.37926,44.7,14.01,-0.0343,0.0897,0.8845,4.82,5.24,17.13,0.28
1773118612.21200,10.00207,76.37926,44.6,14.52,-0.1626,-0.0034,1.0179,0.91,13.48,19.39,0.29
1773118612.31300,10.00207,76.37926,44.5,14.18,0.0713,-0.0099,1.0951,-1.95,10.43,20.00,0.24
1773118612.41300,10.00207,76.37926,44.4,12.95,0.1672,0.0289,1.0461,-2.93,10.98,20.67,0.26
1773118612.51300,10.00206,76.37926,44.3,15.37,0.0110,0.0859,0.9515,1.16,10.67,21.10,0.30
1773118612.61300,10.00206,76.37926,44.3,14.80,-0.0468,0.1227,1.0573,1.71,14.02,19.94,0.36
1773118613.71300,10.00206,76.37927,44.2,14.88,0.1002,0.0713,1.0813,1.77,8.35,19.63,0.30
1773118613.81300,10.00206,76.37927,44.1,14.79,0.1617,0.0486,1.0470,0.55,0.12,19.94,0.38
1773118613.91400,10.00206,76.37928,44.1,14.18,0.0638,0.0864,1.0208,0.85,6.65,19.45,0.28
1773118613.01400,10.00205,76.37928,44.1,14.73,0.4724,-0.0109,1.0869,-3.17,0.67,18.78,0.39
1773118613.11400,10.00205,76.37928,44.1,14.90,0.2563,0.1735,1.1082,2.93,-1.95,18.60,0.35
1773118613.21500,10.00205,76.37929,44.1,15.13,0.1257,-0.0015,0.8981,-2.99,0.00,19.51,0.27
1773118613.31400,10.00205,76.37929,44.0,13.64,-0.0103,0.0532,1.2217,-1.22,14.45,19.63,0.40
1773118613.41400,10.00205,76.3793,43.8,14.39,-0.0005,0.1068,1.1403,-2.62,15.79,16.77,0.42
1773118613.51500,10.00204,76.3793,43.8,15.60,0.0236,0.0137,1.1428,-8.66,9.21,17.01,0.37
1773118613.61500,10.00204,76.3793,43.8,14.08,-0.1112,0.0941,0.9415,-4.70,0.85,14.63,0.36
1773118614.71500,10.00204,76.3793,43.7,15.64,-0.1665,0.0662,0.8035,-0.98,0.55,13.11,0.30
1773118614.81500,10.00204,76.3793,43.8,14.50,0.2290,0.0438,1.1761,-4.02,-1.95,11.34,0.33
1773118614.91400,10.00204,76.37931,43.7,15.55,0.2949,0.0199,0.8771,0.18,-9.02,8.11,0.35
1773118614.01400,10.00204,76.37931,43.8,14.45,0.1541,0.0902,0.8453,5.43,1.34,5.30,0.34
1773118614.11500,10.00203,76.37932,43.8,15.66,0.1010,-0.0195,1.0479,-1.22,0.55,4.21,0.39
1773118614.21500,10.00203,76.37932,43.8,16.87,-0.0859,0.1071,0.7273,6.59,6.16,5.24,0.45
1773118614.31400,10.00203,76.37933,43.9,14.54,-0.0535,-0.0524,1.2561,-4.70,8.54,9.51,0.36
1773118614.41400,10.00203,76.37933,43.8,15.22,0.0112,0.0436,0.9465,0.98,0.73,12.01,0.31
1773118614.51500,10.00203,76.37933,43.9,15.94,0.1315,-0.0720,0.9792,-1.83,0.24,13.72,0.39
1773118614.61400,10.00203,76.37933,43.9,16.92,0.4279,0.1038,1.1002,1.10,-0.37,12.20,0.35
1773118615.71400,10.00203,76.37934,44.0,15.19,0.3414,0.0580,1.2552,-1.04,7.44,11.95,0.46
1773118615.81400,10.00203,76.37934,44.0,16.34,0.3575,0.0063,0.8849,0.00,-6.40,9.51,0.30
1773118615.91500,10.00202,76.37935,44.1,18.60,0.1405,0.0366,0.9990,-0.61,4.27,9.27,0.40
1773118615.01400,10.00202,76.37935,44.2,15.69,-0.0449,0.1127,1.3031,-0.24,-3.60,10.79,0.42
1773118615.11500,10.00202,76.37936,44.1,16.60,0.1642,0.0629,1.2023,1.65,0.67,10.55,0.37
1773118615.21600,10.00202,76.37936,44.0,16.41,0.2443,0.0608,0.7295,1.40,-3.78,7.87,0.44
1773118615.31600,10.00202,76.37936,44.2,15.83,-0.0183,0.0137,0.6396,-1.59,-2.93,6.83,0.30
1773118615.41600,10.00202,76.37936,44.3,15.58,-0.0549,0.0171,1.0800,-1.65,-2.93,7.62,0.25
1773118615.51700,10.00202,76.37937,44.3,15.08,0.4207,0.1034,1.0541,5.85,-1.83,5.98,0.31
1773118615.61600,10.00202,76.37937,44.2,14.68,-0.1193,0.0261,0.7332,1.46,8.05,4.88,0.45
1773118616.71600,10.00202,76.37938,44.2,14.37,-0.5674,0.0959,0.8730,5.55,7.32,6.95,0.45
1773118616.81500,10.00202,76.37938,44.3,15.81,-0.4801,-0.1426,1.1708,-2.26,2.26,8.41,0.38
1773118616.91500,10.00201,76.37939,44.6,17.15,0.0677,0.1195,1.0090,12.07,1.46,7.74,0.37
1773118616.01500,10.00201,76.37939,44.5,16.52,-0.0917,0.0208,0.7452,9.39,8.66,8.96,0.32
1773118616.11500,10.00201,76.37939,44.4,15.99,-0.1837,0.1329,0.9858,9.39,10.67,11.10,0.30
1773118616.21600,10.00201,76.37939,44.3,14.92,0.4012,0.1270,0.8734,12.13,4.57,12.62,0.33
1773118616.31600,10.00201,76.3794,44.3,13.87,0.5581,0.0326,0.8290,7.01,6.16,11.83,0.37
1773118616.41500,10.00201,76.3794,44.3,13.16,0.4580,0.1178,0.9932,8.11,8.23,13.66,0.35
1773118616.51600,10.00201,76.3794,44.3,12.02,-0.1854,0.0531,1.0708,7.20,7.07,17.13,0.28
1773118616.61600,10.00201,76.37939,44.2,7.58,-0.1185,-0.0073,1.1770,7.44,5.91,20.24,0.38
1773118617.71500,10.00201,76.37939,44.0,4.99,-0.2770,0.1135,0.8479,11.46,7.13,22.38,0.41
1773118617.81500,10.00201,76.37939,44.0,5.23,0.0704,0.0222,0.9417,6.22,1.83,25.79,0.39
1773118617.91500,10.002,76.37939,44.0,4.77,-0.0573,0.0198,0.8553,0.98,3.84,28.11,0.41
1773118617.01500,10.002,76.37939,44.2,4.07,0.1501,0.1497,0.9135,1.59,9.94,28.11,0.33
1773118617.11500,10.002,76.37939,44.4,4.04,-0.0841,-0.0110,0.9381,-6.22,9.57,28.41,0.29
1773118617.21500,10.002,76.37939,44.3,2.10,-0.2631,-0.0449,0.8358,-11.89,8.60,28.41,0.39
1773118617.31500,10.00201,76.37939,44.2,1.61,0.0573,0.0814,1.1338,-10.55,7.26,25.91,0.35
1773118617.41500,10.00201,76.3794,44.1,3.77,0.1262,0.1776,0.6527,-5.18,2.50,24.15,0.35
1773118617.51600,10.00201,76.37941,44.1,7.75,0.3064,0.1011,1.1187,-9.94,7.44,21.46,0.37
1773118617.61600,10.00201,76.37941,44.0,9.55,0.0970,0.1345,0.9159,-12.32,-1.59,18.35,0.41
1773118618.71600,10.00201,76.37942,43.9,13.61,-0.0358,0.0454,0.7172,-17.44,6.10,15.85,0.28
1773118618.81600,10.00201,76.37943,43.7,15.00,0.3724,-0.0414,1.3132,-23.90,5.00,10.85,0.38
1773118618.91500,10.00201,76.37943,43.4,13.45,0.2339,0.0638,0.9788,-15.73,7.50,5.18,0.40
1773118618.01600,10.00201,76.37943,43.2,12.97,0.3345,-0.0156,0.7983,-15.30,2.44,-0.24,0.37
1773118618.11700,10.00201,76.37943,43.2,12.67,0.1864,0.0735,1.1742,-10.73,-0.18,-5.49,0.31
1773118618.21800,10.00201,76.37944,43.0,13.24,0.1785,0.0027,1.2725,-11.28,1.95,-7.56,0.39
1773118618.31800,10.00202,76.37944,43.0,13.95,0.0238,0.1215,0.7986,-5.06,-8.54,-8.23,0.47
1773118618.42500,10.00202,76.37945,43.2,14.02,0.4303,-0.1138,1.0215,-16.34,-11.04,-9.27,0.35
1773118618.51900,10.00202,76.37945,43.1,15.17,0.0928,-0.0247,0.8506,-15.24,-11.77,-10.67,0.37
1773118618.61900,10.00202,76.37946,43.2,15.33,0.0233,-0.0072,0.9369,-15.37,3.29,-12.74,0.32
1773118619.71800,10.00202,76.37946,43.4,16.57,0.4769,-0.0819,1.1517,-17.32,1.28,-14.70,0.39
1773118619.81800,10.00202,76.37946,43.3,16.70,0.3756,0.0670,0.9902,-12.32,-1.95,-17.62,0.28
1773118619.91800,10.00203,76.37946,43.4,17.81,0.2253,0.0233,0.8002,-12.38,-1.83,-20.61,0.43
1773118619.01800,10.00203,76.37946,43.6,16.38,0.2095,0.0570,0.8865,-9.76,7.62,-22.93,0.32
1773118619.11800,10.00203,76.37947,43.6,18.40,0.0647,-0.0839,0.8014,-14.02,9.27,-26.89,0.34
1773118619.21900,10.00203,76.37948,43.6,16.50,0.3007,-0.1144,0.6779,-16.04,3.29,-29.88,0.29
1773118619.31900,10.00203,76.37948,43.6,14.78,0.2856,0.0546,1.0065,-6.28,5.73,-33.66,0.25
1773118619.41800,10.00203,76.37948,43.6,13.38,0.2798,0.1348,1.1791,-5.73,3.72,-32.38,0.33
1773118619.51900,10.00203,76.37948,43.6,10.61,0.3748,-0.1156,1.0769,-11.83,5.85,-33.54,0.40
1773118619.61800,10.00203,76.37948,43.6,6.88,0.4064,-0.1672,0.8634,-14.94,-2.93,-31.77,0.30
1773118620.71900,10.00203,76.37948,43.6,4.20,0.1545,0.0824,1.0103,1.10,4.70,-34.21,0.38
1773118620.81900,10.00202,76.37948,43.5,4.73,0.3956,-0.0447,1.1486,-7.01,7.38,-32.56,0.33
1773118620.91900,10.00202,76.37948,43.3,5.60,-0.0358,0.0442,0.7139,-2.74,7.87,-33.23,0.27
1773118620.01800,10.00202,76.37948,43.3,6.06,0.0529,-0.0438,0.9399,-9.63,14.02,-32.38,0.41
1773118620.11800,10.00202,76.37948,43.3,4.37,0.6641,0.0033,1.2034,-9.09,4.82,-29.63,0.32
1773118620.21900,10.00202,76.37948,43.4,4.62,0.2570,-0.1218,0.9656,-13.90,4.02,-28.96,0.31
1773118620.31800,10.00201,76.37947,43.3,7.01,0.2909,-0.0559,1.1554,-10.85,1.89,-30.49,0.32
1773118620.41800,10.002,76.37946,43.2,12.31,0.1305,-0.0121,1.0947,-12.87,6.52,-33.54,0.27
1773118620.51900,10.002,76.37946,43.5,15.50,0.2714,-0.0640,0.9167,-13.41,6.04,-32.07,0.33
1773118620.61900,10.00199,76.37946,44.3,15.20,0.1084,0.1294,0.9720,-1.52,2.87,-32.13,0.38
1773118621.71200,10.00199,76.37946,44.3,15.20,-0.3826,0.2953,0.6567,1.83,7.93,-37.01,0.35
1773118621.81900,10.00198,76.37945,44.8,19.44,-0.2781,0.1678,0.7358,-7.44,5.61,-38.78,0.38
1773118621.91800,10.00198,76.37945,45.0,20.61,0.3282,0.1190,1.0726,-7.50,5.18,-36.71,0.34
1773118621.01800,10.00197,76.37944,45.9,23.21,0.4492,-0.0038,1.1077,-12.32,-1.16,-34.21,0.39
1773118621.11800,10.00196,76.37943,46.6,25.20,0.6141,-0.2697,1.0577,-21.71,3.90,-35.12,0.37
1773118621.21900,10.00195,76.37943,46.9,27.32,0.5645,0.0043,0.9608,0.91,12.74,-37.20,0.40
1773118621.31900,10.00195,76.37942,47.4,27.07,0.1383,-0.0314,1.0359,-7.32,18.11,-38.05,0.33
1773118621.41900,10.00194,76.37942,47.8,27.73,0.1315,-0.0088,1.1431,-1.52,12.56,-35.67,0.36
1773118621.51900,10.00193,76.3794,48.4,31.32,-0.3572,0.0242,1.0460,-0.79,18.54,-36.77,0.45
1773118621.61200,10.00193,76.3794,48.4,31.32,-0.0288,0.0706,1.2294,0.61,11.89,-35.43,0.39
1773118622.71900,10.00192,76.37939,49.3,33.15,0.3331,0.0638,1.3037,-2.56,-0.67,-32.99,0.40
1773118622.81900,10.0019,76.37938,49.9,34.71,-0.0795,0.0199,1.0404,5.37,5.85,-32.44,0.43
1773118622.91900,10.0019,76.37937,50.1,37.47,-0.3176,0.0280,0.8179,-0.67,14.45,-33.66,0.40
1773118622.01900,10.00189,76.37937,50.4,34.08,-0.1385,0.0660,1.3091,4.76,15.98,-30.30,0.38
1773118622.11900,10.00188,76.37936,51.0,36.81,0.5974,0.0438,0.8629,5.61,0.18,-26.22,0.51
1773118622.21800,10.00187,76.37934,52.0,41.65,0.0365,-0.1056,0.8024,-4.02,1.77,-25.00,0.38
1773118622.31900,10.00186,76.37933,52.4,39.88,-0.2323,0.2574,1.1183,9.02,3.41,-24.39,0.40
1773118622.41800,10.00185,76.37933,52.5,37.54,0.2378,-0.0621,0.8572,-1.52,8.84,-22.26,0.43
1773118622.51900,10.00185,76.37933,52.7,35.41,1.1198,-0.0496,1.0187,5.12,5.30,-20.30,0.43
1773118622.61900,10.00184,76.37933,52.7,34.25,0.6603,0.0718,1.4305,9.45,5.98,-21.10,0.30
1773118623.71900,10.00184,76.37933,52.7,31.34,0.7250,0.1759,1.2469,9.39,9.33,-21.65,0.30
1773118623.81900,10.00184,76.37933,52.5,30.15,0.4045,-0.0713,1.2828,-1.89,-3.35,-18.23,0.50
1773118623.91800,10.00183,76.37933,52.6,29.55,0.1581,-0.0416,1.0465,-1.28,-13.23,-15.91,0.37
1773118623.01900,10.00183,76.37933,52.1,27.21,-0.1495,0.0063,0.7609,7.68,-12.07,-15.49,0.27
1773118623.11900,10.00183,76.37933,51.8,25.73,-0.6683,0.0520,1.0974,1.52,-1.95,-15.00,0.33
1773118623.21800,10.00183,76.37934,51.2,21.60,-0.0234,0.0513,0.8857,6.59,7.80,-12.50,0.38
1773118623.31800,10.00183,76.37934,50.9,21.15,0.1273,0.0510,0.9487,8.17,-0.30,-10.85,0.44
1773118623.41800,10.00183,76.37934,50.6,19.77,0.2729,-0.0303,1.0706,2.74,-5.85,-8.23,0.35
1773118623.51900,10.00183,76.37934,50.7,21.06,-0.1593,0.1002,0.8776,4.33,-1.83,-6.40,0.36
1773118623.61800,10.00182,76.37934,50.5,19.20,-0.9120,-0.0737,0.4677,2.38,28.29,-4.82,0.30
1773118624.71800,10.00182,76.37934,50.3,17.72,1.4198,-0.0319,1.8956,-0.43,-16.22,-0.30,0.32
1773118624.81900,10.00182,76.37934,50.4,16.73,0.0530,0.0645,0.8295,-1.83,3.11,-3.90,0.25
1773118624.91900,10.00182,76.37934,50.2,17.21,1.2085,-0.1577,0.7261,-7.74,-29.45,-2.74,0.36
1773118624.01800,10.00181,76.37934,50.2,16.09,-0.7164,0.5059,0.9862,18.54,18.41,-6.46,0.34
1773118624.11900,10.00181,76.37934,50.2,15.63,-0.0970,-0.0454,0.9760,3.48,2.44,-3.72,0.37
1773118624.21900,10.00181,76.37935,50.1,13.74,0.1007,0.0209,1.1628,3.35,0.55,-4.33,0.35
1773118624.31800,10.00181,76.37935,50.1,14.58,0.1694,0.0253,1.0386,5.06,-10.37,-2.74,0.34
1773118624.41800,10.0018,76.37935,50.1,13.11,0.3318,0.0278,0.8806,1.16,-7.56,-1.95,0.39
1773118624.51900,10.0018,76.37935,50.0,14.18,-0.1713,-0.0713,0.9548,-0.43,0.85,-0.73,0.35
1773118624.62600,10.0018,76.37935,49.9,13.54,0.0453,0.0369,0.8086,3.17,-0.73,0.85,0.37
1773118625.71800,10.00179,76.37935,49.9,14.05,-0.0399,0.0938,0.9541,2.93,5.12,1.40,0.34
1773118625.81800,10.00179,76.37935,49.8,14.76,-0.1494,0.1151,0.9808,4.21,6.16,0.67,0.37
1773118625.91800,10.00179,76.37934,49.8,15.64,-0.1128,0.0448,0.9369,0.00,6.28,1.10,0.38
1773118625.01900,10.00178,76.37934,49.9,16.56,0.0668,0.0316,1.0872,-1.77,-1.04,3.60,0.33
1773118625.11800,10.00178,76.37934,49.8,15.97,-0.0048,0.0167,0.9146,-3.84,-1.83,3.54,0.41
1773118625.21900,10.00178,76.37934,49.7,16.39,0.2622,0.0009,1.1311,-1.40,1.89,2.87,0.37
1773118625.31800,10.00177,76.37934,49.8,18.69,-0.0161,-0.0085,1.0814,0.24,-3.48,1.46,0.40
1773118625.41900,10.00177,76.37933,50.0,21.36,0.0593,0.1047,0.9797,-1.77,3.90,-0.91,0.45
1773118625.52000,10.00176,76.37933,50.0,20.24,0.2338,-0.0703,0.7886,-1.40,2.26,-2.32,0.32
1773118625.61800,10.00176,76.37933,49.8,18.72,0.1635,0.1089,0.9207,2.07,4.51,-2.87,0.33
1773118626.71900,10.00176,76.37933,49.8,18.40,-0.1221,0.1813,0.8889,10.91,-0.61,-1.71,0.36
1773118626.81900,10.00175,76.37933,49.9,19.84,0.1628,0.1411,1.0131,-0.30,0.61,-1.40,0.40
1773118626.91900,10.00175,76.37933,49.9,20.18,-0.0665,0.0248,0.9187,2.32,-6.04,-0.49,0.30
1773118626.01800,10.00174,76.37933,49.8,21.14,0.0599,-0.0121,0.9421,2.07,-1.89,0.37,0.27
1773118626.11800,10.00174,76.37933,49.8,22.11,0.0101,0.1313,0.7710,10.18,1.59,1.52,0.38
1773118626.21900,10.00173,76.37933,49.7,20.87,-0.0330,0.1616,1.1124,-4.45,3.23,1.65,0.39
1773118626.31800,10.00173,76.37933,49.7,23.15,-0.0404,0.1508,1.0947,9.82,-0.37,2.32,0.30
1773118626.41900,10.00173,76.37932,49.7,22.79,-0.0500,0.0176,1.1588,0.00,-1.83,3.78,0.39
1773118626.51900,10.00172,76.37932,49.7,23.52,0.3363,0.1213,0.8641,2.80,-3.84,4.27,0.38
1773118626.61800,10.00171,76.37932,49.7,22.16,0.1296,-0.0568,1.0199,-3.60,-3.78,4.63,0.27
1773118627.71800,10.00171,76.37932,49.7,24.03,-0.0137,-0.0219,1.1051,-7.74,-1.46,5.18,0.33
1773118627.81800,10.0017,76.37932,49.7,23.43,-0.0039,-0.0093,1.0950,-7.20,-1.04,4.76,0.33
1773118627.91800,10.0017,76.37931,49.7,23.73,-0.0588,-0.0568,0.8579,-8.23,-0.43,2.62,0.40
1773118627.01800,10.0017,76.37932,49.3,19.59,0.2227,0.0092,0.7781,-3.11,1.83,0.73,0.32
1773118627.11800,10.00169,76.37932,49.3,20.97,-0.0707,0.1259,0.7833,6.28,8.05,-0.30,0.35
1773118627.21800,10.00169,76.37932,49.2,21.20,-0.1753,-0.0057,1.1160,-2.20,2.50,-0.85,0.34
1773118627.31800,10.00168,76.37931,49.2,22.05,0.4664,-0.1685,1.1716,-6.89,-5.67,-0.61,0.24
1773118627.41900,10.00168,76.37931,49.2,21.29,0.2885,0.0479,1.1512,-0.24,3.60,-0.73,0.37
1773118627.52000,10.00167,76.37931,49.0,21.68,0.0430,0.1500,1.2960,0.98,-1.04,0.79,0.36
1773118627.61900,10.00166,76.3793,49.3,26.84,-0.1843,-0.1537,0.9697,-10.24,-5.18,0.91,0.41
1773118628.71200,10.00166,76.3793,49.3,26.84,0.0330,0.1012,0.9261,3.90,-3.60,0.24,0.37
1773118628.81900,10.00165,76.3793,49.2,27.70,0.4088,-0.1472,0.8961,-9.76,2.32,-1.40,0.42
1773118628.91800,10.00165,76.3793,49.2,25.66,-0.1334,0.1814,0.9095,6.10,3.23,-0.43,0.37
1773118628.01900,10.00164,76.3793,49.2,26.74,0.3875,-0.0897,0.9076,-6.28,-3.96,-0.30,0.38
1773118628.11900,10.00163,76.3793,49.2,26.14,0.2737,0.1587,1.3956,6.77,0.79,-0.24,0.33
1773118628.21800,10.00163,76.3793,49.1,25.73,0.2314,-0.0621,0.9601,-5.43,-0.24,-0.67,0.44
1773118628.31800,10.00162,76.37929,49.2,27.15,0.2263,0.0227,0.8799,1.59,-3.54,-0.24,0.33
1773118628.41800,10.00162,76.37929,49.3,27.40,0.5525,0.0902,1.3877,1.71,-0.43,-0.49,0.44
1773118628.51900,10.00161,76.37929,49.2,26.12,0.3765,-0.0393,1.1071,-4.02,0.91,-0.43,0.33
1773118628.61800,10.00161,76.37928,49.3,27.58,0.2394,0.1227,0.8042,6.65,-4.39,-0.24,0.31
1773118629.71900,10.0016,76.37928,49.3,26.36,0.2390,-0.0188,0.9940,-1.95,-0.49,-0.98,0.34
1773118629.81800,10.00159,76.37928,49.4,27.57,0.1863,0.1376,0.9447,8.54,-0.79,-1.10,0.45
1773118629.91800,10.00159,76.37927,49.4,26.05,0.2756,0.0314,1.0945,-0.37,3.41,-2.01,0.37
1773118629.01800,10.00158,76.37927,49.4,28.82,0.4163,0.0500,1.2468,0.30,-1.95,0.00,0.46
1773118629.11800,10.00158,76.37927,49.4,25.79,0.1349,0.1681,0.7959,10.79,-9.76,-0.18,0.33
1773118629.21900,10.00157,76.37927,49.5,27.51,0.4629,0.0376,1.1672,-0.73,-3.23,0.79,0.37
1773118629.31800,10.00156,76.37926,49.6,27.60,-0.1018,0.2354,1.0975,11.10,4.09,0.43,0.41
1773118629.41800,10.00156,76.37926,49.4,24.85,0.1106,-0.0676,1.1039,-2.93,0.79,1.77,0.38
1773118629.52000,10.00155,76.37926,49.4,26.71,0.2697,0.0979,1.0693,5.79,-0.49,2.32,0.35
1773118629.61900,10.00155,76.37926,49.4,25.92,0.0308,-0.1495,0.7102,-6.95,-0.37,1.34,0.25
1773118630.71900,10.00154,76.37926,49.2,23.57,0.7124,0.0520,0.7659,-0.24,-2.32,1.28,0.34
1773118630.81900,10.00154,76.37926,49.1,27.36,0.4475,-0.1600,0.8992,-13.66,4.21,1.59,0.29
1773118630.91900,10.00153,76.37926,48.9,26.08,0.1505,0.1434,0.6843,2.62,-7.99,2.01,0.33
1773118630.02000,10.00152,76.37926,48.7,27.00,0.7216,0.0497,0.9819,-0.49,-6.10,2.87,0.38
1773118630.12000,10.00152,76.37926,48.6,24.09,0.0619,-0.0350,0.6125,-3.78,0.67,1.95,0.39
1773118630.21900,10.00151,76.37926,48.5,25.27,-0.2450,-0.0897,1.1046,-4.76,4.70,3.66,0.28
1773118630.31900,10.00151,76.37926,48.6,22.09,0.1868,0.1810,1.0311,5.98,7.32,2.74,0.45
1773118630.42000,10.00151,76.37926,48.5,21.63,0.5096,0.0457,1.1078,-1.59,3.54,0.61,0.29
1773118630.52000,10.0015,76.37926,48.5,20.44,0.4022,0.0355,1.2219,-2.87,2.26,0.06,0.34
1773118630.62000,10.0015,76.37925,48.6,24.93,0.1511,-0.0420,1.0717,-6.40,-5.85,1.52,0.45
1773118631.72000,10.00149,76.37925,48.5,25.44,0.7136,-0.0394,0.8813,-0.49,-7.80,0.43,0.30
1773118631.82700,10.00148,76.37925,48.5,23.41,0.3326,0.1431,0.7195,11.95,-3.05,-1.28,0.50
1773118631.92000,10.00148,76.37925,48.5,23.05,0.0081,0.1707,0.8030,9.82,-2.38,-0.79,0.37
1773118631.01900,10.00148,76.37925,48.2,20.61,-0.0695,-0.0006,0.9215,7.20,2.44,2.50,0.32
1773118631.11900,10.00147,76.37925,48.1,22.39,0.4540,0.1263,0.8757,10.12,-5.12,3.72,0.35
1773118631.21900,10.00147,76.37925,48.4,21.17,0.5697,-0.0625,0.9559,-1.28,-9.21,4.70,0.37
1773118631.31900,10.00146,76.37925,48.4,19.63,0.5475,0.0818,1.1035,5.73,0.98,6.46,0.34
1773118631.42000,10.00146,76.37925,48.3,20.68,0.4850,-0.0232,0.9646,5.00,0.18,7.74,0.28
1773118631.52100,10.00145,76.37925,48.1,19.89,0.3602,0.1320,1.0643,7.26,-0.24,7.26,0.32
1773118631.62000,10.00145,76.37925,47.9,20.19,0.3135,0.0400,0.8279,-1.10,11.22,8.41,0.30
1773118632.72100,10.00144,76.37925,47.8,19.14,0.5939,0.0159,0.9468,2.01,7.44,8.35,0.41
1773118632.82100,10.00144,76.37925,47.9,19.26,0.8954,0.1611,1.2931,7.32,4.57,7.01,0.27
1773118632.92100,10.00144,76.37925,47.6,17.28,0.5879,0.1249,0.8595,2.20,0.67,9.33,0.39
1773118632.02000,10.00143,76.37925,47.4,17.67,0.3785,0.0969,0.8311,2.80,0.79,11.83,0.33
1773118632.12000,10.00143,76.37925,47.5,17.06,0.0032,-0.0039,1.1560,-2.32,4.57,13.90,0.44
1773118632.22100,10.00143,76.37925,47.5,14.30,0.4622,0.1123,1.0928,2.68,4.27,14.27,0.30
1773118632.32100,10.00142,76.37925,47.4,16.16,0.3224,0.0135,1.0144,-3.84,1.59,13.29,0.38
1773118632.42100,10.00142,76.37925,47.4,13.65,0.3942,0.0134,1.0510,-6.59,-6.65,12.68,0.39
1773118632.52100,10.00142,76.37926,47.4,12.68,0.0524,-0.0457,0.6777,-7.32,-1.95,11.28,0.48
1773118632.62100,10.00141,76.37926,47.4,15.31,0.2372,0.1381,0.8597,3.78,-3.11,9.09,0.38
1773118633.72200,10.00141,76.37926,47.6,12.46,0.0117,0.0599,0.8369,-0.91,1.46,5.18,0.35
1773118633.82100,10.00141,76.37926,47.6,10.77,0.2438,0.0708,1.3149,2.38,2.74,3.17,0.37
1773118633.92200,10.00141,76.37926,47.6,12.30,-0.3119,0.2190,0.3049,11.52,12.38,2.32,0.24
1773118633.02200,10.0014,76.37926,47.8,11.82,1.2614,0.0520,1.4515,13.11,-2.87,3.60,0.28
1773118633.12100,10.0014,76.37926,47.7,9.99,0.2671,0.2607,0.9144,11.22,4.02,5.18,0.38
1773118633.22100,10.0014,76.37926,47.6,12.50,0.4917,0.0389,1.0265,-2.68,-3.05,6.16,0.35
1773118633.32100,10.0014,76.37926,47.6,12.60,0.6737,0.0155,0.9355,0.98,-10.43,6.28,0.28
1773118633.42100,10.00139,76.37926,47.4,9.70,-0.0215,0.1007,0.6241,7.62,30.18,7.26,0.40
1773118633.52200,10.00139,76.37926,47.4,12.05,-0.0560,0.2183,0.8381,6.34,9.02,5.00,0.42
1773118633.62200,10.00139,76.37926,47.4,10.20,0.2816,0.0719,1.2445,5.12,2.62,5.91,0.38
1773118634.72200,10.00139,76.37926,47.3,11.76,0.4846,0.0938,1.0684,2.68,6.52,6.28,0.37
1773118634.82200,10.00138,76.37927,47.2,10.15,0.5493,0.1570,1.2579,7.50,0.12,6.28,0.29
1773118634.92100,10.00138,76.37927,47.2,12.12,0.3794,0.0009,0.8337,-0.06,-7.93,6.40,0.27
1773118634.02100,10.00138,76.37927,47.2,11.35,0.1565,0.1620,1.1486,7.62,3.90,7.38,0.45
1773118634.12200,10.00138,76.37927,47.2,12.92,0.2638,0.0315,1.2100,-2.07,-7.44,8.54,0.37
1773118634.22300,10.00137,76.37927,47.2,12.84,0.3068,0.0696,1.0088,2.93,-3.78,9.45,0.32
1773118634.32300,10.00137,76.37927,47.3,13.68,0.3966,0.1234,1.0803,3.60,2.50,8.78,0.36
1773118634.42200,10.00137,76.37927,47.3,14.10,0.1072,0.0492,1.0720,-2.20,6.10,8.66,0.30
1773118634.53000,10.00136,76.37927,47.4,15.53,0.2379,0.1697,1.1654,2.07,2.62,7.74,0.33
1773118634.62300,10.00136,76.37927,47.4,14.73,-0.1912,0.0629,1.0505,-5.24,6.95,8.23,0.32
1773118635.72300,10.00136,76.37928,47.2,14.59,-0.1143,-0.0062,1.1143,-7.87,-1.77,7.56,0.40
1773118635.82400,10.00135,76.37928,47.5,16.79,0.1727,0.0828,0.7625,-2.80,0.43,5.67,0.33
1773118635.92300,10.00135,76.37929,47.5,16.81,-0.0100,0.0255,0.9502,-3.05,2.07,2.50,0.31
1773118635.02300,10.00135,76.37929,47.1,15.46,-0.3268,-0.0768,1.0413,-7.62,4.51,0.79,0.39
1773118635.12300,10.00134,76.37929,47.2,16.30,-0.2480,0.0093,1.0615,-3.23,7.13,-1.10,0.38
1773118635.22300,10.00134,76.3793,47.2,16.63,0.0356,-0.0510,1.1212,-1.10,3.35,-2.26,0.29
1773118635.32400,10.00134,76.3793,47.2,16.79,0.3728,-0.0005,1.2841,-0.12,7.38,-3.41,0.31
1773118635.42400,10.00133,76.3793,47.2,17.06,0.4237,-0.0204,1.2274,1.04,-0.98,-2.68,0.32
1773118635.52500,10.00133,76.3793,47.1,18.97,0.6289,0.0269,0.8828,7.32,6.65,-2.50,0.37
1773118635.62400,10.00132,76.3793,47.1,17.35,0.1444,0.0164,0.9639,2.99,4.21,-1.10,0.38
1773118636.72500,10.00132,76.3793,47.1,18.84,0.4910,0.1644,0.9598,10.98,-0.79,-0.06,0.38
1773118636.82500,10.00131,76.3793,47.0,18.53,-0.1705,0.1047,0.9899,6.65,-2.01,2.13,0.30
1773118636.92500,10.00131,76.3793,46.8,18.52,0.1547,0.0823,1.0516,6.52,-1.28,3.90,0.37
1773118636.02400,10.00131,76.37931,46.7,19.75,-0.0106,-0.0682,0.8855,-1.10,2.74,5.24,0.36
1773118636.12400,10.0013,76.37931,46.6,19.26,0.0282,0.0415,1.1030,1.83,3.72,6.59,0.31
1773118636.22500,10.0013,76.37931,46.5,19.04,0.4111,0.0728,1.2021,0.85,0.49,5.43,0.34
1773118636.32500,10.00129,76.37931,46.5,19.38,0.4985,0.0201,1.1848,-1.95,-1.34,6.04,0.29
1773118636.42500,10.00129,76.37932,46.4,19.52,0.5820,0.0356,0.8422,1.59,-2.68,5.85,0.41
1773118636.52500,10.00128,76.37932,46.3,19.12,0.3165,0.0417,0.9813,-2.68,11.71,6.52,0.40
1773118636.62400,10.00128,76.37932,46.3,19.65,0.4878,-0.0024,1.1954,-2.93,-9.70,6.34,0.32
1773118637.72400,10.00128,76.37932,46.3,18.84,0.4716,-0.0662,0.9409,-2.99,-1.40,5.06,0.38
1773118637.82400,10.00127,76.37933,46.2,19.79,0.7762,0.0380,0.8993,-1.77,1.77,4.21,0.36
1773118637.92400,10.00127,76.37933,46.1,18.40,0.6552,0.1918,1.0234,1.22,5.00,3.72,0.24
1773118637.02500,10.00126,76.37933,46.0,18.49,0.3052,0.0654,0.9198,-5.18,9.09,3.90,0.37
1773118637.12600,10.00126,76.37933,46.0,18.08,0.5504,-0.0397,0.9242,-8.72,-4.15,3.96,0.28
1773118637.22600,10.00126,76.37933,46.0,16.90,0.3591,0.1376,0.9067,0.12,-5.61,3.41,0.43
1773118637.32600,10.00125,76.37933,45.9,16.64,0.4036,0.0112,1.0006,-4.51,-7.26,0.73,0.35
1773118637.42500,10.00125,76.37933,45.9,15.69,0.4508,0.0735,1.0931,-2.01,-7.07,0.30,0.34
1773118637.52600,10.00124,76.37933,45.8,15.62,0.3861,-0.0538,0.8687,-7.93,-4.02,-1.65,0.38
1773118637.63300,10.00124,76.37934,45.7,14.69,0.4998,-0.0184,1.1022,-3.78,-1.22,-1.89,0.40
1773118638.72600,10.00124,76.37934,45.7,14.22,0.4984,0.0250,0.9058,-0.37,3.78,-3.48,0.32
1773118638.82600,10.00124,76.37934,45.7,13.93,0.2479,-0.0536,0.9230,-2.74,5.61,-4.94,0.42
1773118638.92600,10.00123,76.37934,45.6,13.62,0.2524,0.0559,0.8303,5.37,1.04,-4.45,0.36
1773118638.02500,10.00123,76.37935,45.6,12.85,-0.1519,0.0544,0.9364,1.59,1.59,-4.63,0.39
1773118638.12500,10.00123,76.37935,45.5,13.22,0.4802,0.0604,0.9170,3.66,5.91,-3.48,0.30
1773118638.22500,10.00122,76.37935,45.4,12.63,0.3911,0.0302,1.0576,0.67,-4.45,-0.55,0.32
1773118638.32500,10.00122,76.37935,45.4,11.61,0.9375,0.2229,1.5223,7.74,18.78,-1.65,0.40
1773118638.42500,10.00122,76.37935,45.4,11.88,-0.3519,0.1008,0.3234,2.38,-8.29,3.05,0.30
1773118638.52700,10.00122,76.37935,45.3,11.66,0.4406,0.2834,1.3837,5.73,6.22,2.68,0.37
1773118638.62600,10.00121,76.37935,45.3,11.53,0.4199,-0.0082,1.1560,-3.41,-0.67,3.66,0.29
1773118639.72600,10.00121,76.37936,45.2,11.23,0.0229,0.0865,0.9128,-0.24,-3.35,4.39,0.32
1773118639.82600,10.00121,76.37936,45.3,11.34,0.2769,0.0297,0.9519,-2.87,-10.30,5.98,0.36
1773118639.92600,10.00121,76.37936,45.2,11.27,0.4733,0.0121,0.0789,-2.26,21.16,4.33,0.38
1773118639.02500,10.0012,76.37936,45.1,9.93,0.0558,0.2227,0.8708,3.60,9.94,5.00,0.49
1773118639.12500,10.0012,76.37936,45.1,10.31,0.0791,-0.0659,0.9604,-7.20,12.99,7.56,0.35
1773118639.22500,10.0012,76.37936,45.1,10.07,0.3673,0.0059,1.2664,-6.77,1.59,6.83,0.45
1773118639.32500,10.0012,76.37936,45.2,10.75,0.1176,0.0648,1.2188,-2.26,-6.77,5.79,0.32
1773118639.42500,10.0012,76.37936,45.2,10.36,0.0946,0.0458,0.8871,-0.06,-12.44,3.48,0.26
1773118639.52600,10.00119,76.37936,45.3,11.02,0.1570,-0.0350,0.8365,-5.06,-7.56,2.01,0.29
1773118639.62500,10.00119,76.37936,45.1,10.18,0.4797,0.0315,1.1731,-4.51,0.00,0.73,0.41
1773118640.72500,10.00119,76.37937,45.1,10.90,0.3141,0.0452,0.7379,-1.40,-12.01,1.28,0.37
1773118640.82500,10.00119,76.37937,45.0,10.48,0.1620,0.0765,0.8319,0.91,-7.68,0.18,0.38
1773118640.92600,10.00118,76.37937,45.0,10.52,0.4408,0.1060,1.2419,-0.12,-7.38,-1.65,0.40
1773118640.02600,10.00118,76.37937,44.9,12.14,0.3851,0.1088,1.3772,-3.48,-5.00,-2.44,0.45
1773118640.12500,10.00118,76.37937,44.8,10.69,0.4182,0.0372,0.9531,-4.51,-14.27,-3.54,0.31
1773118640.22500,10.00118,76.37937,44.7,10.87,0.3274,-0.0237,0.8596,-3.23,-13.90,-5.73,0.35
1773118640.32500,10.00117,76.37938,44.7,10.48,0.5552,-0.0002,0.7247,-0.06,-6.65,-9.02,0.40
1773118640.42500,10.00117,76.37938,44.6,9.58,0.1864,0.0391,1.0432,3.11,1.52,-12.26,0.30
1773118640.52600,10.00117,76.37938,44.6,9.40,0.4731,0.1489,0.8873,7.38,1.59,-10.61,0.43
1773118640.62600,10.00117,76.37938,44.5,10.30,0.5005,0.1550,1.0760,4.45,-1.59,-7.13,0.38
1773118641.72600,10.00117,76.37938,44.4,9.39,0.4874,0.0444,0.9464,1.46,-1.71,-4.39,0.39
1773118641.82500,10.00117,76.37938,44.3,8.04,0.3718,0.0653,0.9681,1.95,-5.43,-3.17,0.35
1773118641.92500,10.00116,76.37939,44.3,7.82,0.3732,-0.0007,1.0538,-0.85,-2.74,-2.74,0.40
1773118641.02500,10.00116,76.37939,44.2,8.73,0.3918,0.0699,1.0388,2.01,1.65,-2.07,0.29
1773118641.12500,10.00116,76.37939,44.1,7.09,0.4128,-0.0112,0.8380,1.52,0.73,-2.20,0.36
1773118641.22600,10.00116,76.37939,44.1,6.12,0.4697,0.0620,0.9047,2.07,-1.83,-3.84,0.33
1773118641.32600,10.00116,76.37939,44.0,6.07,0.5264,0.0870,0.9518,0.61,-4.57,-4.15,0.40
1773118641.42600,10.00116,76.37939,44.0,5.33,0.3784,0.0353,0.6754,-0.43,-3.96,-2.62,0.35
1773118641.52600,10.00115,76.37939,44.0,5.06,0.3494,0.0211,0.8008,0.12,-0.55,-2.56,0.35
1773118641.62500,10.00115,76.37939,43.9,4.68,0.4950,0.0654,0.8785,0.30,-2.80,-2.01,0.34
1773118642.72500,10.00115,76.37939,43.9,3.54,0.6351,0.0695,0.8658,0.24,-4.51,-0.49,0.30
1773118642.82600,10.00115,76.37939,43.8,3.02,0.8333,0.0452,0.9172,0.98,-11.16,0.43,0.38
1773118642.92700,10.00115,76.37939,43.9,1.77,0.2991,0.0483,1.0984,1.89,2.32,-0.91,0.34
1773118642.02600,10.00115,76.37939,43.8,0.84,0.4044,0.0817,0.8254,2.13,8.05,-0.73,0.36
1773118642.12600,10.00115,76.37939,43.7,0.64,0.1722,0.0251,0.9069,0.55,9.70,-0.91,0.33
1773118642.22700,10.00115,76.37939,43.7,0.26,0.2041,0.1320,1.0663,2.87,2.99,-0.73,0.37
1773118642.32600,10.00115,76.37939,43.7,0.48,0.2848,0.1326,1.0361,0.67,-0.55,0.06,0.48
1773118642.42700,10.00115,76.37939,43.6,0.49,0.3313,0.1058,0.9370,-0.55,-0.43,-0.06,0.28
1773118642.52700,10.00115,76.37939,43.6,0.41,0.2980,0.0912,1.1394,-1.65,-0.61,0.00,0.36
1773118642.62700,10.00115,76.37939,43.5,0.61,0.3135,0.0822,1.1090,-0.43,-0.30,-0.06,0.32
1773118643.72000,10.00115,76.37939,43.5,0.61,0.2666,0.0718,0.9944,0.00,1.46,-0.06,0.38
1773118643.82600,10.00115,76.37939,43.5,0.39,0.3323,0.0684,0.9017,0.67,0.30,-0.18,0.33
1773118643.92600,10.00115,76.37939,43.4,0.29,0.2532,0.0461,0.9128,-0.79,1.34,-0.30,0.35
1773118643.02600,10.00115,76.37939,43.3,0.13,0.2871,0.0021,0.7202,-1.28,0.18,-0.30,0.32
1773118643.12600,10.00115,76.37939,43.3,0.26,0.3202,0.0992,0.8934,1.77,1.22,-0.37,0.37
1773118643.22700,10.00115,76.37939,43.3,0.08,0.2059,0.1125,0.9928,1.10,1.10,-0.24,0.40
1773118643.32600,10.00115,76.37939,43.2,0.09,0.3567,0.0826,0.9302,0.43,-0.06,-0.30,0.33
1773118643.42600,10.00115,76.37939,43.1,0.16,0.3077,0.0656,0.9413,-0.18,0.30,-0.18,0.37
1773118643.52700,10.00115,76.37939,43.1,0.37,0.3192,0.0753,1.0128,0.85,-1.59,-0.18,0.42
1773118643.62600,10.00115,76.37939,43.0,0.06,0.3265,0.0930,1.0146,2.07,0.18,-0.55,0.36
1773118644.72700,10.00115,76.37939,43.0,0.14,0.1943,0.0997,0.8979,1.71,1.46,-0.37,0.37
1773118644.82700,10.00115,76.37939,42.9,0.34,0.3351,0.1045,0.9071,2.20,0.24,-0.61,0.35
1773118644.92600,10.00115,76.37939,42.9,0.28,0.2655,0.0864,0.8923,-0.55,1.22,-0.37,0.32
1773118644.02700,10.00115,76.37939,42.9,0.17,0.3112,0.0470,0.8182,-1.28,-0.73,-0.12,0.38
1773118644.12600,10.00115,76.37939,42.8,0.17,0.2760,0.1265,1.0137,0.73,0.67,0.12,0.33
1773118644.22700,10.00115,76.37939,42.8,0.08,0.2808,0.0951,0.9365,0.61,0.79,-0.49,0.34
1773118644.32600,10.00115,76.37939,42.8,0.26,0.3193,0.1393,1.1417,2.44,-0.30,-0.55,0.28
1773118644.42600,10.00115,76.37939,42.8,0.27,0.3783,0.1295,0.9890,0.67,-0.43,-0.06,0.30
1773118644.52700,10.00115,76.37939,42.7,0.36,0.2242,0.1251,1.0557,0.30,0.30,-0.06,0.28
1773118644.63300,10.00115,76.37939,42.7,0.15,0.2595,0.1300,1.0040,1.71,0.61,0.00,0.42
1773118645.72700,10.00115,76.3794,42.7,0.22,0.2981,0.1144,0.9263,-0.73,1.28,-0.18,0.29
1773118645.82800,10.00116,76.3794,42.6,0.54,0.2894,0.1112,1.0098,-2.26,-0.55,0.12,0.45
1773118645.92800,10.00116,76.3794,42.6,0.17,0.3029,0.0991,0.9384,-2.56,0.43,0.18,0.45
1773118645.02700,10.00116,76.3794,42.5,0.33,0.3135,0.1252,0.9832,-1.16,0.55,0.18,0.34
1773118645.12700,10.00116,76.3794,42.4,0.36,0.3140,0.1387,1.1665,0.12,-0.49,0.18,0.40
1773118645.22700,10.00116,76.3794,42.4,0.17,0.2347,0.0739,1.0059,-2.50,1.59,-0.12,0.29
1773118645.32800,10.00116,76.3794,42.4,0.46,0.2079,0.0326,0.8481,-3.84,2.01,0.24,0.32
1773118645.42800,10.00116,76.3794,42.3,0.14,0.2118,0.1147,1.0240,-1.34,0.91,0.30,0.38
1773118645.52900,10.00116,76.3794,42.3,0.42,0.1807,0.1102,0.8235,-2.87,3.05,0.24,0.28
1773118645.62800,10.00116,76.3794,42.3,0.90,0.2123,0.1222,0.9741,-2.99,0.43,0.43,0.32
1773118646.72900,10.00116,76.3794,42.2,0.74,0.1681,0.0480,0.9343,-6.89,3.17,0.55,0.37
1773118646.82800,10.00116,76.3794,42.2,1.39,0.1455,0.0222,0.7966,-8.35,2.62,0.49,0.33
1773118646.92800,10.00116,76.3794,42.2,1.27,0.1046,0.0824,1.0229,-5.55,4.88,-0.06,0.41
1773118646.02800,10.00115,76.3794,42.1,1.80,0.1464,0.0328,0.8829,-6.83,1.71,-0.24,0.44
1773118646.12900,10.00115,76.3794,42.1,2.04,0.1956,0.0879,1.1019,-4.09,-1.77,0.30,0.35
1773118646.22800,10.00115,76.3794,42.0,2.76,0.1436,0.0011,0.8939,-6.46,-1.04,-0.85,0.33
1773118646.32800,10.00115,76.3794,42.0,3.17,0.1050,-0.0327,0.6953,-10.37,0.61,-3.35,0.37
1773118646.42800,10.00115,76.3794,41.9,3.29,0.0923,0.0459,0.8392,-9.33,-1.04,-7.74,0.37
1773118646.52900,10.00115,76.3794,41.9,3.67,0.1746,0.1022,1.1676,-5.79,-1.77,-12.74,0.40
1773118646.62800,10.00115,76.3794,41.9,3.35,0.2262,0.0627,0.9712,-6.34,3.17,-18.54,0.27
1773118647.72800,10.00115,76.3794,41.8,3.32,0.2699,-0.0154,0.9067,-6.10,7.44,-21.34,0.41
1773118647.82800,10.00115,76.3794,41.8,3.73,0.2749,0.0847,1.2251,-5.43,4.15,-21.16,0.39
1773118647.92800,10.00115,76.3794,41.8,4.71,0.0599,-0.0233,0.7271,-13.78,5.00,-20.12,0.31
1773118647.02800,10.00115,76.3794,41.7,4.73,0.2548,-0.0186,1.3007,-9.70,10.37,-21.52,0.26
1773118647.12900,10.00115,76.3794,41.7,3.98,0.0918,0.1072,0.9457,-6.04,3.54,-24.82,0.28
1773118647.22900,10.00115,76.3794,41.6,5.35,0.1683,-0.0314,0.8149,-12.32,8.29,-27.13,0.33
1773118647.32800,10.00114,76.3794,41.7,5.62,0.1835,0.0728,1.0271,-10.24,12.44,-28.05,0.40
1773118647.42800,10.00114,76.3794,41.6,6.11,-0.0184,-0.0590,1.1263,-12.38,10.06,-30.00,0.39
1773118647.53000,10.00114,76.3794,41.5,6.30,0.2693,-0.0104,0.8790,-8.11,9.88,-39.09,0.35
1773118647.62800,10.00114,76.3794,41.5,5.87,-0.2087,0.3074,1.2458,1.95,11.22,-45.98,0.39
1773118648.72900,10.00114,76.3794,41.5,6.88,-0.2198,0.0923,1.0834,-0.12,2.74,-35.61,0.34
1773118648.82900,10.00114,76.3794,41.4,6.92,-0.3116,0.0356,0.9193,0.49,6.52,-27.87,0.41
1773118648.92800,10.00113,76.3794,41.4,8.53,0.3215,0.1246,0.7930,-11.04,-2.44,-20.73,0.32
1773118648.02900,10.00113,76.3794,41.4,8.39,0.4752,-0.0321,1.0732,-15.49,-5.49,-12.93,0.37
1773118648.12900,10.00113,76.37939,41.5,8.68,-0.6465,0.0306,0.6184,-8.54,-7.74,-18.90,0.29
1773118648.22900,10.00113,76.37939,41.5,9.09,0.1200,-0.0281,0.8774,-14.09,-1.83,-22.26,0.37
1773118648.32900,10.00113,76.37939,41.5,10.12,-0.6405,0.1044,0.8076,-1.46,-0.79,-25.00,0.40
1773118648.42900,10.00113,76.37939,41.5,11.01,0.1569,-0.0188,1.4128,-4.94,5.30,-28.48,0.44
1773118648.53000,10.00112,76.37939,41.5,11.47,-0.2717,0.0975,0.7587,0.06,-2.50,-24.82,0.32
1773118648.63000,10.00112,76.37939,41.4,12.40,-0.2531,0.0626,0.9503,-10.61,8.96,-27.62,0.42
1773118649.72900,10.00112,76.37939,41.4,13.20,-0.2063,-0.0103,1.3785,-0.12,8.96,-26.77,0.30
1773118649.82900,10.00112,76.37939,41.3,13.65,0.1455,0.0845,0.7389,10.06,-3.11,-23.29,0.38
1773118649.92900,10.00111,76.37938,41.3,14.42,-0.3199,0.0665,0.9741,5.61,-1.34,-22.50,0.35
1773118649.02900,10.00111,76.37938,41.4,15.71,-0.3093,0.1630,0.8239,9.88,-8.11,-16.65,0.36
1773118649.12900,10.00111,76.37937,41.4,16.55,-0.2095,0.0714,1.2679,6.89,0.12,-10.43,0.39
1773118649.23000,10.00111,76.37937,41.4,16.95,-0.3027,0.1993,0.9244,9.57,4.94,-7.93,0.33
1773118649.32900,10.0011,76.37936,41.5,19.82,-0.5548,0.1073,0.9318,1.10,-1.22,-6.34,0.20
1773118649.42900,10.0011,76.37936,41.4,20.18,-0.5527,0.1554,1.2130,7.01,-7.50,-7.80,0.35
1773118649.53100,10.0011,76.37936,41.4,20.98,-0.2792,0.0497,0.8021,2.68,1.04,-8.60,0.33
1773118649.63000,10.0011,76.37936,41.7,20.55,-0.1033,0.1270,0.9766,10.61,4.82,-10.61,0.37
1773118650.73000,10.00109,76.37935,41.6,22.13,-0.1445,-0.0226,1.0585,4.39,-0.30,-9.57,0.50
1773118650.82900,10.00109,76.37934,41.7,25.06,-0.2217,0.1628,1.0967,16.77,2.56,-7.20,0.46
1773118650.92900,10.00109,76.37933,41.6,26.53,-0.1270,0.1329,1.2373,14.63,5.91,-8.23,0.34
1773118650.02900,10.00108,76.37933,41.5,27.99,-0.0503,0.1091,1.1456,15.30,3.60,-5.30,0.46
1773118650.13000,10.00108,76.37933,41.4,29.82,-0.0405,0.0287,0.5989,12.56,3.54,-2.44,0.39
1773118650.22900,10.00108,76.37932,41.5,31.09,-0.3090,0.3191,0.7974,10.43,-1.10,2.74,0.32
1773118650.32900,10.00107,76.37931,41.4,31.65,0.0331,0.0713,0.9854,2.56,-3.17,7.80,0.29
1773118650.42900,10.00107,76.3793,41.3,33.27,-0.4222,0.1764,1.1921,1.71,10.43,8.48,0.42
1773118650.53000,10.00106,76.3793,41.3,33.28,-0.1829,0.1016,1.0801,-3.84,10.98,8.41,0.35
1773118650.62900,10.00106,76.37929,41.3,34.23,0.0040,-0.0101,1.0660,-8.11,-1.77,5.24,0.45
1773118651.73000,10.00105,76.37928,41.3,33.82,-0.0819,-0.1469,0.9100,-6.77,-6.04,2.87,0.39
1773118651.83000,10.00105,76.37927,41.3,34.26,-0.1371,0.0184,1.0046,-8.17,-3.29,3.54,0.34
1773118651.92900,10.00105,76.37926,41.3,35.00,-0.1278,0.0973,0.9951,0.43,1.04,3.48,0.37
1773118651.03000,10.00104,76.37926,41.3,35.01,0.1688,-0.0475,0.6505,-3.84,-3.48,2.26,0.32
1773118651.12900,10.00104,76.37925,41.3,35.16,0.0405,-0.0079,1.1267,-2.13,4.21,1.34,0.51
1773118651.22900,10.00103,76.37924,41.2,36.14,0.3488,0.0391,0.8450,0.00,-0.30,0.73,0.39
1773118651.33000,10.00103,76.37923,41.2,36.32,0.1515,0.0350,1.0656,-0.73,4.09,1.04,0.39
1773118651.43000,10.00102,76.37923,41.2,35.86,0.1522,0.1143,0.7954,0.67,-2.87,2.01,0.36
1773118651.53000,10.00102,76.37922,41.2,36.46,-0.1863,0.0138,0.9561,-3.78,14.15,2.07,0.33
1773118651.62900,10.00101,76.37921,41.1,36.66,0.2334,0.0397,0.9570,-0.18,11.89,2.38,0.36
1773118652.73000,10.00101,76.3792,41.2,35.41,0.0311,0.0348,1.1567,-6.10,3.84,2.80,0.48
1773118652.82900,10.001,76.3792,41.2,35.80,0.1979,0.0154,0.9105,-11.71,-0.73,3.17,0.39
1773118652.92900,10.001,76.37919,41.2,36.08,0.1180,0.0316,1.1438,-10.85,0.67,1.52,0.39
1773118652.03000,10.00099,76.37918,41.2,36.49,0.2623,0.0844,1.0491,-9.02,2.01,0.12,0.30
1773118652.13000,10.00099,76.37917,41.2,36.16,0.1610,0.0930,1.1399,-10.18,0.24,-1.59,0.34
1773118652.23000,10.00098,76.37917,41.2,36.10,0.2803,0.0439,0.9858,-10.24,-1.16,-2.99,0.32
1773118652.32900,10.00098,76.37916,41.1,36.64,0.1609,-0.0236,0.8044,-9.15,-2.62,-4.21,0.32
1773118652.42900,10.00097,76.37915,41.2,35.73,0.3226,0.0221,1.1027,-2.20,-0.18,-4.82,0.39
1773118652.53000,10.00097,76.37914,41.2,36.28,0.4063,0.0275,0.7521,-0.30,-8.11,-4.39,0.40
1773118652.63000,10.00097,76.37914,41.2,36.58,0.3042,0.0791,0.9155,1.77,-3.05,-4.33,0.45
1773118653.73000,10.00096,76.37913,41.2,35.68,0.4218,0.0604,0.6353,-3.29,-3.05,-3.60,0.38
1773118653.83000,10.00096,76.37912,41.2,36.02,-0.0275,0.0193,1.3444,-4.33,2.62,-4.33,0.29
1773118653.92900,10.00095,76.37911,41.1,36.49,0.3883,0.0728,1.1304,-5.37,0.67,-3.96,0.31
1773118653.03000,10.00095,76.3791,41.1,35.85,-0.0131,0.0800,0.9988,-1.59,3.23,-5.67,0.38
1773118653.12900,10.00094,76.3791,41.1,35.61,0.4434,0.1967,1.0426,-7.20,1.59,-5.24,0.37
1773118653.22900,10.00094,76.37909,41.0,35.53,0.2183,0.0988,0.8008,-7.32,-2.32,-5.91,0.20
1773118653.33000,10.00093,76.37908,41.0,36.19,0.3148,0.0710,1.1981,-0.85,3.60,-7.50,0.28
1773118653.42900,10.00093,76.37907,41.0,35.70,0.5068,0.0096,1.0243,0.00,-2.38,-6.83,0.43
1773118653.53000,10.00093,76.37907,41.0,35.36,0.0612,0.0214,0.9615,6.10,-7.44,-7.74,0.26
1773118653.63000,10.00092,76.37906,41.0,35.91,-0.1361,0.0085,0.9860,0.85,0.24,-6.10,0.37
1773118654.73000,10.00092,76.37905,41.0,35.91,0.3477,0.0177,1.0302,6.71,2.87,-3.96,0.45
1773118654.83000,10.00092,76.37904,41.0,35.17,0.0653,0.0781,0.8392,-6.71,-2.99,-0.49,0.32
1773118654.92900,10.00091,76.37904,41.0,35.46,-0.0032,0.0823,0.9730,-7.26,1.22,-1.10,0.34
1773118654.02900,10.00091,76.37903,41.0,35.61,0.3551,0.1533,1.1178,-5.67,-0.06,-0.49,0.40
1773118654.13000,10.00091,76.37902,41.0,34.85,0.3394,0.1141,0.8138,-7.44,-3.17,-2.68,0.39
1773118654.22900,10.0009,76.37901,41.1,34.95,-0.2592,-0.0120,0.9355,-16.83,7.32,-6.77,0.32
1773118654.32900,10.0009,76.379,41.1,35.36,-1.0752,0.0886,0.7021,-14.45,19.45,-9.27,0.39
1773118654.42900,10.0009,76.37899,41.1,34.29,-1.0514,0.6184,1.0184,12.56,21.77,-11.65,0.30
1773118654.53700,10.00089,76.37898,41.0,34.87,-0.6664,0.2230,1.5609,4.39,12.50,-11.59,0.45
1773118654.63000,10.00089,76.37897,41.1,35.24,0.2543,0.3307,0.7706,2.62,7.62,-14.76,0.49
1773118655.72900,10.00089,76.37897,41.0,35.39,-0.4430,-0.1785,1.0438,-5.55,19.70,-15.55,0.49
1773118655.83000,10.00088,76.37896,41.0,35.08,-0.5422,-0.1588,1.2489,4.27,7.26,-12.80,0.33
1773118655.93000,10.00088,76.37895,41.1,35.24,0.0538,0.0197,0.5751,13.60,0.55,-11.40,0.26
1773118655.03000,10.00088,76.37894,41.0,35.94,0.0358,0.0735,1.2971,8.48,2.01,-10.55,0.37
1773118655.12900,10.00088,76.37894,40.9,35.18,0.4742,0.0262,0.6039,7.13,-4.15,-8.90,0.46
1773118655.23000,10.00087,76.37892,41.0,37.37,0.1984,-0.0179,0.8384,7.44,2.56,-7.87,0.27
1773118655.33000,10.00087,76.37891,41.0,36.30,0.0713,0.1667,1.3652,16.22,8.41,-5.67,0.39
1773118655.42900,10.00087,76.37891,40.9,36.92,0.1704,0.0396,1.1227,10.85,4.09,-3.29,0.45
1773118655.53000,10.00087,76.3789,40.9,36.99,0.0278,0.1552,0.8361,11.95,1.83,-0.67,0.32
1773118655.62900,10.00087,76.37889,40.9,37.79,0.3850,0.1248,1.0134,4.94,-0.49,-0.55,0.33
1773118656.72900,10.00086,76.37888,41.0,38.30,0.5874,0.1783,1.0236,6.59,-4.39,-0.67,0.33
1773118656.82900,10.00086,76.37887,40.9,38.30,0.2311,0.2087,1.1624,5.79,1.04,-0.30,0.39
1773118656.92900,10.00086,76.37886,40.8,38.13,0.5082,0.0323,0.8541,-0.06,-5.43,0.73,0.21
1773118656.02900,10.00086,76.37885,40.9,38.48,0.1780,0.1194,1.1156,-0.06,-2.62,0.24,0.44
1773118656.12900,10.00086,76.37884,40.8,37.19,0.4713,0.1094,0.7841,-2.80,1.22,0.24,0.44
1773118656.23000,10.00085,76.37883,40.8,36.99,0.1696,0.0592,1.0248,-7.44,2.80,0.49,0.36
1773118656.33000,10.00085,76.37882,40.8,36.73,0.2797,-0.0247,0.9668,-7.01,-0.98,-0.55,0.37
1773118656.42900,10.00085,76.37881,40.7,36.28,0.2095,0.0659,0.9501,-2.74,5.18,-4.57,0.64
1773118656.53100,10.00085,76.37881,40.6,35.57,0.2650,0.0740,1.0721,-2.87,-0.61,-3.66,0.37
1773118656.63100,10.00085,76.3788,40.6,36.03,0.3890,0.0718,0.9098,-0.30,-0.73,-3.96,0.35
1773118657.73100,10.00085,76.37878,40.5,34.93,0.4409,0.0042,0.9015,-2.99,-2.26,-3.48,0.33
1773118657.83100,10.00084,76.37878,40.5,35.23,0.3571,0.1046,0.9983,4.15,3.05,-3.96,0.45
1773118657.93000,10.00084,76.37877,40.4,35.81,0.4928,-0.0077,1.1389,1.34,-3.29,-4.09,0.33
1773118657.03100,10.00084,76.37876,40.4,33.95,0.5468,0.0105,0.7936,-1.34,-2.80,-3.41,0.31
1773118657.13100,10.00084,76.37875,40.4,35.18,0.5619,0.0653,0.8882,1.95,-2.44,-3.48,0.27
1773118657.23100,10.00084,76.37875,40.3,34.63,0.3969,0.1066,0.8754,4.21,1.16,-4.09,0.35
1773118657.33100,10.00084,76.37874,40.2,34.41,0.5176,0.1007,0.9167,6.28,0.61,-4.76,0.41
1773118657.43000,10.00084,76.37873,40.2,33.68,0.6031,0.0350,0.8113,0.91,-0.43,-1.89,0.41
1773118657.53100,10.00084,76.37872,40.2,33.47,0.3986,0.0514,0.9835,1.89,4.63,-1.46,0.32
1773118657.63700,10.00084,76.37871,40.1,32.96,0.5259,0.0455,0.7443,0.61,0.79,-0.30,0.37
1773118658.73000,10.00083,76.3787,40.0,32.24,0.6116,0.0042,1.1901,-3.17,-1.77,-1.16,0.35
1773118658.83000,10.00083,76.37869,40.0,31.88,0.2738,0.0610,1.0382,2.07,-1.59,-1.16,0.32
1773118658.93100,10.00083,76.37868,40.0,30.58,0.4240,-0.0046,0.8190,-1.04,-5.24,-2.99,0.34
1773118658.03100,10.00083,76.37868,40.0,30.90,0.2052,0.0973,1.0156,2.87,-3.66,-2.44,0.34
1773118658.13000,10.00083,76.37867,39.9,30.57,0.3544,0.0092,0.9429,0.49,-3.60,-2.74,0.41
1773118658.23100,10.00083,76.37867,39.9,29.57,0.3727,-0.0009,0.7952,3.48,-1.04,-3.41,0.37
1773118658.33000,10.00083,76.37866,39.8,28.82,0.3055,0.0691,0.9424,5.73,-0.24,-3.17,0.35
1773118658.43000,10.00083,76.37865,39.8,28.44,0.1472,-0.0382,1.1934,5.24,5.00,-2.87,0.35
1773118658.53200,10.00083,76.37865,39.8,28.92,-0.3522,0.1660,0.7543,18.17,5.61,-0.79,0.40
1773118658.63000,10.00083,76.37864,39.7,26.85,-0.3273,-0.1859,0.8578,2.13,6.71,0.06,0.42
1773118659.73100,10.00082,76.37863,39.7,29.98,-0.2242,-0.1112,0.8875,5.67,6.34,2.20,0.34
1773118659.83000,10.00082,76.37862,39.7,28.94,-0.3125,0.0107,1.2570,5.37,8.54,2.87,0.47
1773118659.93000,10.00082,76.37862,39.7,30.87,-0.0232,0.1188,1.2458,9.15,5.55,5.18,0.20
1773118659.03000,10.00082,76.37861,39.6,31.78,-0.2290,0.2559,1.2728,15.12,4.09,7.20,0.44
1773118659.13000,10.00082,76.3786,39.6,32.26,-0.3959,0.3043,1.1331,11.89,4.21,10.98,0.30
1773118659.23000,10.00082,76.37859,39.6,33.45,-0.1266,0.1921,1.2362,0.12,3.84,9.94,0.45
1773118659.33100,10.00082,76.37859,39.6,32.87,0.0118,0.0320,0.9396,-4.02,0.49,8.54,0.43
1773118659.43000,10.00081,76.37857,39.6,35.08,0.0559,-0.0699,0.8289,-6.04,-0.24,8.35,0.36
1773118659.53200,10.00081,76.37856,39.6,35.46,-0.0291,0.0895,1.0096,0.37,-1.34,8.23,0.36
1773118659.63100,10.00081,76.37856,39.6,36.02,0.1304,0.0082,1.0316,-2.87,-1.34,4.39,0.40
1773118660.73100,10.00081,76.37855,39.6,35.39,0.1256,0.0061,1.1115,-3.17,-0.49,4.45,0.33
1773118660.83100,10.00081,76.37854,39.7,35.53,0.4532,0.0411,1.1094,-1.95,-4.02,4.63,0.37
1773118660.93000,10.00081,76.37853,39.6,36.45,0.7367,0.0623,1.1006,-0.73,-11.46,4.57,0.41
1773118660.03000,10.0008,76.37852,39.6,38.20,0.5371,0.0238,0.8843,-1.77,-1.83,4.82,0.24
1773118660.13000,10.0008,76.37851,39.6,39.40,-0.0272,0.0146,0.9352,-3.96,11.46,5.00,0.41
1773118660.23000,10.0008,76.3785,39.6,39.59,0.1539,0.1245,0.9781,-1.34,3.72,6.34,0.45
1773118660.33000,10.00079,76.37849,39.5,39.23,0.0427,0.0002,1.0018,-4.70,-4.33,4.27,0.50
1773118660.43000,10.00079,76.37848,39.4,41.36,0.3311,-0.1257,1.1006,-7.93,2.26,1.46,0.27
1773118660.53100,10.00079,76.37847,39.4,41.93,-0.0770,0.0480,0.9467,0.37,-6.89,1.28,0.40
1773118660.63100,10.00078,76.37846,39.3,41.94,0.6952,0.1156,1.5787,11.52,1.34,1.10,0.31
1773118661.73000,10.00078,76.37845,39.1,42.03,0.9672,0.1566,0.6451,10.37,-12.13,2.87,0.37
1773118661.83000,10.00078,76.37844,39.0,41.43,0.8588,-0.2174,0.5466,-16.71,5.85,4.15,0.49
1773118661.93000,10.00077,76.37843,39.0,40.65,0.2894,0.2233,1.1516,-1.22,-4.39,5.98,0.36
1773118661.03100,10.00077,76.37843,38.9,40.03,0.2745,0.1423,0.6349,1.46,-12.44,5.85,0.30
1773118661.13000,10.00077,76.37841,38.8,39.05,0.2015,0.0082,1.2065,-6.34,10.00,9.09,0.46
1773118661.23000,10.00076,76.3784,38.8,39.31,0.6942,0.0544,1.1879,-4.45,-11.83,7.01,0.32
1773118661.33000,10.00076,76.3784,38.7,37.30,1.0769,0.2699,1.2068,-2.62,-4.82,2.93,0.38
1773118661.43000,10.00076,76.37839,38.7,36.73,0.3558,0.0375,0.3503,-1.16,8.17,1.52,0.30
1773118661.53100,10.00075,76.37838,38.8,36.67,-0.4971,-0.0035,0.8938,-6.65,9.02,4.39,0.39
1773118661.63100,10.00075,76.37837,38.7,35.64,-0.3071,0.0768,0.9285,-14.88,11.40,2.56,0.35
1773118662.73000,10.00075,76.37836,38.6,35.60,0.1936,0.2461,1.5714,6.16,9.27,-2.68,0.34
1773118662.83000,10.00074,76.37836,38.8,34.35,0.0422,0.1416,0.7922,1.89,1.22,-4.27,0.33
1773118662.93000,10.00074,76.37835,39.0,33.13,-0.6045,-0.0181,0.7823,-5.98,2.20,-4.39,0.36
1773118662.03100,10.00074,76.37834,39.0,33.65,-0.4680,0.1324,1.1469,5.91,2.38,-4.09,0.40
1773118662.13100,10.00074,76.37833,39.0,33.39,0.2142,-0.0341,1.2708,-0.24,2.68,-3.72,0.38
1773118662.23000,10.00073,76.37833,39.0,34.04,0.2849,0.0125,0.8269,3.96,0.61,-3.48,0.29
1773118662.33000,10.00073,76.37832,38.9,34.26,-0.3342,0.1455,0.5052,12.99,10.79,0.98,0.35
1773118662.43100,10.00073,76.37831,38.9,33.86,-0.1697,0.1738,1.3944,10.98,7.26,3.48,0.32
1773118662.53100,10.00072,76.3783,38.9,34.73,0.2803,0.1426,1.1532,1.95,4.45,5.00,0.40
1773118662.63100,10.00072,76.37829,38.8,35.19,0.3365,0.0662,1.0924,-1.28,1.65,4.09,0.34
1773118663.73000,10.00072,76.37828,38.8,34.28,-0.3044,0.1427,0.6423,4.94,-1.16,1.16,0.31
1773118663.83000,10.00072,76.37827,38.8,34.98,0.5905,0.0225,0.6052,-4.57,-12.13,1.04,0.40
1773118663.93000,10.00071,76.37827,38.8,34.69,0.0419,-0.0305,1.0657,1.04,3.41,-1.04,0.36
1773118663.03100,10.00071,76.37826,38.7,34.80,0.1217,-0.1115,0.9467,0.55,7.01,-3.84,0.46
1773118663.13100,10.00071,76.37825,38.7,35.27,0.1265,-0.0760,0.6646,3.96,2.50,-0.49,0.29
1773118663.23000,10.0007,76.37824,38.6,35.00,0.2556,0.0531,1.3989,2.87,2.32,4.45,0.45
1773118663.33100,10.0007,76.37823,38.7,35.45,-0.4746,0.1415,0.9545,4.94,8.35,7.50,0.38
1773118663.43000,10.0007,76.37823,38.7,35.75,0.3413,-0.0035,1.4121,-9.39,1.59,6.83,0.34
1773118663.53100,10.00069,76.37822,38.7,35.99,0.2769,0.0333,0.9371,-8.84,-12.80,7.20,0.32
1773118663.63100,10.00069,76.37821,38.7,35.30,0.1219,0.0195,0.6144,-10.73,-6.95,5.24,0.30
1773118664.73100,10.00069,76.3782,38.9,36.74,0.4215,0.1771,1.0032,-2.01,2.99,3.29,0.29
1773118664.83000,10.00068,76.3782,38.9,36.66,0.8413,0.0315,1.4156,-5.37,-4.33,0.00,0.34
1773118664.93100,10.00068,76.37819,38.9,36.29,0.7665,0.0665,1.1121,-5.18,9.70,-1.46,0.28
1773118664.03100,10.00068,76.37818,38.9,37.19,-0.8374,0.4370,0.9337,6.16,12.80,-1.89,0.46
1773118664.13000,10.00067,76.37817,38.9,37.34,-0.6116,-0.0243,0.6632,-5.24,-8.41,-2.99,0.39
1773118664.23000,10.00067,76.37817,38.9,36.89,0.4263,-0.2318,0.7429,-14.57,-28.48,-0.91,0.33
1773118664.33000,10.00066,76.37815,38.9,37.28,0.0021,0.1764,0.7349,8.48,10.06,-1.46,0.39
1773118664.43000,10.00066,76.37814,38.8,37.65,0.0637,0.1216,1.7699,5.55,-8.29,-1.04,0.31
1773118664.53800,10.00066,76.37814,38.9,37.06,0.7083,-0.1567,1.0530,-10.00,0.12,-0.61,0.39
1773118664.63100,10.00065,76.37813,38.9,37.39,0.0638,-0.0044,0.7010,-4.39,-0.49,-0.79,0.29
1773118665.73100,10.00065,76.37812,38.9,37.60,-0.4613,-0.0098,0.7151,-8.78,4.21,-0.24,0.46
1773118665.83100,10.00065,76.37811,38.9,37.86,-0.6488,-0.1212,1.0425,-9.57,-4.15,-3.05,0.30
1773118665.93200,10.00064,76.37811,38.9,37.30,0.2753,-0.1064,1.3114,-7.13,-14.76,-1.77,0.35
1773118665.03100,10.00064,76.3781,38.9,37.91,0.9761,-0.3335,1.2585,-14.76,-10.12,-2.68,0.22
1773118665.13100,10.00064,76.37808,38.9,38.11,1.3612,0.1140,0.9249,-2.38,11.34,-4.02,0.34
1773118665.23100,10.00063,76.37807,38.9,37.77,0.1322,0.2886,1.4171,4.15,19.82,-2.68,0.29
1773118665.33200,10.00063,76.37807,38.9,37.87,0.1696,0.0597,1.3394,-11.59,-2.13,-2.68,0.44
1773118665.43100,10.00063,76.37806,38.9,37.18,-0.5713,0.0316,0.5057,-9.76,-8.11,-2.38,0.42
1773118665.53200,10.00062,76.37805,38.9,37.21,0.8682,0.0120,1.4114,-7.50,-14.27,-3.23,0.34
1773118665.63100,10.00062,76.37804,38.9,36.39,0.8439,-0.0826,1.3131,-6.83,4.15,-6.52,0.34
1773118666.73100,10.00062,76.37804,38.9,35.82,0.8210,-0.0200,1.3899,-0.43,15.73,-9.39,0.43
1773118666.83200,10.00062,76.37803,38.9,35.14,0.0778,0.2765,0.8127,4.70,5.61,-9.70,0.27
1773118666.93200,10.00061,76.37802,38.9,34.97,-0.4441,0.0634,0.9312,1.10,12.87,-10.30,0.32
1773118666.03200,10.00061,76.37801,38.9,34.71,-0.2457,-0.0902,0.7430,-3.23,-8.72,-7.99,0.41
1773118666.13200,10.00061,76.37801,38.8,32.44,-0.2832,-0.1102,1.0217,-0.18,-0.30,-8.96,0.29
1773118666.23200,10.00061,76.378,38.8,33.00,0.6398,-0.1172,1.2576,5.55,-9.09,-9.15,0.35
1773118666.33200,10.0006,76.37799,38.8,32.17,0.1501,-0.0143,0.7742,9.94,-1.16,-8.84,0.34
1773118666.43200,10.0006,76.37798,38.7,30.87,0.8894,-0.1571,0.8274,5.85,-14.09,-6.16,0.43
1773118666.53200,10.0006,76.37798,38.8,30.73,2.6049,-0.1694,2.6163,9.27,-25.67,-4.27,0.30
1773118666.63100,10.0006,76.37797,38.8,29.35,0.0273,0.0269,1.1123,8.84,2.62,-3.17,0.34
1773118667.73100,10.0006,76.37796,38.8,30.69,0.7034,0.6151,0.5890,42.13,-29.82,3.90,0.32
1773118667.83100,10.0006,76.37795,38.8,27.91,0.3795,1.0175,1.2677,40.55,3.90,8.60,0.35
1773118667.93100,10.00059,76.37794,38.9,28.07,-0.1769,0.0012,0.9546,9.57,7.56,10.43,0.32
1773118667.03200,10.00059,76.37794,39.0,29.25,-0.0449,0.0055,0.6895,-0.91,23.17,12.32,0.46
1773118667.13200,10.00059,76.37793,39.0,27.10,1.3986,-0.0524,0.6377,-7.26,0.79,9.27,0.35
1773118667.23100,10.00059,76.37792,38.9,27.17,1.2789,-0.1100,1.2871,-11.71,-2.99,6.34,0.35
1773118667.33100,10.00058,76.37791,39.0,27.74,1.4181,-0.3541,1.9962,-23.72,-50.73,12.44,0.33
1773118667.43200,10.00058,76.37791,39.1,27.20,0.6836,0.0692,1.4270,-5.37,-0.55,5.37,0.40
1773118667.53200,10.00058,76.37791,39.1,27.75,0.4513,0.0703,2.2047,3.84,5.49,-0.12,0.35
1773118667.63800,10.00058,76.3779,39.1,26.24,1.8501,-0.2661,1.3088,-16.40,-7.56,-3.96,0.40
1773118668.73100,10.00058,76.37789,39.1,26.84,0.4723,0.1466,1.3523,9.51,-22.74,-1.34,0.27
1773118668.83100,10.00057,76.37788,39.1,26.20,-0.0510,0.1216,1.0026,10.55,-25.73,-1.16,0.34
1773118668.93100,10.00057,76.37788,39.2,26.36,-0.2690,0.4368,1.2389,30.37,-0.98,2.68,0.37
1773118668.03100,10.00057,76.37788,39.2,25.81,0.0685,0.2264,0.9735,4.70,-2.26,6.77,0.32
1773118668.13100,10.00057,76.37787,39.2,25.81,0.0811,0.2479,1.1016,1.71,0.98,4.09,0.32
1773118668.23200,10.00057,76.37786,39.2,25.54,0.1014,0.1202,0.7980,-7.62,5.06,2.99,0.34
1773118668.33200,10.00056,76.37785,39.3,25.69,0.3090,-0.0306,1.3713,-20.73,12.13,-0.30,0.40
1773118668.43200,10.00056,76.37785,39.3,25.06,0.4901,0.0245,1.4658,-13.96,1.89,-2.01,0.35
1773118668.53200,10.00056,76.37785,39.2,24.95,0.5974,-0.1537,1.0022,-14.70,-12.44,-3.48,0.42
1773118668.63200,10.00056,76.37784,39.3,25.13,-0.1047,0.1619,1.1609,-1.46,4.02,-8.66,0.44
1773118669.73200,10.00056,76.37783,39.3,24.45,0.3917,-0.0052,1.0167,-9.27,-4.21,-10.91,0.32
1773118669.83200,10.00056,76.37783,39.3,24.79,0.0122,-0.0715,0.9587,-11.10,-6.22,-11.65,0.34
1773118669.93200,10.00055,76.37782,39.4,24.51,0.1556,-0.0664,1.3179,-4.27,-2.07,-11.46,0.33
1773118669.03100,10.00055,76.37782,39.4,24.54,0.2552,-0.0797,1.0131,10.43,0.61,-12.56,0.45
1773118669.13200,10.00055,76.37781,39.5,24.78,0.2186,0.0281,0.8986,10.91,-2.07,-11.16,0.33
1773118669.23200,10.00055,76.37781,39.5,24.67,0.1123,0.1206,0.9541,11.89,-3.66,-9.63,0.46
1773118669.33200,10.00055,76.3778,39.5,24.98,0.0975,-0.1569,0.9867,14.94,-6.10,-6.65,0.38
1773118669.43200,10.00055,76.37779,39.6,25.39,-0.0547,-0.0576,0.7942,14.45,-2.99,-4.15,0.33
1773118669.53200,10.00054,76.37778,39.6,25.19,-0.3228,0.1744,0.7111,-0.73,-10.91,-0.98,0.39
1773118669.63100,10.00054,76.37778,39.6,24.85,0.0156,0.0664,1.1157,5.18,3.17,0.67,0.50
1773118670.73100,10.00054,76.37778,39.7,25.88,0.4994,-0.0165,1.3744,0.49,3.54,1.77,0.34
1773118670.83100,10.00054,76.37777,39.7,25.90,-0.1554,0.0425,0.8488,-4.63,-4.27,3.54,0.27
1773118670.93200,10.00054,76.37776,39.7,25.50,-0.2211,-0.1063,1.1512,-3.17,-10.61,3.41,0.37
1773118670.03200,10.00054,76.37775,39.8,26.05,-0.0356,0.0538,1.2152,-2.50,8.60,1.59,0.28
1773118670.13200,10.00054,76.37775,39.8,26.18,0.2615,-0.0276,0.9279,-5.00,-2.32,0.67,0.37
1773118670.23200,10.00054,76.37774,39.9,26.06,0.1227,0.0507,1.0032,-2.32,1.46,-3.41,0.32
1773118670.33200,10.00053,76.37774,39.8,26.81,0.5439,-0.0392,1.1766,-1.59,11.77,-5.12,0.39
1773118670.43200,10.00053,76.37773,39.9,26.08,-0.5010,0.2064,0.9883,4.09,8.72,-4.45,0.41
1773118670.53200,10.00053,76.37772,39.9,26.63,0.5883,0.0730,1.1838,2.32,-17.01,-2.38,0.37
1773118670.63100,10.00053,76.37772,40.0,26.62,0.6646,0.1045,0.8429,4.02,-9.39,-2.13,0.37
1773118671.73200,10.00053,76.37771,40.0,27.01,-0.4417,-0.0836,0.9530,-8.60,4.33,-2.01,0.41
1773118671.83200,10.00053,76.3777,40.0,27.62,0.2971,0.0497,1.1406,0.49,-1.59,-0.98,0.43
1773118671.93200,10.00053,76.37769,40.0,26.97,-0.4884,0.0907,0.9762,0.85,8.48,-2.87,0.43
1773118671.03200,10.00053,76.37769,40.0,27.66,-0.4058,0.0177,0.7690,-1.89,6.59,-3.17,0.41
1773118671.13100,10.00053,76.37769,40.1,27.37,-0.4202,0.0190,0.7590,-4.15,4.82,-3.60,0.36
1773118671.23200,10.00052,76.37768,40.1,27.79,-0.2310,0.0846,0.7009,0.98,10.98,-3.78,0.38
1773118671.33100,10.00052,76.37767,40.1,28.38,-0.0190,0.0781,0.9520,1.22,2.62,-2.99,0.41
1773118671.43100,10.00052,76.37766,40.2,27.95,0.3969,0.0961,0.9680,2.87,7.93,-3.84,0.39
1773118671.53200,10.00052,76.37766,40.2,27.67,-0.2244,0.0396,1.0719,-2.26,5.79,-3.78,0.34
1773118671.63200,10.00052,76.37765,40.2,28.14,0.5587,0.1489,1.2312,5.73,1.40,-3.35,0.37
1773118672.72500,10.00052,76.37765,40.2,28.14,0.4941,0.1040,0.8324,5.79,-5.67,-1.71,0.34
1773118672.83100,10.00052,76.37763,40.2,28.20,0.4509,0.0563,1.0187,1.95,-5.85,-2.38,0.46
1773118672.93100,10.00052,76.37762,40.2,28.20,0.2084,-0.0040,0.9144,-0.67,-5.00,-2.20,0.32
1773118672.03100,10.00052,76.37762,40.2,27.06,-0.1593,-0.1329,0.6437,-8.23,8.11,-1.89,0.34
1773118672.13200,10.00052,76.37762,40.2,28.09,0.1960,0.0162,1.4042,1.10,11.52,-3.05,0.40
1773118672.23200,10.00051,76.37761,40.2,28.15,0.2795,-0.0636,0.9836,-2.80,6.52,-2.20,0.32
1773118672.33200,10.00051,76.3776,40.2,27.06,0.3066,0.1624,0.7118,6.71,-1.59,-3.29,0.49
1773118672.43200,10.00051,76.37759,40.3,26.94,0.3458,0.0012,1.1843,-2.38,-1.40,-3.17,0.48
1773118672.53200,10.00051,76.37759,40.3,27.09,0.5422,0.0875,1.1229,0.43,4.70,-5.12,0.32
1773118672.63100,10.00051,76.37758,40.4,26.77,0.1216,0.0073,0.7037,2.99,-3.84,-4.27,0.37
1773118673.72400,10.00051,76.37758,40.4,26.77,0.1670,-0.0740,1.1486,7.56,-6.28,-3.78,0.40
1773118673.83100,10.00051,76.37757,40.5,25.32,0.6670,-0.0128,0.8578,-1.52,-13.72,-3.05,0.37
1773118673.93200,10.00051,76.37756,40.4,24.97,0.0234,-0.0627,0.8772,-1.34,-8.78,-2.50,0.30
1773118673.03200,10.00051,76.37756,40.4,24.50,-0.2786,0.0811,0.9423,7.32,24.82,-4.15,0.43
1773118673.13200,10.00051,76.37755,40.4,23.47,0.3159,0.0782,0.6136,4.21,12.26,-1.89,0.37
1773118673.23200,10.00051,76.37755,40.4,22.75,0.6638,0.0969,1.1792,8.84,-11.16,0.91,0.36
1773118673.33300,10.00051,76.37754,40.4,22.53,0.3533,0.0288,0.9158,-1.22,-4.63,1.71,0.32
1773118673.43300,10.00051,76.37753,40.4,22.68,0.3715,0.0349,0.7732,-2.38,-11.40,5.06,0.33
1773118673.53300,10.00051,76.37753,40.4,22.05,0.3217,0.1313,1.1288,-4.27,11.16,4.82,0.36
1773118673.63200,10.00051,76.37753,40.3,21.75,0.2080,-0.0223,1.0958,-5.73,11.22,5.18,0.40
1773118674.73200,10.00051,76.37752,40.4,20.75,0.1351,0.0577,1.0350,-3.84,-6.59,2.50,0.46
1773118674.83200,10.00051,76.37751,40.4,20.13,0.0758,0.0850,0.9481,0.85,-0.98,0.30,0.43
1773118674.93200,10.00051,76.37751,40.3,21.06,0.0287,0.0380,0.8232,-2.80,-1.22,-1.89,0.47
1773118674.03300,10.00051,76.3775,40.4,20.61,0.3214,0.0205,1.0100,-0.91,0.79,-4.02,0.39
1773118674.13200,10.00051,76.37749,40.4,20.47,-0.0153,0.0814,0.7194,-2.32,-9.09,-2.99,0.46
1773118674.23300,10.00051,76.37749,40.4,20.62,-0.0895,-0.0836,0.9795,-5.98,-2.56,-3.05,0.41
1773118674.33300,10.00051,76.37749,40.4,20.49,0.3400,0.0081,1.2850,-3.60,8.05,-4.21,0.38
1773118674.43300,10.00051,76.37748,40.3,21.02,0.2607,0.0314,1.0544,3.84,6.10,-4.63,0.32
1773118674.53300,10.00051,76.37748,40.3,20.96,-0.1455,-0.0522,0.8676,1.83,4.70,-4.45,0.40
1773118674.63900,10.00051,76.37747,40.3,21.23,0.0313,0.0215,0.7869,6.83,-0.79,-3.17,0.39
1773118675.73300,10.00051,76.37746,40.3,21.08,-0.1083,-0.0267,0.7522,5.37,-4.09,-1.34,0.41
1773118675.83300,10.00051,76.37746,40.2,21.31,0.1946,0.0031,0.9202,3.11,-4.39,0.85,0.40
1773118675.93200,10.0005,76.37746,40.3,22.09,0.0642,0.0649,0.8722,4.70,-0.06,4.51,0.35
1773118675.03200,10.0005,76.37745,40.3,22.33,0.5105,0.1343,0.9561,6.34,-2.20,7.56,0.41
1773118675.13200,10.0005,76.37744,40.2,22.42,0.2357,0.0825,0.7323,2.13,-6.71,8.48,0.43
1773118675.23200,10.0005,76.37744,40.2,22.47,-0.0398,0.0326,0.9076,-2.32,-0.85,7.56,0.40
1773118675.33300,10.0005,76.37743,40.2,23.05,0.3118,-0.0494,0.7150,-11.52,-10.91,7.01,0.34
1773118675.43300,10.0005,76.37743,40.2,21.82,0.4409,-0.0039,1.0537,-6.04,-6.04,2.62,0.32
1773118675.53400,10.0005,76.37742,40.2,22.72,0.4105,0.0311,0.7760,-2.68,-9.82,0.73,0.35
1773118675.63200,10.0005,76.37742,40.1,20.91,0.1295,0.1412,0.5553,4.33,3.17,-1.34,0.43
1773118676.73200,10.0005,76.37741,40.1,20.72,-0.0538,0.0797,0.3872,-2.20,-10.98,0.73,0.18
1773118676.83200,10.0005,76.3774,40.2,20.60,-0.4183,0.0303,0.6687,-4.70,-7.99,-1.83,0.46
1773118676.93200,10.0005,76.3774,40.1,20.84,-0.2231,-0.1858,0.6501,-12.44,49.02,-3.23,0.47
1773118676.03200,10.0005,76.3774,40.1,19.32,-0.5530,-0.2758,0.9321,-13.17,6.89,-0.43,0.31
1773118676.13300,10.0005,76.37739,40.1,18.42,-0.7963,-0.0364,1.2542,0.00,19.45,-2.07,0.40
1773118676.23200,10.0005,76.37739,40.1,19.75,-0.0142,0.0234,0.8630,-3.90,-5.91,1.52,0.26
1773118676.33200,10.0005,76.37738,40.2,18.98,0.3304,-0.0134,0.8212,-3.48,-1.10,0.12,0.43
1773118676.43300,10.0005,76.37738,40.1,18.38,-0.0479,0.1567,0.6904,0.00,-2.62,-0.67,0.41
1773118676.53500,10.0005,76.37737,40.1,18.72,-0.1652,-0.0486,0.8125,-7.32,2.01,-1.89,0.39
1773118676.63500,10.0005,76.37737,40.1,18.58,-0.2562,0.1425,0.7328,6.71,-2.74,-4.39,0.34
1773118677.73500,10.0005,76.37737,40.1,17.92,-0.2594,-0.0093,0.7719,3.05,0.18,-8.05,0.31
1773118677.83500,10.0005,76.37736,40.0,18.16,0.0583,-0.0402,0.6547,-1.04,8.84,-8.48,0.46
1773118677.93500,10.0005,76.37736,40.1,17.30,0.2953,0.2843,0.8893,16.52,5.37,-3.72,0.20
1773118677.03500,10.0005,76.37735,40.0,17.12,0.5981,0.2407,0.8993,10.67,-13.78,2.13,0.33
1773118677.13500,10.0005,76.37735,40.0,16.61,0.5703,-0.0085,0.7751,1.04,-4.70,4.63,0.36
1773118677.23500,10.00049,76.37734,40.1,16.48,0.3816,0.0001,0.6306,-0.73,-7.26,6.59,0.28
1773118677.33400,10.00049,76.37734,40.0,15.39,0.3179,0.0166,0.3538,-4.02,1.89,6.40,0.41
1773118677.43400,10.00049,76.37733,40.0,15.86,0.2524,0.0229,0.6184,-3.84,0.30,5.37,0.37
1773118677.53500,10.00049,76.37733,40.0,14.22,0.2240,0.0453,0.9436,-2.32,-3.78,5.06,0.38
1773118677.63400,10.00049,76.37733,40.0,14.39,-0.0753,0.0775,1.3868,-4.15,4.57,2.07,0.40
1773118678.74900,10.00049,76.37732,40.0,13.19,0.6805,-0.0149,1.4690,-9.02,-2.99,0.18,0.41
1773118678.82800,10.00049,76.37732,40.0,13.19,0.1511,0.0537,0.9006,-3.29,-3.96,-2.93,0.43
1773118678.93500,10.00049,76.37732,40.0,14.14,0.0582,0.0031,0.8512,-6.77,-4.27,-6.40,0.42
1773118678.03500,10.00049,76.37731,40.0,13.60,-0.2864,0.0259,0.6223,-3.29,6.65,-8.11,0.25
1773118678.13500,10.00049,76.37731,40.0,13.97,0.6459,-0.0306,1.4650,-3.84,-2.50,-7.87,0.28
1773118678.23500,10.00049,76.3773,39.9,12.78,-0.6011,-0.0701,0.6256,-2.68,1.77,-12.38,0.32
1773118678.33500,10.00049,76.3773,40.0,14.65,0.5878,0.3903,1.5168,9.27,12.01,-8.90,0.39
1773118678.43500,10.00049,76.3773,40.0,12.98,0.2262,-0.0144,1.1793,5.98,2.74,-10.00,0.30
1773118678.53500,10.00049,76.3773,40.0,14.31,0.0159,0.0977,1.1616,13.90,-2.80,-5.30,0.37
1773118678.63400,10.00049,76.3773,40.0,13.57,0.5375,-0.1287,0.6350,5.79,16.52,-1.16,0.35
1773118679.73500,10.00049,76.37729,40.0,14.14,-0.1323,0.4210,0.9899,15.00,1.10,3.60,0.49
1773118679.83400,10.00049,76.37729,39.9,13.17,0.1888,0.0568,1.1523,-1.65,-1.16,4.33,0.34
1773118679.93500,10.00049,76.37728,40.0,14.63,0.1506,-0.0056,0.9988,-2.44,12.68,4.21,0.38
1773118679.03500,10.00049,76.37728,40.0,15.28,0.7086,0.1204,0.2472,-1.83,5.85,1.95,0.38
1773118679.13500,10.00049,76.37727,39.9,14.37,-0.0051,0.2070,1.1531,4.63,7.87,-0.49,0.35
1773118679.23400,10.00049,76.37727,40.0,15.59,-0.1422,0.0483,1.0527,-1.22,-5.61,0.18,0.38
1773118679.33500,10.00049,76.37727,40.0,16.09,0.0100,-0.0563,0.8497,-2.68,-1.34,-0.30,0.37
1773118679.43500,10.00049,76.37727,40.1,16.51,0.1141,0.0876,1.2946,2.93,2.56,-0.30,0.36
1773118679.53500,10.00049,76.37726,40.0,17.11,0.0546,0.0345,0.9857,-1.95,2.62,-0.06,0.38
1773118679.63500,10.00049,76.37726,40.1,17.87,0.3105,0.0105,1.0425,-3.54,2.62,1.65,0.46
1773118680.73500,10.00049,76.37725,40.0,17.48,0.3201,-0.0089,1.0525,-2.68,-0.98,0.79,0.31
1773118680.83400,10.00049,76.37724,40.0,18.66,0.1465,0.0480,0.8167,2.87,-1.16,0.73,0.45
1773118680.93500,10.00049,76.37724,40.0,19.30,0.3182,0.0951,0.9733,3.78,1.22,-0.06,0.38
1773118680.03500,10.00049,76.37724,40.0,18.51,0.6655,0.1400,1.1863,7.50,-5.61,0.91,0.36
1773118680.13400,10.00049,76.37723,40.0,18.42,0.5095,-0.0107,1.0747,-1.22,-2.99,0.37,0.38
1773118680.23400,10.00049,76.37723,40.0,18.65,-0.1066,0.0052,1.1652,-1.10,-3.96,0.55,0.39
1773118680.33400,10.00049,76.37722,39.9,19.30,0.3578,0.0577,0.8735,4.82,1.16,-0.37,0.31
1773118680.43500,10.00049,76.37722,40.0,18.88,0.2494,0.0045,1.2302,4.70,3.23,-0.18,0.45
1773118680.53600,10.00049,76.37721,39.9,19.59,0.2958,0.1102,1.2821,6.89,0.30,2.99,0.35
1773118680.63600,10.00049,76.3772,39.9,20.48,-0.0739,0.1003,0.7765,5.85,-1.40,5.67,0.39
1773118681.73500,10.00049,76.3772,39.9,20.67,0.0107,0.0862,1.2347,-2.07,8.72,8.29,0.35
1773118681.84200,10.00049,76.3772,39.9,21.30,0.0088,0.0541,0.8684,-3.17,6.10,7.07,0.45
1773118681.93500,10.00049,76.37719,39.8,21.75,-0.4030,0.1486,1.3232,0.43,4.27,5.55,0.43
1773118681.03500,10.00049,76.37718,39.7,22.60,0.1440,-0.0743,0.8379,-11.46,-9.09,3.96,0.34
1773118681.13500,10.00049,76.37718,39.8,22.83,0.2505,-0.1730,1.0585,-11.28,-2.07,1.34,0.38
1773118681.23600,10.00049,76.37717,39.7,23.47,0.1924,-0.1714,0.9384,-8.90,1.83,0.43,0.44
1773118681.33600,10.00049,76.37717,39.7,23.82,-0.1100,-0.0015,1.2144,-7.68,3.66,2.26,0.51
1773118681.43600,10.00049,76.37716,39.7,24.35,0.1785,0.1310,1.1512,-4.94,-3.90,3.72,0.32
1773118681.53600,10.00049,76.37716,39.7,24.65,-0.0272,-0.1315,0.9724,-18.29,0.12,3.23,0.36
1773118681.63500,10.00048,76.37715,39.7,25.35,-0.7135,0.0652,0.9253,-12.01,7.38,1.28,0.44
1773118682.73500,10.00048,76.37714,39.6,25.82,0.1064,0.1716,0.8182,-8.84,-0.73,-0.06,0.45
1773118682.83500,10.00048,76.37714,39.6,26.92,-0.3497,0.0114,0.9371,-21.95,0.18,-1.40,0.30
1773118682.93600,10.00048,76.37713,39.6,28.57,-0.0651,0.0341,1.0320,-15.06,-6.16,-4.09,0.38
1773118682.03700,10.00048,76.37712,39.6,29.54,0.0199,-0.2662,1.0505,-22.74,0.06,-6.89,0.32
1773118682.13700,10.00048,76.37711,39.6,31.37,-0.6472,-0.0842,0.8859,-17.87,7.62,-8.84,0.45
1773118682.23700,10.00048,76.37711,39.6,32.57,-0.3895,0.0754,0.7168,-0.18,5.24,-11.52,0.39
1773118682.33700,10.00048,76.3771,39.5,33.20,-0.1395,0.0416,0.7482,1.71,-0.37,-12.56,0.29
1773118682.43700,10.00048,76.37709,39.5,35.31,-0.1101,-0.0917,1.3250,-7.56,-1.22,-13.17,0.48
1773118682.53700,10.00048,76.37708,39.4,36.08,-0.1644,-0.0674,1.1833,7.50,-0.98,-12.50,0.29
1773118682.63700,10.00048,76.37707,39.4,37.63,-0.0625,-0.0035,1.2186,10.98,4.39,-10.37,0.44
1773118683.73600,10.00048,76.37706,39.4,39.07,-0.4209,0.0989,0.8789,14.76,3.29,-8.05,0.32
1773118683.83700,10.00048,76.37705,39.3,39.67,-0.0764,-0.0381,1.0754,8.96,-1.04,-3.11,0.42
1773118683.93700,10.00048,76.37704,39.2,41.29,0.0670,-0.1260,1.2174,10.98,-6.28,-3.05,0.41
1773118683.03700,10.00048,76.37703,39.2,42.58,0.0420,0.0470,1.0980,16.52,5.24,-1.52,0.28
1773118683.13600,10.00048,76.37701,39.2,43.30,-0.2477,0.0475,0.6954,17.20,-3.29,1.04,0.38
1773118683.23600,10.00048,76.37701,39.1,44.88,-0.2933,0.1311,0.3687,7.74,-3.72,1.22,0.38
1773118683.33700,10.00048,76.37699,39.1,45.85,0.3843,0.0201,0.9387,12.74,1.95,2.56,0.52
1773118683.43700,10.00048,76.37698,39.1,46.60,0.0756,0.0215,1.0792,6.83,2.20,3.84,0.44
1773118683.53800,10.00048,76.37697,39.1,47.30,-0.0597,-0.2275,0.9556,-1.40,-2.26,7.44,0.38
1773118683.63600,10.00048,76.37696,39.0,46.63,0.1294,-0.0648,0.7992,2.80,-1.65,6.22,0.30
1773118684.73600,10.00048,76.37695,39.1,47.11,-0.3472,0.2695,0.9170,12.80,-0.55,6.04,0.21
1773118684.83600,10.00048,76.37693,39.1,48.33,-0.4829,-0.0524,0.9108,-7.01,-0.24,7.07,0.50
1773118684.93700,10.00048,76.37692,39.1,49.41,0.4098,-0.1530,1.0183,-5.67,21.83,6.28,0.46
1773118684.03700,10.00048,76.37691,39.0,50.14,0.2220,0.2495,0.8336,17.68,-9.15,2.38,0.51
1773118684.13700,10.00048,76.37689,39.1,50.84,0.2633,0.1752,1.1050,7.80,-2.07,2.99,0.38
1773118684.23700,10.00048,76.37688,39.1,51.79,-0.5747,0.0930,1.2134,4.27,5.67,4.88,0.45
1773118684.33700,10.00047,76.37687,39.0,52.33,-0.0519,-0.0237,1.1398,7.38,8.29,6.34,0.27
1773118684.43700,10.00047,76.37685,39.0,52.67,0.2601,-0.1531,1.2234,11.34,-6.04,5.91,0.39
1773118684.54400,10.00047,76.37684,38.9,53.91,-0.2538,-0.0038,1.1957,9.57,-2.62,6.34,0.38
1773118684.63700,10.00047,76.37683,38.9,54.58,-0.5327,0.0944,1.3376,14.27,4.27,7.44,0.33
1773118685.73700,10.00047,76.37682,39.0,54.91,-0.1178,-0.0009,1.3798,-0.37,-5.91,8.96,0.34
1773118685.83700,10.00047,76.3768,39.0,55.38,0.0253,0.3499,0.7798,-3.60,16.71,10.85,0.25
1773118685.93700,10.00046,76.37679,39.0,56.96,0.0250,0.0225,1.0898,0.18,1.83,11.34,0.32
1773118685.03700,10.00046,76.37677,39.0,56.94,0.3394,0.2795,0.8846,-5.37,12.20,8.78,0.36
1773118685.13600,10.00046,76.37675,39.0,58.49,0.0862,0.3422,0.6638,11.52,0.18,9.70,0.33
1773118685.23600,10.00045,76.37674,39.0,59.10,-0.3015,-0.0040,0.6046,-2.99,-4.09,5.79,0.38
1773118685.33700,10.00045,76.37672,39.0,59.46,0.6572,-0.1252,1.0862,0.73,-9.45,6.04,0.34
1773118685.43600,10.00045,76.37671,39.0,60.75,-0.1697,0.2091,0.9045,6.46,-12.56,8.17,0.33
1773118685.53800,10.00044,76.37669,39.0,61.86,0.2842,0.0464,1.0829,0.37,26.52,7.87,0.37
1773118685.63800,10.00044,76.37669,38.9,61.21,-0.1244,-0.2302,0.2616,-4.76,-3.72,8.29,0.42
1773118686.73700,10.00043,76.37667,38.9,60.96,0.2067,-0.0028,0.8895,-9.76,-2.20,5.12,0.46
1773118686.83700,10.00043,76.37666,38.9,61.61,-0.0610,0.1184,1.2859,-3.29,9.70,9.33,0.34
1773118686.93700,10.00042,76.37664,38.9,62.20,-0.2710,0.2208,1.0935,5.24,9.15,6.83,0.39
1773118686.03800,10.00042,76.37663,39.0,61.75,-0.8105,0.0288,0.0564,4.76,1.77,6.95,0.38
1773118686.13700,10.00041,76.37661,39.0,61.71,-0.2778,-0.3661,0.3531,-24.09,39.51,10.67,0.29
1773118686.23800,10.00041,76.37659,39.0,63.20,-0.4445,0.2804,0.9429,-0.79,14.39,10.37,0.37
1773118686.33700,10.0004,76.37658,39.1,62.98,-0.2485,0.2002,0.9363,5.30,-1.28,3.90,0.40
1773118686.43700,10.00039,76.37656,39.1,63.16,0.2830,-0.0925,1.0104,-7.32,2.80,8.35,0.37
1773118686.53800,10.00039,76.37655,39.2,63.40,0.1694,0.0098,0.8130,3.35,-14.21,6.22,0.41
1773118686.63700,10.00038,76.37653,39.2,64.62,-0.7169,0.1949,1.0063,5.00,10.06,8.35,0.36
1773118687.73700,10.00037,76.37652,39.2,64.57,-0.5192,0.2267,1.2007,12.44,7.26,7.87,0.37
1773118687.83700,10.00037,76.3765,39.3,64.36,0.0829,0.2906,1.0212,15.12,1.52,8.35,0.32
1773118687.93700,10.00036,76.37649,39.3,65.37,-0.3014,0.1885,0.7516,22.32,1.34,10.98,0.37
1773118687.03700,10.00035,76.37648,39.4,65.84,-0.1104,0.1387,0.8911,7.07,6.83,12.62,0.34
1773118687.13800,10.00034,76.37646,39.5,65.39,-0.1548,0.1360,0.9070,6.89,-2.01,9.51,0.38
1773118687.23800,10.00033,76.37645,39.5,66.63,-0.5623,0.2302,0.9296,11.83,12.13,8.23,0.41
1773118687.33700,10.00033,76.37643,39.6,67.06,0.0853,0.0916,0.8003,0.67,22.26,9.82,0.34
1773118687.43700,10.00032,76.37642,39.6,67.88,-0.1379,0.1143,0.8473,-0.79,13.96,8.60,0.39
1773118687.53900,10.00031,76.3764,39.6,67.34,-0.0028,0.0194,0.8838,-0.12,-4.82,7.07,0.36
1773118687.64500,10.0003,76.37639,39.8,68.76,0.0748,0.1168,0.8539,4.63,1.28,5.55,0.45
1773118688.73800,10.00029,76.37637,39.8,69.38,0.3944,0.1042,1.1388,5.00,8.72,6.40,0.30
1773118688.83800,10.00028,76.37636,39.8,69.36,0.0273,0.1252,0.7726,8.90,13.48,4.63,0.37
1773118688.93800,10.00027,76.37635,39.8,70.41,0.7496,0.1093,1.1586,9.63,-7.74,7.50,0.35
1773118688.03800,10.00026,76.37634,39.9,71.04,-0.0968,0.1627,1.0225,3.72,5.79,6.59,0.37
1773118688.13800,10.00025,76.37632,39.9,71.62,0.4843,0.0997,0.7682,-0.37,-2.99,6.77,0.35
1773118688.23700,10.00023,76.3763,39.9,72.11,-0.1703,0.2537,0.6165,6.04,-3.29,9.88,0.29
1773118688.33700,10.00022,76.37629,39.9,72.94,0.1082,0.2687,1.2439,2.62,15.06,8.29,0.30
1773118688.43700,10.00021,76.37627,40.0,72.74,-0.2498,0.1262,0.8696,1.34,0.24,10.24,0.39
1773118688.53800,10.0002,76.37626,40.1,73.43,0.0374,-0.0664,0.9331,-14.88,-1.10,9.33,0.34
1773118688.63700,10.00019,76.37625,40.1,73.77,0.0620,0.3113,0.7308,-9.45,0.91,8.66,0.37
1773118689.73100,10.00019,76.37625,40.1,73.77,-0.1892,0.0664,0.3414,-17.50,1.95,7.93,0.34
1773118689.83700,10.00016,76.37622,40.2,74.34,-0.4996,0.2216,1.1158,-14.15,18.54,8.78,0.46
1773118689.93700,10.00015,76.37621,40.3,75.36,0.0868,0.0544,0.0211,-14.09,2.93,8.78,0.38
1773118689.03700,10.00013,76.37619,40.4,75.97,0.0016,0.1149,1.0632,-25.61,3.05,5.85,0.40
1773118689.13800,10.00012,76.37618,40.5,76.29,0.4034,-0.0300,0.9048,-21.04,-6.77,6.52,0.43
1773118689.23800,10.00011,76.37617,40.5,76.96,0.0770,0.0287,0.3873,-11.28,0.85,1.34,0.31
1773118689.33700,10.00009,76.37615,40.6,77.03,-0.8094,-0.0771,0.4163,-13.78,-14.21,2.80,0.34
1773118689.43700,10.00008,76.37614,40.7,77.85,-1.0647,0.4020,1.0872,9.76,4.21,-0.55,0.33
1773118689.53800,10.00007,76.37612,40.8,78.39,0.4823,-0.2880,1.2239,-31.71,19.02,-1.16,0.41
1773118689.63700,10.00005,76.37611,40.8,78.92,-0.0487,0.3693,0.7012,-12.74,0.73,0.24,0.39
1773118690.73800,10.00004,76.3761,40.8,78.89,-0.1768,0.3574,0.3665,4.82,9.94,0.61,0.42
1773118690.83800,10.00002,76.37608,40.9,78.65,0.0760,0.0056,0.2123,-4.02,3.23,0.37,0.40
1773118690.93700,10.00001,76.37607,41.0,80.32,-0.0834,-0.1736,0.7443,-3.17,4.63,-0.67,0.30
1773118690.03700,9.999995,76.37605,41.0,80.23,-0.5520,0.0835,0.4556,-11.52,1.16,-1.59,0.34
1773118690.13800,9.999981,76.37604,41.1,80.29,-0.2570,0.1223,0.7659,3.78,5.12,-2.80,0.38
1773118690.23800,9.999967,76.37602,41.2,80.59,-0.0521,0.0360,0.5767,4.45,0.00,-2.20,0.31
1773118690.33800,9.999952,76.37601,41.3,81.02,-0.2885,-0.0426,0.3960,1.04,1.95,-1.52,0.31
1773118690.43700,9.999937,76.376,41.4,81.70,-0.0684,-0.0914,0.7888,-4.88,3.48,-2.13,0.39
1773118690.53800,9.999923,76.37598,41.5,82.36,-0.1603,0.0613,0.9222,-8.29,7.07,-1.65,0.37
1773118690.63700,9.999907,76.37597,41.6,82.60,0.1174,-0.1420,1.4386,-4.02,1.46,-1.59,0.38
1773118691.74400,9.999893,76.37595,41.7,83.07,0.3477,0.0261,1.0560,9.39,4.76,-3.96,0.37
1773118691.83800,9.999879,76.37594,41.8,83.04,-0.1625,0.1444,0.3927,5.18,-2.20,-1.95,0.37
1773118691.93800,9.999864,76.37592,42.0,83.55,-0.0691,-0.0040,0.6035,5.85,-9.02,0.61,0.24
1773118691.03800,9.999849,76.37591,42.0,83.59,0.0569,0.1166,0.5725,0.61,-11.71,-0.30,0.43
1773118691.13800,9.999834,76.37589,42.1,84.40,-0.2393,0.0552,1.2183,4.02,5.67,-2.62,0.34
1773118691.23800,9.999819,76.37588,42.2,84.98,0.2845,0.0515,0.8870,7.74,2.07,-1.65,0.35
1773118691.33900,9.999804,76.37586,42.3,86.25,0.0686,-0.0380,0.7782,3.72,4.27,-1.52,0.34
1773118691.43900,9.999788,76.37585,42.5,86.28,0.3895,0.0846,0.9353,12.01,-9.82,-0.61,0.29
1773118691.54000,9.999773,76.37583,42.6,86.35,-0.1149,-0.1454,0.6801,-11.83,5.55,-1.22,0.38
1773118691.63800,9.999758,76.37582,42.7,87.64,-0.0975,0.1968,1.1768,-1.83,-11.65,0.43,0.35
1773118692.73900,9.999743,76.3758,42.8,87.07,0.1278,0.0256,0.5287,4.45,-7.38,0.06,0.37
1773118692.83900,9.999727,76.37579,43.0,87.69,-0.3378,0.1281,0.6003,4.39,7.44,1.83,0.42
1773118692.93900,9.999711,76.37576,43.1,87.97,0.2903,0.0941,1.0370,0.06,5.55,-0.06,0.37
1773118692.03900,9.999697,76.37575,43.2,86.34,0.2106,0.0702,0.8751,1.83,-5.73,-3.05,0.46
1773118692.13900,9.999681,76.37573,43.4,88.03,-0.0682,0.1316,1.1426,2.07,-0.91,0.30,0.33
1773118692.23900,9.999666,76.37572,43.4,87.63,-0.6266,0.2332,0.8832,9.45,-3.60,1.52,0.34
1773118692.33800,9.99965,76.3757,43.6,87.72,-0.3232,-0.0002,0.8132,-2.32,-0.49,1.83,0.27
1773118692.43800,9.999636,76.37569,43.5,88.12,-0.0358,0.0914,0.6019,1.59,-2.93,2.38,0.26
1773118692.53900,9.999619,76.37567,43.7,90.17,-0.0272,0.2390,0.4922,8.90,-6.34,-0.12,0.34
1773118692.63800,9.999604,76.37566,43.7,89.53,0.0082,-0.1102,0.9550,-5.61,2.68,-2.26,0.34
1773118693.73800,9.999588,76.37564,43.7,90.22,0.0632,-0.1345,0.3934,7.80,6.59,-1.71,0.53
1773118693.83900,9.999572,76.37563,43.8,91.86,-0.1931,0.4539,0.7468,20.24,-6.04,0.24,0.34
1773118693.93900,9.999556,76.3756,43.8,91.66,-0.1853,-0.1763,0.5660,0.00,4.21,1.34,0.45
1773118693.03900,9.99954,76.37559,43.8,92.80,-0.0481,0.0992,0.2061,10.79,7.99,1.77,0.35
1773118693.13800,9.999523,76.37557,43.8,92.92,0.0765,-0.1019,0.2719,-10.30,-6.52,2.32,0.32
1773118693.23800,9.999507,76.37556,43.8,93.65,0.0387,-0.0710,0.1349,-6.77,1.22,4.63,0.36
1773118693.33900,9.99949,76.37554,43.9,94.66,0.1305,0.1591,0.2286,-11.83,4.57,4.51,0.43
1773118693.43900,9.999474,76.37553,43.9,94.72,-0.0104,-0.0945,0.3677,-16.34,-1.28,3.35,0.29
1773118693.53900,9.999456,76.3755,43.8,95.27,-0.2386,0.2482,0.6041,-17.93,1.95,4.70,0.37
1773118693.63800,9.999439,76.37549,43.8,95.56,-0.1672,-0.0402,0.5902,-28.41,-10.43,4.09,0.43
1773118694.73200,9.999439,76.37549,43.8,95.56,-0.2291,0.0123,0.7411,-23.05,3.17,3.05,0.37
1773118694.83900,9.999405,76.37546,43.8,96.66,0.1393,-0.1575,0.8552,-28.05,-5.98,2.26,0.43
1773118694.93800,9.999388,76.37544,43.8,97.73,-0.2864,0.1108,-0.1091,-24.63,4.63,0.06,0.39
1773118694.03900,9.999371,76.37542,43.7,98.18,-0.2627,0.0669,1.0428,-16.52,-8.05,0.18,0.38
1773118694.13900,9.999353,76.3754,43.6,99.53,-0.3414,0.1588,0.2892,-3.90,-5.85,-1.28,0.34
1773118694.23900,9.999335,76.37539,43.4,99.99,-0.4056,0.0074,0.7169,-14.15,-7.07,-0.79,0.34
1773118694.33900,9.999318,76.37537,43.3,100.06,-0.0054,0.0651,0.1588,-17.01,-4.51,-3.54,0.45
1773118694.43800,9.9993,76.37535,43.2,100.86,0.0535,0.2175,0.4821,-8.66,-6.46,-1.89,0.35
1773118694.53900,9.999283,76.37534,43.1,101.07,-0.3292,0.3152,0.4403,-6.16,8.78,-6.16,0.39
1773118694.64600,9.999265,76.37531,43.0,102.14,0.1284,-0.2903,-0.1479,-11.10,-10.67,-2.20,0.42
1773118695.73100,9.999265,76.37531,43.0,102.14,-0.4390,-0.3402,-0.1708,-14.94,1.40,-5.18,0.37
1773118695.83800,9.999229,76.37527,42.9,103.41,-0.5059,-0.2588,0.1482,-6.65,16.65,-5.61,0.31
1773118695.93800,9.999212,76.37526,42.8,103.48,0.2129,0.0385,-0.2007,0.79,-10.98,-4.63,0.31
1773118695.03900,9.999194,76.37524,42.6,103.49,-0.3177,-0.0548,0.1224,1.65,2.93,-7.56,0.30
1773118695.13900,9.999177,76.37522,42.5,104.25,0.1124,-0.4846,0.3705,-22.62,-4.21,-1.95,0.31
1773118695.23800,9.999159,76.3752,42.4,104.89,0.4502,-0.0149,0.7555,-6.65,-2.44,-3.90,0.38
1773118695.33900,9.999142,76.37518,42.3,105.19,-0.0685,-0.0548,-0.0630,-3.05,-6.22,-5.61,0.24
1773118695.43900,9.999125,76.37516,42.2,105.49,0.6692,-0.2213,0.3529,-7.93,-0.79,-6.22,0.36
1773118695.53900,9.999107,76.37514,42.1,104.69,0.3292,-0.0707,0.4819,-1.16,9.15,-7.01,0.38
1773118695.63900,9.999092,76.37512,42.0,103.65,0.7039,0.0691,0.3796,0.43,1.40,-6.65,0.26
1773118696.73200,9.999092,76.37512,42.0,103.65,0.4771,0.1997,0.1509,-1.65,5.12,-7.68,0.42
1773118696.83900,9.99906,76.37508,41.8,102.60,0.4852,0.0743,0.4707,-4.94,9.51,-7.07,0.39
1773118696.93900,9.999044,76.37506,41.7,101.78,0.4139,0.1241,-0.0331,-2.07,-3.90,-7.01,0.50
1773118696.04000,9.999029,76.37504,41.6,101.10,0.0896,0.1643,0.2988,4.45,1.10,-6.95,0.33
1773118696.14000,9.999014,76.37502,41.5,100.67,0.3461,-0.1577,0.4391,-3.41,-3.90,-5.55,0.30
1773118696.24000,9.999,76.375,41.4,99.56,0.3987,-0.1298,0.3955,5.06,1.04,-6.04,0.36
1773118696.34000,9.998985,76.37498,41.3,99.33,0.0680,0.0840,0.5237,-0.30,1.34,-4.02,0.20
1773118696.43900,9.998971,76.37495,41.3,98.80,0.3232,0.1277,0.0817,0.37,5.67,-4.70,0.38
1773118696.54000,9.998958,76.37494,41.1,98.47,0.0741,-0.1527,0.5137,-4.76,0.85,-3.41,0.37
1773118696.64000,9.998944,76.37492,41.2,96.15,0.4845,0.0557,-0.0043,-3.96,5.12,-5.43,0.52
1773118697.74000,9.998931,76.37489,41.1,96.64,0.3591,-0.0836,0.0205,-12.68,-4.70,-2.99,0.42
1773118697.83900,9.998918,76.37487,41.1,96.03,0.2507,-0.1730,0.4918,6.28,6.04,-6.77,0.36
1773118697.93900,9.998905,76.37486,41.0,95.20,-0.1749,-0.1755,0.2424,-5.73,2.38,-2.87,0.34
1773118697.03900,9.998893,76.37483,41.0,94.14,-0.1160,-0.0804,0.3760,-5.24,8.96,-5.67,0.51
1773118697.13900,9.99888,76.37481,41.0,93.83,0.4008,-0.1842,0.6221,-9.88,5.00,-4.63,0.22
1773118697.23900,9.998869,76.37479,41.0,93.09,0.7317,0.0210,0.3274,5.00,10.67,-7.38,0.25
1773118697.33900,9.998857,76.37477,41.0,92.66,0.7780,0.0156,0.5470,5.37,-6.46,-2.87,0.44
1773118697.44000,9.998846,76.37475,40.9,92.16,0.1451,-0.2400,0.4015,-0.79,11.34,-4.21,0.22
1773118697.54000,9.998835,76.37473,40.8,90.99,0.4032,0.3148,0.3821,9.39,8.48,-9.02,0.32
1773118697.63900,9.998824,76.37471,40.9,90.44,0.0012,-0.2563,0.0326,13.29,-19.39,-2.13,0.46
1773118698.73900,9.998814,76.37469,40.8,90.73,-0.9813,-0.2094,0.3817,13.05,-6.95,-5.67,0.25
1773118698.83900,9.998803,76.37467,40.8,89.01,0.3164,-0.3521,0.3324,-21.77,-7.99,-2.26,0.33
1773118698.93900,9.998794,76.37465,40.8,88.54,1.8773,-0.2250,0.4138,-1.28,-15.37,-5.24,0.49
1773118698.03900,9.998784,76.37463,40.8,88.50,0.6859,0.2955,0.0359,16.65,-11.34,-2.44,0.45
1773118698.13900,9.998775,76.37461,40.8,87.57,0.3925,-0.0664,0.2054,0.61,-20.24,-4.09,0.42
1773118698.24000,9.998765,76.37459,40.8,86.85,0.6079,-0.1538,0.0239,-15.30,10.06,-6.83,0.34
1773118698.33900,9.998755,76.37457,40.9,86.74,-0.3127,0.0867,0.2468,5.30,-5.00,-5.24,0.33
1773118698.44000,9.998747,76.37455,40.8,85.88,1.1327,0.0183,0.6742,-2.01,13.35,-4.33,0.34
1773118698.54100,9.998738,76.37453,40.8,85.49,0.3997,0.3513,0.2267,17.26,-11.10,-5.73,0.37
1773118698.63900,9.99873,76.37451,40.7,85.08,0.6465,0.0723,0.5159,13.48,-3.05,-5.06,0.39
1773118699.74000,9.998722,76.37449,40.6,84.86,0.7178,0.1173,0.0466,2.01,-9.82,-6.77,0.45
1773118699.83900,9.998713,76.37447,40.6,84.37,0.0526,0.0499,0.4181,-0.85,-4.51,-3.60,0.38
1773118699.93900,9.998706,76.37445,40.5,84.10,0.3732,0.0850,0.1431,10.67,-23.05,-6.40,0.44
1773118699.04000,9.998698,76.37444,40.4,83.63,1.1284,0.1901,0.5662,11.83,4.33,-5.67,0.37
1773118699.14000,9.998691,76.37441,40.3,82.84,-0.3248,-0.5403,0.3120,-18.96,6.10,-8.05,0.33
1773118699.23900,9.998684,76.3744,40.2,82.87,-0.1788,-0.4996,0.4315,-3.78,-3.48,-5.00,0.20
1773118699.33900,9.998676,76.37437,40.1,82.04,-1.0476,-0.0188,0.5941,9.70,31.10,-4.70,0.38
1773118699.44000,9.99867,76.37436,40.0,81.53,-0.2426,0.0540,0.8097,3.66,-7.13,1.04,0.30
1773118699.54000,9.998663,76.37434,39.9,80.73,0.1158,-0.2509,0.4927,-7.80,-3.35,0.12,0.33
1773118699.64000,9.998656,76.37432,39.8,81.13,0.1691,0.1594,0.5616,0.12,-9.21,-3.29,0.37
1773118700.73300,9.998656,76.37432,39.8,81.13,-0.1465,0.0127,0.7985,15.37,10.43,-4.39,0.38
1773118700.83900,9.998643,76.37428,39.7,80.41,-0.0962,0.1050,0.6136,7.20,0.55,-4.02,0.43
1773118700.94000,9.998636,76.37426,39.6,79.92,-0.2277,-0.1879,0.4568,-5.73,6.52,-5.49,0.27
1773118700.04000,9.99863,76.37424,39.4,79.33,0.5875,0.1920,1.0868,9.21,-3.84,-1.77,0.34
1773118700.13900,9.998624,76.37422,39.3,78.79,0.6333,0.1326,0.9307,9.39,-2.26,-2.62,0.28
1773118700.23900,9.998618,76.37421,39.2,78.35,0.4672,0.0056,1.0217,12.20,-0.12,-2.38,0.49
1773118700.33900,9.998611,76.37418,39.0,78.36,0.6135,-0.0496,1.0808,5.98,1.10,-1.46,0.33
1773118700.43900,9.998606,76.37417,38.8,77.37,0.6409,0.2435,1.0232,6.16,-5.00,-1.83,0.42
1773118700.54000,9.9986,76.37415,38.6,77.45,0.0239,0.1797,0.7604,2.62,1.95,-1.71,0.43
1773118700.64000,9.998594,76.37413,38.5,76.58,0.3668,-0.2855,0.5309,8.66,-11.83,0.12,0.34
1773118701.73300,9.998594,76.37413,38.5,76.58,0.9498,-0.0068,0.8666,6.95,-0.37,0.79,0.37
1773118701.84000,9.998582,76.37409,38.2,76.10,0.1212,0.2339,0.7955,15.55,5.30,-2.32,0.36
1773118701.93900,9.998576,76.37408,38.0,75.63,-0.0920,-0.1895,0.7190,-2.13,8.23,0.12,0.31
1773118701.04000,9.99857,76.37406,37.9,74.81,0.3939,-0.0211,0.4552,2.99,7.26,0.55,0.34
1773118701.14000,9.998565,76.37404,37.7,74.60,0.3937,-0.3508,0.5769,-8.17,-10.06,0.73,0.53
1773118701.24000,9.998559,76.37402,37.6,74.20,0.4644,0.0010,0.7384,-4.21,-11.46,2.32,0.44
1773118701.34000,9.998554,76.37401,37.5,73.24,0.3518,-0.3226,0.5900,-2.99,-13.23,1.77,0.31
1773118701.43900,9.998549,76.37399,37.3,72.93,0.4344,-0.1327,1.1921,-21.22,-10.79,0.18,0.33
1773118701.54000,9.998543,76.37397,37.1,72.24,0.6370,-0.0143,0.5854,-3.72,-6.04,1.77,0.43
1773118701.63900,9.998537,76.37395,37.0,71.71,0.6694,0.1066,0.9127,4.82,-10.06,0.98,0.40
1773118702.74000,9.998532,76.37394,36.9,71.18,0.7511,0.1263,0.8114,-4.94,-5.85,-0.91,0.50
1773118702.84100,9.998527,76.37392,36.8,70.54,0.8612,-0.1219,0.8669,-9.39,-10.61,-0.91,0.36
1773118702.94100,9.998522,76.3739,36.7,68.75,0.5598,-0.0576,0.9636,-8.48,1.52,-1.16,0.38
1773118702.04000,9.998516,76.37389,36.5,67.55,0.2888,0.0039,0.9716,-3.41,3.72,-0.18,0.30
1773118702.14100,9.998511,76.37387,36.4,66.78,0.0670,0.1669,0.6917,0.91,9.94,-1.34,0.33
1773118702.24100,9.998507,76.37386,36.3,64.99,0.4271,-0.1191,0.5420,-7.56,5.85,-1.10,0.40
1773118702.34000,9.998502,76.37384,36.2,64.81,0.5543,-0.1548,0.6718,1.04,2.93,-1.95,0.49
1773118702.44100,9.998497,76.37383,36.0,64.03,0.8007,-0.2943,0.8678,-10.79,4.57,-2.07,0.37
1773118702.54100,9.998492,76.37381,35.9,62.93,1.0607,0.1288,0.6628,-6.40,-8.41,-6.16,0.46
1773118702.64100,9.998487,76.37379,35.8,61.90,2.0713,0.1893,0.8400,13.78,1.95,-8.96,0.40
1773118703.73400,9.998487,76.37379,35.8,61.90,-0.5256,0.3865,1.2665,16.83,5.37,-6.65,0.43
1773118703.84000,9.998479,76.37376,35.5,61.09,0.6970,0.3140,0.4279,9.70,-11.52,0.06,0.34
1773118703.94000,9.998475,76.37375,35.4,60.44,-0.4227,-0.1024,0.2227,-13.41,2.50,1.71,0.27
1773118703.04100,9.998471,76.37373,35.2,60.93,0.9272,-0.1553,0.3448,-20.91,18.23,2.26,0.39
1773118703.14100,9.998467,76.37372,35.1,59.22,0.9196,0.2500,0.8411,-17.68,-11.16,4.39,0.45
1773118703.24100,9.998464,76.3737,35.0,58.11,0.2214,-0.1660,0.2800,-24.21,-5.37,1.22,0.32
1773118703.34100,9.99846,76.37369,34.8,58.06,0.2933,0.1799,0.5117,-25.24,16.40,-5.55,0.40
1773118703.44100,9.998456,76.37368,34.7,57.15,1.1257,0.2341,0.9891,-19.63,8.17,-7.20,0.54
1773118703.54100,9.998453,76.37366,34.6,56.03,0.4945,0.1654,0.6104,-19.21,1.22,-6.71,0.41
1773118703.64100,9.99845,76.37365,34.5,55.97,1.1887,-0.0997,0.5542,-27.56,-2.87,-4.33,0.39
1773118704.74000,9.998447,76.37363,34.4,55.02,0.0809,-0.3131,0.7317,-25.43,12.87,-9.33,0.41
1773118704.84000,9.998445,76.37362,34.2,54.78,0.9375,0.2234,0.9220,-9.63,14.39,-12.38,0.37
1773118704.94000,9.998443,76.37361,34.1,53.70,0.8434,-0.2424,1.0123,-20.49,-12.62,-10.43,0.39
1773118704.04100,9.998442,76.3736,34.0,53.60,-0.4293,-0.0126,0.7371,-22.13,13.90,-17.62,0.30
1773118704.14000,9.99844,76.37358,33.8,53.26,0.8376,-0.0571,0.7025,-25.18,-7.50,-14.57,0.43
1773118704.24000,9.99844,76.37357,33.8,52.22,-0.4349,-0.2208,0.8655,0.98,40.24,-25.79,0.32
1773118704.34100,9.998439,76.37356,33.7,52.38,-0.0947,0.0096,0.5768,4.45,13.23,-20.49,0.34
1773118704.44000,9.998439,76.37354,33.6,50.94,0.7241,0.3164,0.9905,13.29,17.50,-16.04,0.38
1773118704.54200,9.99844,76.37353,33.5,51.17,0.5468,-0.0118,1.1031,1.83,10.61,-16.46,0.46
1773118704.64800,9.998441,76.37352,33.4,50.94,0.2344,-0.2278,0.7639,-3.29,9.63,-22.07,0.56
1773118705.73400,9.998441,76.37352,33.4,50.94,-0.4758,-0.1644,1.0302,4.39,13.41,-20.00,0.34
1773118705.84100,9.998444,76.37349,33.2,49.51,-0.3713,-0.0962,1.1935,-5.00,12.32,-13.23,0.41
1773118705.94100,9.998446,76.37348,33.1,50.11,-0.0011,0.0042,1.0665,-8.54,1.77,-13.48,0.33
1773118705.04000,9.998448,76.37347,33.1,51.30,0.0227,0.0361,0.9702,0.06,1.46,-14.70,0.32
1773118705.14100,9.998451,76.37345,33.0,52.31,-0.2086,0.0884,0.8427,-3.72,8.29,-16.28,0.46
1773118705.24100,9.998455,76.37344,32.9,53.36,-0.0765,-0.0701,1.0831,-5.67,10.06,-18.23,0.35
1773118705.34100,9.998459,76.37343,32.8,54.15,0.0760,0.0383,0.8540,8.66,10.67,-19.51,0.43
1773118705.44100,9.998463,76.37341,32.6,55.24,-0.1732,-0.0055,0.8013,16.52,10.00,-19.15,0.42
1773118705.54100,9.998467,76.3734,32.5,56.04,0.0629,0.1279,0.6708,23.41,3.17,-17.13,0.33
1773118705.64100,9.998472,76.37339,32.4,56.86,-0.1436,-0.2734,0.6616,12.50,0.18,-15.18,0.37
1773118706.73400,9.998472,76.37339,32.4,56.86,-0.3839,-0.1608,0.6555,19.33,2.38,-15.61,0.37
1773118706.84100,9.998484,76.37336,32.2,59.20,0.1036,-0.0393,0.3794,31.46,17.93,-17.32,0.40
1773118706.94000,9.99849,76.37334,32.1,59.81,0.0974,-0.1592,0.6343,42.99,1.83,-14.51,0.43
1773118706.04000,9.998497,76.37333,32.1,60.52,-0.1097,-0.1027,0.0767,34.82,-2.38,-6.52,0.38
1773118706.14100,9.998504,76.37331,31.9,61.65,-0.3668,-0.0520,0.3025,37.80,-1.22,-3.84,0.25
1773118706.24100,9.99851,76.37331,31.8,62.31,-0.1691,-0.1394,0.4650,32.13,-6.95,-1.28,0.46
1773118706.34100,9.998518,76.37329,31.7,63.59,-0.6993,-0.1409,0.0096,28.48,3.23,-2.13,0.32
1773118706.44100,9.998525,76.37328,31.7,64.88,-0.6387,0.0265,0.3291,27.01,2.44,-0.37,0.38
1773118706.54100,9.998532,76.37326,31.5,65.34,-0.1726,0.0614,0.8976,30.37,5.18,4.33,0.41
1773118706.64100,9.998539,76.37325,31.4,66.74,-0.1676,0.0150,0.9562,18.90,7.38,6.95,0.35
1773118707.73300,9.998539,76.37325,31.4,66.74,-0.3065,-0.0070,0.6294,5.67,1.46,8.05,0.40
1773118707.84000,9.998553,76.37321,31.3,68.05,-0.3707,-0.1276,0.8691,12.87,2.20,7.32,0.37
1773118707.94000,9.998561,76.3732,31.2,69.06,0.0183,0.0364,0.8489,2.74,8.29,8.23,0.33
1773118707.04000,9.998568,76.37318,31.2,69.55,-0.4264,-0.0651,0.2139,14.88,14.21,1.77,0.44
1773118707.14000,9.998574,76.37316,31.1,70.32,0.1086,0.0994,0.4734,1.46,17.50,5.43,0.35
1773118707.24100,9.998581,76.37315,31.1,69.69,0.1935,0.2028,0.6284,9.63,7.68,6.52,0.33
1773118707.34100,9.998588,76.37313,31.0,70.96,0.0001,0.0438,0.6708,-4.82,-1.52,5.55,0.33
1773118707.44100,9.998594,76.37312,31.0,71.31,0.1132,-0.1216,0.4650,11.65,0.85,7.93,0.48
1773118707.54100,9.9986,76.37309,30.9,71.76,0.1678,-0.1259,0.9031,-4.02,13.60,7.32,0.40
1773118707.64000,9.998606,76.37308,30.8,73.54,0.6001,0.0977,1.1993,4.94,-5.85,7.38,0.25
1773118708.74000,9.998611,76.37306,30.7,73.22,0.2866,0.1525,0.4027,0.98,11.59,10.12,0.35
1773118708.84700,9.998617,76.37304,30.7,74.51,-0.4398,0.0101,0.3724,0.98,9.02,10.24,0.35
1773118708.94100,9.998623,76.37302,30.6,74.95,0.0027,-0.1191,0.3757,-19.39,12.68,11.89,0.36
1773118708.04000,9.998628,76.37301,30.5,75.17,0.0908,0.0862,0.5972,-22.74,6.83,12.44,0.59
1773118708.14000,9.998633,76.37299,30.5,76.42,-0.0308,0.2782,0.7844,-23.05,0.49,9.51,0.20
1773118708.24000,9.998638,76.37297,30.4,76.88,0.2429,0.0685,0.3926,-30.73,-7.68,9.09,0.35
1773118708.34100,9.998643,76.37295,30.4,77.43,0.2789,-0.2117,0.7218,-30.55,-0.12,5.43,0.22
1773118708.44100,9.998649,76.37293,30.3,78.92,0.1025,-0.1324,0.4856,-26.22,3.60,3.66,0.35
1773118708.54100,9.998652,76.37291,30.3,78.19,-0.0690,-0.0078,0.4139,-34.09,1.89,3.84,0.34
1773118708.64100,9.998657,76.37289,30.2,78.98,0.1365,-0.0732,0.1572,-25.30,-2.99,-0.12,0.17
1773118709.74000,9.998662,76.37287,30.1,79.52,0.0386,-0.1769,0.2026,-18.90,-4.57,-2.13,0.17
1773118709.84000,9.998667,76.37285,30.1,80.00,0.3317,-0.0913,0.4529,-12.26,-7.62,-3.23,0.34
1773118709.94000,9.998672,76.37283,30.0,80.72,-0.2052,-0.0112,0.6571,7.32,4.15,-5.91,0.34
1773118709.04000,9.998676,76.37281,29.9,80.95,0.0297,0.0925,0.5857,11.71,1.28,-3.23,0.46
1773118709.14000,9.998682,76.3728,29.9,81.07,-0.2803,-0.0272,0.5211,8.96,-2.80,-3.60,0.49
1773118709.24100,9.998687,76.37277,29.8,82.42,0.0535,-0.0271,0.4095,8.48,1.16,-5.85,0.27
1773118709.34100,9.998692,76.37275,29.7,82.40,-0.3665,0.0690,0.6997,5.49,6.77,-6.71,0.33
1773118709.44100,9.998697,76.37273,29.6,82.83,-0.3126,-0.2614,0.5969,5.00,2.93,-3.96,0.40
1773118709.54200,9.998703,76.37271,29.6,83.34,-0.1361,-0.0333,0.6437,7.62,-0.30,-3.96,0.35
1773118709.64100,9.998709,76.37269,29.6,83.75,0.1591,-0.0088,0.6838,14.51,-1.46,-2.68,0.34
1773118710.74100,9.998714,76.37267,29.5,83.51,0.0841,0.1061,0.0017,6.77,-2.56,1.52,0.38
1773118710.84100,9.99872,76.37265,29.5,83.88,0.5179,0.2753,0.0730,11.95,-5.85,0.55,0.45
1773118710.94100,9.998726,76.37263,29.5,84.57,-0.0839,-0.1565,0.0798,-3.35,-9.57,-3.11,0.29
1773118710.04100,9.998733,76.37261,29.5,83.27,0.0684,-0.1217,0.4307,-1.77,0.24,-0.30,0.23
1773118710.14100,9.998739,76.37259,29.6,81.73,0.4348,-0.0962,0.2333,-14.02,-0.12,-0.55,0.29
1773118710.24100,9.998745,76.37257,29.5,82.74,0.5001,0.0616,0.1567,-2.80,4.70,-3.60,0.45
1773118710.34100,9.998752,76.37255,29.7,80.93,0.4596,0.0442,-0.1628,5.85,-0.12,-3.17,0.30
1773118710.44200,9.998757,76.37253,29.7,80.97,0.4600,0.0383,-0.0112,10.79,-2.80,-2.01,0.35
1773118710.54300,9.998763,76.37251,29.7,80.65,0.3728,-0.0836,-0.0352,0.79,-3.60,-0.91,0.29
1773118710.64100,9.998769,76.37249,29.7,80.24,0.1591,0.0132,0.1588,3.54,7.20,-0.43,0.40
1773118711.74200,9.998775,76.37247,29.7,78.25,0.0251,0.1501,0.5739,10.00,0.85,-1.40,0.37
1773118711.84100,9.99878,76.37245,29.6,78.49,0.3763,0.0782,0.2059,4.51,-7.13,0.98,0.27
1773118711.94900,9.998786,76.37244,29.6,78.19,0.2377,-0.1823,0.4154,-10.85,-10.43,2.56,0.50
1773118711.04200,9.998792,76.37241,29.6,77.12,0.8601,0.2644,0.6458,9.09,-12.68,3.23,0.36
1773118711.14200,9.998796,76.3724,29.6,75.29,0.6813,0.0924,0.6110,-2.68,-11.04,1.16,0.41
1773118711.24200,9.998802,76.37238,29.5,73.92,0.8730,-0.0679,0.9764,-3.78,-5.06,1.83,0.30
1773118711.34200,9.998807,76.37236,29.6,71.31,0.6456,0.1245,0.8784,-0.24,0.24,-0.85,0.31
1773118711.44100,9.998813,76.37234,29.6,69.71,0.8630,0.0201,1.0392,-2.99,16.59,-1.16,0.38
1773118711.54200,9.998817,76.37233,29.6,67.15,0.6400,-0.1188,0.6132,-0.12,4.27,1.52,0.38
1773118711.64200,9.998822,76.37231,29.6,64.86,1.1007,0.1327,0.4554,-11.04,10.24,3.66,0.46
1773118712.74300,9.998827,76.3723,29.6,62.94,0.6519,-0.0801,0.8483,-12.01,-2.80,4.76,0.37
1773118712.84200,9.998831,76.37228,29.7,61.02,0.5065,-0.1461,0.5358,-15.91,-5.24,-4.51,0.40
1773118712.94200,9.998836,76.37227,29.8,58.82,0.2054,0.0431,1.0059,4.88,14.94,-4.02,0.36
1773118712.04200,9.998839,76.37225,29.8,57.29,0.1094,0.1296,0.8440,-7.01,2.20,1.16,0.40
1773118712.14200,9.998843,76.37224,29.8,56.18,0.7899,0.1792,1.0824,-1.71,3.35,0.12,0.38
1773118712.24300,9.998848,76.37223,29.8,54.78,-0.2845,-0.0155,1.1249,-9.27,1.95,-2.38,0.43
1773118712.34300,9.998852,76.37222,29.9,53.94,0.9847,-0.0295,0.8427,-2.38,15.67,-4.45,0.42
1773118712.44300,9.998856,76.3722,29.9,52.50,1.1090,0.0314,1.0922,-4.02,-15.73,-2.38,0.34
1773118712.54400,9.998859,76.37219,30.0,51.53,0.0901,0.0992,1.0194,-4.76,5.91,-1.65,0.35
1773118712.64300,9.998863,76.37218,29.9,50.51,0.0760,0.1600,1.2716,-2.62,16.16,-3.05,0.37
1773118713.73600,9.998863,76.37218,29.9,50.51,0.6198,0.1571,1.2887,3.48,8.17,-4.82,0.37
1773118713.84400,9.998872,76.37215,30.1,48.14,0.9303,-0.1293,1.1444,-14.70,-14.94,-2.13,0.39
1773118713.94400,9.998876,76.37215,30.1,47.38,-0.2400,0.1405,0.5754,-5.85,-2.26,-3.05,0.33
1773118713.05100,9.998883,76.37212,30.1,44.92,0.4614,0.0144,0.9269,-8.29,14.82,-1.95,0.33
1773118713.13800,9.998883,76.37212,30.1,44.92,0.6476,0.0537,1.0957,-9.88,2.50,-1.04,0.35
1773118713.24500,9.998888,76.37211,30.0,44.81,0.0010,0.0917,1.0337,-14.51,15.43,-2.80,0.33
1773118713.34500,9.998892,76.3721,30.1,42.62,0.0406,0.0707,1.0861,-14.39,2.68,-5.61,0.37
1773118713.44400,9.998897,76.37209,30.2,42.35,0.1495,-0.1085,1.1034,-22.32,8.29,-10.55,0.47
1773118713.54500,9.9989,76.37209,30.3,41.85,0.3268,-0.1736,0.8589,-23.23,-3.96,-7.62,0.45
1773118713.64400,9.998905,76.37207,30.4,40.71,0.8889,0.0575,0.9224,-14.51,7.44,-10.85,0.43
1773118714.74500,9.99891,76.37206,30.5,40.67,-0.0496,0.1963,1.1051,-8.72,-4.82,-12.56,0.40
1773118714.84500,9.998915,76.37206,30.5,40.59,0.3746,0.0695,1.1765,-9.15,18.78,-12.80,0.39
1773118714.95100,9.998923,76.37204,30.7,39.35,-0.0336,0.0115,1.0800,-11.95,-1.34,-14.21,0.39
1773118714.03700,9.998923,76.37204,30.7,39.35,-0.1412,0.0947,0.9352,-7.44,6.59,-14.82,0.27
1773118714.14400,9.998928,76.37202,30.7,39.58,-0.1552,-0.0261,1.1003,-10.61,11.71,-15.18,0.44
1773118714.24400,9.998934,76.37202,30.8,40.17,-0.2340,0.0186,1.2227,-6.28,7.68,-16.89,0.55
1773118714.34400,9.99894,76.37201,30.8,40.70,0.0150,0.0247,0.9360,-7.50,2.68,-18.29,0.53
1773118714.44400,9.998946,76.372,30.8,41.49,0.0656,0.0636,0.7896,-0.18,7.50,-18.23,0.37
1773118714.54600,9.998953,76.37199,30.8,41.91,0.0485,0.1906,0.9124,4.51,2.68,-15.30,0.42
1773118714.65100,9.99896,76.37199,30.9,42.63,-0.2677,-0.0449,0.7203,-7.74,-1.04,-13.60,0.30
1773118715.73800,9.99896,76.37199,30.9,42.63,-0.0117,-0.1282,0.9093,-16.16,0.91,-12.74,0.30
1773118715.84400,9.998975,76.37197,31.0,44.65,-0.0936,-0.2072,0.9663,-19.39,9.33,-13.96,0.38
1773118715.94400,9.998982,76.37196,31.0,45.22,-0.0859,-0.0784,1.0879,-11.34,15.37,-14.94,0.53
1773118715.04400,9.998991,76.37195,31.0,45.71,-0.5668,0.1886,1.0869,11.34,23.17,-16.83,0.35
1773118715.14400,9.999,76.37194,31.0,46.05,0.3069,0.0237,1.0873,-9.21,-11.71,-14.27,0.38
1773118715.24500,9.999008,76.37193,31.0,46.19,-0.0695,0.0880,0.8909,0.30,-3.60,-14.94,0.30
1773118715.34500,9.999018,76.37193,31.0,48.01,0.0564,-0.1122,0.9835,-12.07,-3.84,-15.18,0.28
1773118715.45100,9.999037,76.37191,31.0,48.78,-0.3201,-0.1115,1.1575,-5.67,9.02,-17.20,0.44
1773118715.53800,9.999037,76.37191,31.0,48.78,-0.1713,0.2555,0.9543,8.23,11.16,-18.17,0.36
1773118715.64400,9.999047,76.37191,31.0,49.61,0.1902,-0.0706,1.0626,2.32,10.91,-16.89,0.35
1773118716.74400,9.999059,76.3719,31.0,49.94,-0.0371,0.0049,1.2860,4.57,7.20,-15.98,0.41
1773118716.84400,9.999069,76.37189,31.0,51.06,-0.1943,-0.1453,0.9692,0.49,0.37,-14.33,0.33
1773118716.95100,9.999092,76.37188,31.1,52.03,-0.1738,0.0242,0.8795,-2.87,3.96,-11.46,0.28
1773118716.03800,9.999092,76.37188,31.1,52.03,-0.6416,-0.1262,0.2815,2.93,-8.11,-13.96,0.39
1773118716.14400,9.999104,76.37187,31.1,52.55,-0.0155,-0.0912,1.3113,-1.71,7.56,-13.05,0.56
1773118716.24400,9.999116,76.37186,31.1,53.22,-0.8833,0.1953,0.7207,-0.18,7.93,-16.28,0.45
1773118716.34500,9.999128,76.37186,31.2,54.61,0.3173,-0.0430,0.7477,11.83,6.89,-12.93,0.28
1773118716.45100,9.999155,76.37185,31.2,56.14,-0.0081,0.0498,0.5546,1.28,-6.95,-13.78,0.33
1773118716.53900,9.999155,76.37185,31.2,56.14,0.1379,-0.2891,0.7522,-0.12,-3.72,-13.23,0.41
1773118716.64400,9.999168,76.37185,31.2,57.04,-0.1100,-0.3239,0.2579,19.15,3.41,-15.06,0.43
1773118717.73700,9.999168,76.37185,31.2,57.04,-0.3419,0.1731,0.4944,31.65,15.98,-14.27,0.29
1773118717.84400,9.999196,76.37183,31.2,59.18,0.0507,0.1221,0.4142,26.89,6.10,-13.84,0.25
1773118717.94400,9.99921,76.37183,31.2,59.87,-0.4575,-0.1056,0.5621,32.38,-2.80,-10.24,0.24
1773118717.04500,9.999226,76.37183,31.2,61.10,-1.1412,-0.0690,0.2585,23.23,15.12,-8.78,0.36
1773118717.14500,9.999241,76.37183,31.2,61.81,0.1840,0.3221,0.3829,25.00,30.61,-9.02,0.25
1773118717.24400,9.999256,76.37182,31.2,62.03,-0.1216,0.3732,-0.0862,30.43,-21.65,-6.22,0.40
1773118717.34400,9.999271,76.37181,31.3,63.46,-0.3416,-0.0198,0.2760,16.22,3.96,-0.67,0.34
1773118717.44400,9.999287,76.37181,31.3,64.33,0.2722,-0.0383,0.9767,11.40,-1.77,-4.02,0.33
1773118717.54600,9.999302,76.3718,31.3,63.79,0.8448,-0.0369,0.8582,-2.56,-14.27,2.68,0.29
1773118717.64400,9.999318,76.3718,31.3,64.18,-0.2334,-0.0873,1.0771,-1.59,4.76,2.87,0.20
1773118718.74500,9.999333,76.3718,31.4,64.26,0.0323,-0.0361,0.4381,1.46,0.73,-0.24,0.32
1773118718.84500,9.99935,76.3718,31.3,64.75,-0.2441,-0.0942,0.5823,2.32,8.54,0.00,0.27
1773118718.94500,9.999366,76.37179,31.3,65.81,-0.4097,-0.0116,0.8400,-1.10,14.09,2.32,0.35
1773118718.04400,9.999381,76.37178,31.3,66.24,0.1119,0.0895,1.2557,3.35,8.66,0.37,0.50
1773118718.14400,9.999397,76.37178,31.4,66.15,0.5427,-0.0374,1.2092,-5.18,-0.85,1.10,0.28
1773118718.24400,9.999413,76.37177,31.3,67.03,0.2697,-0.0037,0.7904,-5.30,-21.95,3.11,0.37
1773118718.34400,9.99943,76.37177,31.4,66.67,0.1080,0.0306,0.8617,2.32,-0.43,1.40,0.19
1773118718.45100,9.999463,76.37177,31.4,67.42,0.7911,-0.1279,0.4586,-4.63,-23.35,1.89,0.44
1773118718.53900,9.999463,76.37177,31.4,67.42,0.1194,-0.0267,0.8842,-2.56,5.91,2.80,0.24
1773118718.64500,9.999479,76.37176,31.5,67.71,0.1287,0.0610,0.3954,2.93,-15.18,2.07,0.43
1773118719.74500,9.999495,76.37175,31.5,67.21,0.8682,0.1010,1.0171,5.85,17.87,1.77,0.39
1773118719.85100,9.999527,76.37174,31.5,66.54,1.3662,-0.2776,0.9510,-3.96,-18.05,-0.30,0.40
1773118719.93800,9.999527,76.37174,31.5,66.54,-0.7026,0.1160,0.9503,15.30,2.20,0.98,0.37
1773118719.04400,9.999543,76.37173,31.5,65.93,0.6378,-0.1036,1.0118,11.89,27.07,-0.12,0.37
1773118719.14500,9.999558,76.37173,31.4,66.17,0.6748,-0.0356,0.6523,20.37,-12.99,1.28,0.41
1773118719.24500,9.999575,76.37173,31.4,65.98,-1.2737,-0.0674,0.7791,20.67,21.52,8.17,0.35
1773118719.35100,9.999604,76.37171,31.4,64.16,-0.7363,-0.1537,0.5812,11.89,18.35,7.62,0.38
1773118719.43800,9.999604,76.37171,31.4,64.16,1.2750,-0.1941,0.5872,11.34,-7.44,5.85,0.35
1773118719.54500,9.999619,76.37171,31.4,64.13,-0.0013,-0.5031,0.2463,8.48,-7.01,7.32,0.33
1773118719.64500,9.999634,76.3717,31.5,63.00,0.2655,0.1676,0.8260,25.43,9.51,8.78,0.51
1773118720.74500,9.999648,76.3717,31.5,62.76,0.8213,0.2963,1.0836,7.74,9.39,12.13,0.42
1773118720.85200,9.999677,76.37168,31.5,61.23,0.2704,0.0155,1.0502,-4.57,-6.28,13.48,0.39
1773118720.93800,9.999677,76.37168,31.5,61.23,0.0275,0.1837,0.8195,11.34,-5.73,11.10,0.39
1773118720.04500,9.99969,76.37167,31.6,60.87,-0.1663,-0.0308,0.1458,8.05,-3.60,9.76,0.40
1773118720.14600,9.999703,76.37167,31.5,60.78,0.0813,0.1198,1.1006,9.27,-1.22,9.88,0.40
1773118720.24600,9.999717,76.37167,31.5,60.57,-0.8114,0.1740,1.1970,14.09,-15.30,17.99,0.38
1773118720.35100,9.999743,76.37165,31.6,60.61,-0.6199,-0.2867,0.7587,-13.23,15.43,13.05,0.35
1773118720.43900,9.999743,76.37165,31.6,60.61,0.5070,0.1873,1.1340,6.95,25.85,12.99,0.35
1773118720.54600,9.999755,76.37164,31.6,60.27,-0.2496,-0.0835,0.5811,2.44,0.85,13.05,0.43
1773118720.64600,9.999768,76.37163,31.6,60.02,-0.3121,0.0011,0.6743,-7.74,11.16,13.35,0.32
1773118721.73900,9.999768,76.37163,31.6,60.02,0.3293,0.0933,1.2850,-9.82,27.38,17.99,0.35
1773118721.85900,9.999805,76.3716,31.7,61.16,0.2186,0.0770,1.0632,-13.60,3.96,17.62,0.43
1773118721.93900,9.999805,76.3716,31.7,61.16,0.7296,0.0645,1.0341,-22.87,-4.02,14.70,0.40
1773118721.04500,9.999818,76.3716,31.7,62.59,-0.0690,0.1886,0.3571,-13.96,-3.78,13.05,0.21
1773118721.14500,9.99983,76.37158,31.8,63.39,-0.4316,-0.0804,0.8607,-36.83,-4.33,9.94,0.29
1773118721.24600,9.999842,76.37157,31.6,63.78,-0.5449,0.0142,1.2462,-33.84,6.46,8.78,0.51
1773118721.35200,9.999866,76.37155,31.6,63.77,0.1477,-0.0071,1.0579,-36.65,-12.20,5.67,0.33
1773118721.43800,9.999866,76.37155,31.6,63.77,-0.1202,-0.0444,1.2982,-31.59,15.73,1.89,0.36
1773118721.54600,9.999878,76.37154,31.7,64.72,0.2126,0.1128,0.8699,-17.44,15.91,-0.79,0.32
1773118721.64600,9.99989,76.37153,31.7,64.60,0.6375,-0.1307,1.0654,-18.41,-3.35,-1.59,0.36
1773118722.73900,9.99989,76.37153,31.7,64.60,0.4015,0.1067,0.8207,-9.15,-14.57,0.12,0.43
1773118722.84500,9.999914,76.37151,31.2,65.30,-0.9233,-0.1486,0.5693,-8.29,2.01,-1.71,0.17
1773118722.94500,9.999928,76.3715,31.1,66.73,-0.5317,0.1633,0.7379,-7.74,0.85,-1.52,0.49
1773118722.04500,9.99994,76.37148,31.0,66.49,-0.4664,-0.0980,0.4655,-12.07,-7.68,-2.93,0.38
1773118722.14600,9.999953,76.37148,30.8,67.07,0.2413,-0.2429,0.9059,-7.44,-3.60,-3.78,0.27
1773118722.24600,9.999967,76.37147,30.8,68.28,0.9125,0.1023,0.5356,11.59,-8.66,-5.61,0.27
1773118722.34600,9.999979,76.37145,30.9,67.05,0.5752,-0.0748,0.3909,-7.87,-4.21,-5.12,0.57
1773118722.44500,9.999992,76.37144,30.7,68.55,0.5917,0.1287,0.6290,-0.06,5.61,-4.94,0.40
1773118722.54600,10.00001,76.37143,30.6,67.84,0.4564,0.0714,0.4818,5.18,12.32,-5.73,0.39
1773118722.64600,10.00002,76.37142,30.5,68.16,0.4320,0.1029,0.6061,7.20,6.10,-4.57,0.41
1773118723.74600,10.00003,76.37141,30.4,68.37,0.1027,0.1649,0.5575,12.74,1.40,-4.15,0.46
1773118723.84500,10.00005,76.3714,30.4,68.27,-0.1040,-0.1173,0.8147,6.59,3.66,-2.87,0.37
1773118723.94500,10.00006,76.37139,30.3,67.95,0.3530,-0.0571,0.7731,0.00,-6.89,-1.22,0.36
1773118723.04600,10.00007,76.37138,30.1,68.69,0.2452,-0.1213,1.0393,-1.04,0.98,-0.18,0.24
1773118723.14500,10.00009,76.37137,29.9,67.50,0.3577,0.1727,0.7426,-4.39,-10.30,0.61,0.49
1773118723.24500,10.0001,76.37135,29.9,66.06,-0.0762,-0.2493,0.6383,-6.16,4.70,-0.61,0.33
1773118723.34500,10.00011,76.37135,29.8,65.16,0.2560,0.0867,0.6316,-4.09,5.37,-0.91,0.30
1773118723.44600,10.00012,76.37134,29.8,66.28,0.5529,-0.1270,0.5898,-9.39,-10.49,0.61,0.30
1773118723.54800,10.00014,76.37132,29.7,68.04,-0.0782,-0.0944,0.8132,-16.52,-7.50,0.49,0.37
1773118723.64600,10.00015,76.37132,29.7,66.83,0.1349,0.1536,0.9500,-10.91,17.01,-1.28,0.34
1773118724.75300,10.00018,76.37129,29.6,66.00,0.4409,0.1133,0.8846,-7.26,3.29,-0.67,0.30
1773118724.84000,10.00018,76.37129,29.6,66.00,0.5270,-0.2322,1.0779,-14.70,0.43,-0.55,0.36
1773118724.94700,10.00019,76.37128,29.5,65.38,0.4214,-0.1652,0.9365,-18.48,4.70,-2.87,0.46
1773118724.04700,10.0002,76.37128,29.6,65.71,0.5421,-0.3314,0.8982,-24.33,-2.44,-4.33,0.25
1773118724.14700,10.00022,76.37127,29.3,64.87,0.7747,-0.0825,0.9858,-25.91,-4.21,-2.20,0.51
1773118724.25300,10.00025,76.37125,29.2,64.13,0.4409,0.2123,0.8560,-15.06,-9.63,-5.49,0.39
1773118724.33900,10.00025,76.37125,29.2,64.13,-0.1250,0.2365,0.9451,-14.39,15.00,-11.40,0.44
1773118724.44600,10.00026,76.37124,29.2,63.44,0.8455,0.1104,0.7650,0.73,20.06,-12.80,0.38
1773118724.54800,10.00027,76.37123,29.3,62.69,0.6287,0.0006,1.0210,-4.94,3.29,-11.77,0.36
1773118724.66000,10.0003,76.37122,28.8,62.85,0.5431,0.0598,0.8778,3.72,11.77,-12.26,0.50
1773118725.73900,10.0003,76.37122,28.8,62.85,0.4324,0.1876,0.5818,4.45,4.21,-11.16,0.39
1773118725.84700,10.00031,76.37121,28.9,62.81,0.7490,0.1196,0.9829,-6.65,-1.65,-9.94,0.22
1773118725.94600,10.00033,76.3712,28.6,62.68,0.1823,0.1951,1.0200,1.16,-0.37,-9.57,0.43
1773118725.04600,10.00034,76.37119,28.5,62.93,0.1304,0.0424,1.3207,-6.52,3.90,-8.35,0.45
1773118725.14600,10.00036,76.37119,28.4,62.92,0.2517,-0.0470,1.3077,-5.67,1.89,-8.60,0.53
1773118725.25300,10.00038,76.37118,28.4,62.75,0.3101,0.0804,0.9954,-3.72,-3.60,-10.00,0.40
1773118725.34000,10.00038,76.37118,28.4,62.75,-0.2086,-0.0491,1.0383,-15.91,2.32,-10.06,0.45
1773118725.44600,10.0004,76.37117,28.3,63.34,0.1362,-0.2482,0.9622,-19.57,2.80,-9.45,0.32
1773118725.54700,10.00041,76.37116,28.1,64.02,0.1077,-0.0988,0.7301,-18.66,0.43,-9.94,0.36
1773118725.64700,10.00043,76.37116,28.0,64.47,0.0264,-0.2834,0.8688,-24.45,2.44,-9.63,0.23
1773118726.74700,10.00046,76.37115,27.8,65.27,0.1897,-0.1428,1.1676,-11.95,4.09,-9.82,0.39
1773118726.83900,10.00046,76.37115,27.8,65.27,0.0778,0.1410,0.9358,-4.63,0.98,-10.91,0.46
1773118726.95300,10.00049,76.37114,27.4,67.08,-0.0017,-0.2083,0.6039,-15.43,4.21,-11.65,0.37
1773118726.03900,10.00049,76.37114,27.4,67.08,0.2009,0.0872,0.7581,-9.45,-1.34,-11.28,0.30
1773118726.15300,10.00053,76.37113,27.2,67.94,0.1105,0.0465,0.5851,3.78,5.30,-13.54,0.42
1773118726.24600,10.00055,76.37113,27.0,67.94,0.2606,0.3049,0.3986,-3.17,6.34,-12.87,0.44
1773118726.33900,10.00055,76.37113,27.0,67.94,0.3333,0.0259,0.8019,-8.72,9.39,-13.84,0.43
1773118726.44600,10.00056,76.37113,26.9,68.96,0.5664,-0.0356,0.6682,-5.00,-2.99,-15.24,0.43
1773118726.54700,10.00058,76.37112,26.8,69.44,0.0104,0.2365,0.3276,3.60,7.56,-14.33,0.34
1773118726.64600,10.0006,76.37112,26.7,69.82,0.4729,0.0920,0.1364,8.17,16.95,-12.80,0.46
1773118727.75300,10.00063,76.37112,26.5,70.37,1.5085,0.0751,0.5292,4.94,8.48,-13.84,0.32
1773118727.83900,10.00063,76.37112,26.5,70.37,-0.2491,0.1521,0.2404,20.06,15.98,-17.87,0.40
1773118727.95300,10.00067,76.37112,26.3,70.57,0.9537,-0.5330,0.5665,-11.16,-3.90,-12.44,0.35
1773118727.03900,10.00067,76.37112,26.3,70.57,0.0709,0.3199,0.2578,40.98,-8.23,-6.89,0.20
1773118727.15300,10.0007,76.37112,26.1,72.31,0.7841,0.1210,0.3875,18.23,7.74,-11.59,0.38
1773118727.24700,10.00072,76.37112,25.9,71.72,0.7628,-0.8468,0.4873,-9.09,-8.90,-11.77,0.31
1773118727.34000,10.00072,76.37112,25.9,71.72,0.3416,-0.1088,0.2731,33.35,-18.48,-7.87,0.24
1773118727.45300,10.00076,76.37113,25.7,72.47,-0.4227,-0.1852,0.0159,12.68,-15.73,-5.79,0.45
1773118727.54100,10.00076,76.37113,25.7,72.47,-0.8230,0.3359,0.3992,23.35,34.51,-14.94,0.40
1773118727.65300,10.00079,76.37113,25.4,72.21,0.0129,0.2419,0.6909,25.24,57.62,-13.90,0.30
1773118728.74600,10.00081,76.37114,25.2,72.77,0.4078,0.3040,-0.0275,25.85,18.54,-6.46,0.38
1773118728.83900,10.00081,76.37114,25.2,72.77,0.0547,-0.0057,0.1752,6.59,1.04,-2.80,0.47
1773118728.95300,10.00085,76.37114,25.1,72.22,-0.1205,-0.1688,0.3264,10.67,21.59,-6.83,0.47
1773118728.04000,10.00085,76.37114,25.1,72.22,0.3322,0.3239,0.5299,19.88,8.78,-8.29,0.48
1773118728.15300,10.00088,76.37115,24.9,70.89,-0.1702,0.1271,0.3209,15.00,5.30,-5.85,0.33
1773118728.23900,10.00088,76.37115,24.9,70.89,0.4364,0.1278,0.2432,24.09,-2.26,-4.15,0.30
1773118728.35300,10.00092,76.37115,24.6,70.17,1.2070,-0.1399,0.4580,11.77,-15.18,-4.45,0.33
1773118728.44000,10.00092,76.37115,24.6,70.17,-1.3153,-0.1162,0.2887,9.21,12.80,-3.84,0.23
1773118728.54700,10.00093,76.37116,24.5,69.95,-0.9777,-0.3396,0.5703,16.71,29.82,-1.65,0.30
1773118728.65200,10.00097,76.37116,24.3,69.40,0.5052,0.0305,0.8193,16.95,14.39,4.15,0.33
1773118729.74000,10.00097,76.37116,24.3,69.40,0.7843,-0.2074,0.4125,7.13,-4.82,1.52,0.46
1773118729.85300,10.001,76.37117,24.0,67.94,0.4592,0.0874,0.6737,19.09,2.68,0.91,0.29
1773118729.94000,10.001,76.37117,24.0,67.94,0.2225,0.0875,0.4058,12.32,16.52,3.41,0.38
1773118729.05300,10.00104,76.37118,23.8,67.41,0.7701,0.2585,1.0383,10.85,-5.98,2.87,0.33
1773118729.14600,10.00105,76.37118,23.7,67.39,-0.5813,0.3734,0.7719,14.39,5.55,2.87,0.30
1773118729.24000,10.00105,76.37118,23.7,67.39,-0.0702,-0.0769,0.9127,10.49,12.26,3.23,0.20
1773118729.35300,10.00109,76.37119,23.5,66.21,-0.0896,-0.1261,0.7776,7.38,-2.93,2.07,0.33
1773118729.44000,10.00109,76.37119,23.5,66.21,0.1425,-0.0233,0.5623,11.83,13.41,3.90,0.26
1773118729.54700,10.0011,76.37119,23.4,66.25,0.5449,0.0916,0.9597,14.51,6.71,4.57,0.24
1773118729.65200,10.00114,76.37119,23.2,65.47,0.4056,-0.1289,0.6348,0.67,5.98,5.30,0.35
1773118730.74000,10.00114,76.37119,23.2,65.47,0.5166,0.0573,0.7758,4.33,1.28,5.24,0.46
1773118730.85300,10.00117,76.37119,23.0,63.93,0.1987,-0.1085,0.9210,-2.50,7.50,4.45,0.33
1773118730.93900,10.00117,76.37119,23.0,63.93,0.3820,-0.0392,0.4305,-5.49,4.15,5.43,0.24
1773118730.05300,10.0012,76.3712,22.8,63.54,0.5575,0.0835,0.9308,-1.89,6.71,5.43,0.45
1773118730.14700,10.00122,76.3712,22.7,63.98,0.2411,0.1956,0.8831,1.10,-10.73,4.76,0.35
1773118730.24000,10.00122,76.3712,22.7,63.98,0.1735,0.1449,0.8354,-1.52,-4.94,4.15,0.31
1773118730.34700,10.00123,76.3712,22.6,63.90,0.2706,0.1747,0.8256,-0.49,-8.78,4.82,0.36
1773118730.45300,10.00126,76.3712,22.4,64.29,0.6921,0.0342,0.8685,-7.13,1.52,4.63,0.43
1773118730.54000,10.00126,76.3712,22.4,64.29,0.2627,-0.0704,0.6223,-8.84,-10.18,4.57,0.35
1773118730.65200,10.0013,76.37121,22.1,63.78,0.1833,0.1561,1.0337,-0.73,-6.77,3.29,0.40
1773118731.73900,10.0013,76.37121,22.1,63.78,0.0037,-0.1812,0.8458,-10.61,-0.18,2.87,0.29
1773118731.86000,10.00133,76.37121,21.9,64.44,0.4427,-0.0013,1.0735,-0.85,2.01,-0.12,0.43
1773118731.94000,10.00133,76.37121,21.9,64.44,0.2695,-0.0697,0.7429,-5.43,-3.96,1.95,0.48
1773118731.04700,10.00135,76.37121,21.7,63.88,0.6646,0.0212,1.0521,-7.20,1.83,5.37,0.18
1773118731.15200,10.00138,76.37121,21.5,63.20,1.0510,-0.1537,0.7697,-9.76,-10.49,4.33,0.37
1773118731.23900,10.00138,76.37121,21.5,63.20,0.1410,0.1599,1.1168,-4.39,-8.05,2.13,0.51
1773118731.35300,10.00141,76.37121,21.3,62.25,-0.1271,-0.2915,0.6510,-16.10,-2.26,-0.06,0.41
1773118731.44000,10.00141,76.37121,21.3,62.25,0.3680,0.1709,0.6549,-11.46,5.00,0.37,0.48
1773118731.54700,10.00142,76.37121,21.2,61.97,0.6578,0.0546,0.6030,-4.51,-3.05,-0.67,0.33
1773118731.65300,10.00146,76.37121,21.0,61.19,0.3367,0.0409,1.0317,-7.01,3.54,0.24,0.35
1773118732.74000,10.00146,76.37121,21.0,61.19,0.5996,-0.1757,0.8448,-10.06,-13.41,4.02,0.44
1773118732.85300,10.00149,76.37121,20.7,60.73,0.3716,-0.1105,0.8368,-8.23,-22.50,-2.99,0.43
1773118732.94000,10.00149,76.37121,20.7,60.73,0.5364,-0.0699,0.9708,-4.70,-13.17,-4.02,0.42
1773118732.05300,10.00152,76.37121,20.7,59.03,0.4635,-0.0424,0.6361,2.13,-1.16,-7.80,0.43
1773118732.14700,10.00153,76.37121,20.6,56.60,0.2510,-0.0063,0.5811,6.40,12.74,-5.79,0.39
1773118732.24000,10.00153,76.37121,20.6,56.60,0.6572,0.2399,0.7990,2.13,0.73,-1.71,0.37
1773118732.35300,10.00156,76.37121,20.5,53.62,0.3551,0.0099,0.9233,6.28,10.24,0.12,0.37
1773118732.44700,10.00157,76.37121,20.4,52.55,0.1443,-0.0388,0.9561,-10.79,-2.01,2.20,0.39
1773118732.54100,10.00157,76.37121,20.4,52.55,0.2839,-0.0616,0.8538,-0.49,8.90,-3.66,0.38
1773118732.65300,10.0016,76.37122,20.3,50.84,0.3060,-0.0074,0.5273,-1.22,7.26,-3.72,0.39
1773118733.74000,10.0016,76.37122,20.3,50.84,0.9869,-0.0464,0.5920,1.71,2.74,-5.30,0.32
1773118733.85300,10.00162,76.37122,20.0,48.82,0.4210,0.0406,0.7528,7.01,-3.54,-3.90,0.39
1773118733.94000,10.00162,76.37122,20.0,48.82,0.4712,0.0771,0.8009,1.10,4.15,-1.89,0.23
1773118733.05300,10.00164,76.37122,19.9,47.13,0.6774,0.1066,0.6842,2.32,1.89,-1.46,0.37
1773118733.14700,10.00166,76.37122,19.7,47.06,0.1252,0.0718,1.0009,0.18,0.49,0.06,0.36
1773118733.24000,10.00166,76.37122,19.7,47.06,0.5398,0.0969,0.9872,-4.76,0.55,-0.43,0.55
1773118733.35300,10.00168,76.37122,19.6,45.85,0.2129,0.1056,0.9590,4.63,-6.46,-2.38,0.34
1773118733.44000,10.00168,76.37122,19.6,45.85,-0.0096,-0.0115,0.3916,3.66,0.91,-0.79,0.41
1773118733.54700,10.00169,76.37122,19.4,45.48,0.9669,-0.0226,0.7485,3.96,14.51,-1.40,0.41
1773118733.65300,10.00171,76.37122,19.2,43.73,0.8152,0.1997,1.3552,9.70,4.09,-2.26,0.34
1773118734.74000,10.00171,76.37122,19.2,43.73,0.0369,0.0371,0.8163,1.22,3.17,-2.44,0.37
1773118734.85300,10.00173,76.37122,19.0,42.46,0.3490,-0.0360,0.8962,3.05,2.32,-3.84,0.34
1773118734.94100,10.00173,76.37122,19.0,42.46,0.2760,0.1300,1.2688,10.37,5.00,-4.45,0.36
1773118734.05400,10.00175,76.37122,18.9,41.76,0.2854,0.0016,0.8363,4.21,-1.40,-2.50,0.51
1773118734.14000,10.00175,76.37122,18.9,41.76,0.5499,0.0013,0.8203,7.74,3.84,-1.52,0.24
1773118734.25300,10.00177,76.37122,18.9,41.41,0.1335,-0.0876,0.7330,2.87,3.84,-0.24,0.39
1773118734.34000,10.00177,76.37122,18.9,41.41,0.4750,-0.1118,0.5188,-0.79,-0.18,0.61,0.40
1773118734.45400,10.0018,76.37122,18.8,40.36,0.0636,-0.0577,0.9348,2.38,-0.79,1.59,0.38
1773118734.54800,10.0018,76.37122,18.8,40.36,0.0507,-0.3400,0.8323,-3.84,2.38,1.52,0.40
1773118734.65500,10.00181,76.37123,18.6,39.51,0.3763,-0.4755,0.8478,-8.17,-1.46,1.95,0.43
1773118735.74200,10.00181,76.37123,18.6,39.51,0.4222,0.0696,0.8693,-12.38,-3.11,1.46,0.20
1773118735.85500,10.00183,76.37123,18.6,39.56,0.5789,0.0465,0.9999,-0.73,4.70,-0.73,0.45
1773118735.94200,10.00183,76.37123,18.6,39.56,0.3057,-0.1886,0.8816,-0.61,0.79,-3.05,0.42
1773118735.05500,10.00185,76.37123,18.5,38.79,0.1023,-0.2805,0.8597,0.00,4.45,-6.83,0.42
1773118735.14200,10.00185,76.37123,18.5,38.79,0.3636,0.0741,1.0433,8.41,0.30,-5.37,0.24
1773118735.25500,10.00187,76.37123,18.3,38.61,0.1317,-0.0057,0.8329,11.22,2.01,-1.10,0.38
1773118735.34100,10.00187,76.37123,18.3,38.61,0.4110,0.1266,1.0156,1.77,0.73,2.26,0.28
1773118735.45400,10.00189,76.37124,18.1,38.37,0.1027,-0.2247,0.4821,-6.59,0.98,6.40,0.28
1773118735.54200,10.00189,76.37124,18.1,38.37,0.0903,-0.0974,0.6102,-10.24,4.09,6.46,0.33
1773118735.65500,10.00191,76.37124,18.0,37.77,0.3330,-0.0137,0.8365,-16.34,2.62,4.57,0.36
1773118736.74200,10.00191,76.37124,18.0,37.77,0.0796,-0.1201,0.4979,-15.61,0.79,1.65,0.35
1773118736.85500,10.00193,76.37124,17.9,38.02,0.1554,-0.0590,1.0250,-11.04,7.20,-2.50,0.37
1773118736.94800,10.00194,76.37124,17.8,37.78,0.2415,-0.0773,1.0251,-9.88,1.10,-6.10,0.43
1773118736.04800,10.00195,76.37125,17.8,37.75,-0.6816,0.0771,0.9139,-8.17,10.61,-11.52,0.36
1773118736.14100,10.00195,76.37125,17.8,37.75,-0.5306,-0.2006,1.1823,2.13,5.12,-9.82,0.27
1773118736.25500,10.00197,76.37125,17.7,39.66,0.1755,0.0814,0.8182,10.98,-0.24,-9.27,0.37
1773118736.34200,10.00197,76.37125,17.7,39.66,-0.0167,0.0502,0.7573,8.11,-3.41,-7.80,0.44
1773118736.44800,10.00198,76.37125,17.6,40.59,-0.2941,0.0593,1.0619,8.17,9.21,-5.91,0.53
1773118736.55000,10.00199,76.37125,17.5,41.28,0.0443,0.0724,0.9941,13.29,-4.27,-5.55,0.44
1773118736.65500,10.00201,76.37125,17.4,43.31,0.2118,0.0859,0.7695,10.55,0.61,-5.24,0.31
1773118737.74100,10.00201,76.37125,17.4,43.31,0.8699,-0.0886,1.4185,14.27,4.27,-3.60,0.49
1773118737.84900,10.00202,76.37125,17.3,44.05,1.0062,0.0594,1.4536,8.66,-36.89,0.37,0.34
1773118737.94800,10.00203,76.37125,17.2,45.00,0.8145,0.0548,1.7539,24.02,61.34,-8.66,0.50
1773118737.05500,10.00206,76.37126,17.0,44.39,-0.9506,-0.2286,1.4221,-23.90,-15.98,-0.06,0.37
1773118737.14200,10.00206,76.37126,17.0,44.39,0.2288,-0.3717,0.8152,9.57,-21.22,0.55,0.35
1773118737.25400,10.00208,76.37127,17.0,47.17,0.3009,0.3536,1.0392,15.37,6.95,5.61,0.32
1773118737.34200,10.00208,76.37127,17.0,47.17,-0.6473,0.2935,1.2246,12.68,13.96,4.70,0.35
1773118737.45400,10.0021,76.37127,16.7,47.87,-0.2300,-0.1138,0.8738,4.76,9.88,0.67,0.31
1773118737.54200,10.0021,76.37127,16.7,47.87,-0.5752,-0.0131,0.6263,11.40,-0.98,0.85,0.35
1773118737.66200,10.00213,76.37128,16.6,49.83,-0.2806,-0.0342,0.7621,12.13,19.45,4.33,0.38
1773118738.74200,10.00213,76.37128,16.6,49.83,0.3900,0.0623,1.0984,7.07,-15.61,4.88,0.49
1773118738.85500,10.00215,76.37128,16.4,51.48,-0.2318,0.0249,0.2628,13.78,-4.70,3.17,0.39
1773118738.94100,10.00215,76.37128,16.4,51.48,0.4130,0.0085,0.9050,5.55,-11.22,5.43,0.20
1773118738.05500,10.00218,76.37128,16.2,51.96,-0.8035,-0.0807,0.8695,-4.27,1.77,4.63,0.31
1773118738.14200,10.00218,76.37128,16.2,51.96,0.3658,0.0875,0.6405,-1.83,-21.59,5.61,0.24
1773118738.25500,10.00221,76.37128,16.0,54.08,-1.4030,0.1875,0.7406,4.63,-17.26,5.43,0.42
1773118738.34100,10.00221,76.37128,16.0,54.08,-1.0969,-0.6193,1.1830,-33.05,44.70,11.77,0.45
1773118738.45500,10.00223,76.37128,15.8,54.19,-0.8199,0.0699,1.3087,-5.67,7.56,2.80,0.37
1773118738.54200,10.00223,76.37128,15.8,54.19,-0.0013,0.0061,0.7683,-7.01,-15.73,2.26,0.33
1773118738.64900,10.00225,76.37128,15.8,54.26,0.0797,0.0106,0.8276,-1.71,-7.13,1.52,0.33
1773118739.74200,10.00225,76.37128,15.8,54.26,0.2600,0.1145,0.6165,9.76,-0.43,0.30,0.39
1773118739.84900,10.00227,76.37129,15.6,54.39,0.3594,0.2039,0.6786,14.27,-4.33,2.44,0.40
1773118739.95500,10.0023,76.37129,15.5,55.59,-0.3446,-0.0715,0.6589,-0.61,-5.30,3.48,0.36
1773118739.04100,10.0023,76.37129,15.5,55.59,0.2383,0.1735,0.8029,7.50,-2.74,3.35,0.31
1773118739.14800,10.00232,76.37129,15.3,54.76,0.0052,-0.2179,0.8733,7.74,0.91,1.46,0.24
1773118739.24800,10.00233,76.37129,15.3,54.66,0.2833,0.1555,0.9656,11.40,10.43,3.78,0.39
1773118739.35500,10.00236,76.37129,15.2,55.72,0.5781,0.1440,1.1333,13.11,-1.34,5.73,0.28
1773118739.44800,10.00237,76.37129,15.2,54.56,0.2456,-0.0370,0.9967,11.71,-1.22,5.73,0.27
1773118739.54200,10.00237,76.37129,15.2,54.56,0.0493,-0.2588,0.5616,5.55,3.05,7.32,0.40
1773118739.64800,10.00238,76.37129,15.1,53.49,0.2292,-0.1620,0.7179,-4.33,5.67,11.22,0.39
1773118740.74200,10.00238,76.37129,15.1,53.49,0.7162,0.0903,0.7588,-12.13,-4.09,10.98,0.43
1773118740.84800,10.00241,76.37129,14.9,52.51,0.7036,0.1458,0.7389,-9.94,-14.51,9.51,0.23
1773118740.95500,10.00244,76.37129,14.8,50.99,0.3899,0.2616,0.6980,-8.54,6.22,10.37,0.29
1773118740.04200,10.00244,76.37129,14.8,50.99,0.3551,0.0206,0.6934,-17.87,9.33,9.39,0.21
1773118740.15500,10.00246,76.37129,14.7,48.90,0.5852,0.0576,0.7941,-15.91,-1.22,4.76,0.39
1773118740.24200,10.00246,76.37129,14.7,48.90,0.6191,0.1215,1.0419,-9.27,0.06,3.78,0.28
1773118740.34900,10.00247,76.37129,14.6,48.07,0.3447,0.0502,0.8097,-10.73,0.79,2.80,0.51
1773118740.45500,10.0025,76.37129,14.5,46.17,0.5789,-0.1122,0.6996,-12.38,-5.43,2.32,0.32
1773118740.54300,10.0025,76.37129,14.5,46.17,0.0505,0.1569,1.0898,-4.02,8.90,-0.18,0.39
1773118740.64800,10.00251,76.37129,14.4,45.81,0.5052,0.0017,1.3169,-2.68,6.46,-2.01,0.34
1773118741.74100,10.00251,76.37129,14.4,45.81,0.3447,0.0425,0.8116,2.99,-11.34,-3.48,0.34
1773118741.86200,10.00254,76.37128,14.1,44.78,0.4059,-0.1631,0.7345,-3.11,-2.93,-2.62,0.43
1773118741.94900,10.00255,76.37128,14.1,43.87,0.8203,-0.0143,1.0913,15.49,6.71,-7.38,0.33
1773118741.04200,10.00255,76.37128,14.1,43.87,0.4902,0.1226,1.2076,16.40,2.32,-5.37,0.40
1773118741.15500,10.00257,76.37128,13.9,41.94,0.5680,0.0988,0.9150,19.82,-4.21,3.05,0.44
1773118741.24200,10.00257,76.37128,13.9,41.94,0.5994,0.0629,0.6425,12.87,0.30,6.28,0.49
1773118741.35500,10.00259,76.37128,13.8,39.65,0.2877,0.0685,0.9670,5.67,10.73,10.43,0.33
1773118741.45000,10.0026,76.37128,13.7,38.19,0.1748,0.0742,0.8474,1.59,10.37,10.43,0.40
1773118741.54400,10.0026,76.37128,13.7,38.19,0.4484,0.1583,1.0045,3.11,5.43,11.65,0.22
1773118741.65100,10.00261,76.37128,13.6,37.88,0.4554,-0.0251,0.2393,-14.88,-10.61,12.87,0.40
1773118742.74400,10.00261,76.37128,13.6,37.88,0.3839,0.0240,0.7135,-13.90,-4.27,10.73,0.32
1773118742.85100,10.00263,76.37128,13.6,37.31,0.5009,-0.0657,0.6218,-11.22,-8.17,9.15,0.29
1773118742.95700,10.00265,76.37128,13.5,36.02,0.5077,-0.0601,0.9415,-11.10,-0.79,1.22,0.41
1773118742.04400,10.00265,76.37128,13.5,36.02,0.3793,0.0920,1.2052,3.60,3.48,-4.27,0.26
1773118742.15100,10.00266,76.37127,13.4,35.60,0.5778,-0.0492,1.1647,6.52,1.59,-6.28,0.43
1773118742.25100,10.00267,76.37127,13.4,34.89,0.8149,0.0815,0.6997,15.30,-0.79,-3.66,0.40
1773118742.35700,10.00268,76.37127,13.3,33.05,0.6899,0.0366,0.8716,14.02,-3.29,1.10,0.35
1773118742.44400,10.00268,76.37127,13.3,33.05,0.3381,0.0853,0.9408,14.21,0.49,6.46,0.49
1773118742.55200,10.00269,76.37127,13.3,32.01,0.4694,0.0944,1.1218,9.57,1.34,10.06,0.30
1773118742.65000,10.0027,76.37126,13.3,31.55,0.3038,0.0004,0.7625,2.01,0.43,12.87,0.41
1773118743.74300,10.0027,76.37126,13.3,31.55,0.3772,0.1415,0.9628,4.57,-0.18,14.27,0.31
1773118743.85000,10.00271,76.37126,13.3,30.00,0.4158,0.0428,0.9485,-6.28,1.52,13.78,0.22
1773118743.95000,10.00272,76.37126,13.2,29.20,0.3699,0.0996,0.9528,-4.27,3.66,12.32,0.30
1773118743.05100,10.00273,76.37125,13.1,29.41,0.3416,0.0461,0.9651,-6.71,1.52,10.43,0.55
1773118743.15100,10.00273,76.37125,13.2,27.97,0.4749,0.1670,1.0709,0.73,0.00,5.55,0.16
1773118743.25100,10.00274,76.37125,13.1,28.50,0.3480,0.0358,0.8411,-4.57,-2.62,2.99,0.45
1773118743.35700,10.00275,76.37125,13.0,26.92,0.3628,0.1323,1.0387,3.72,-2.93,2.07,0.43
1773118743.44400,10.00275,76.37125,13.0,26.92,0.4041,-0.0220,0.9205,0.98,-1.65,1.89,0.53
1773118743.55100,10.00276,76.37125,12.9,25.97,0.2461,0.0734,0.8804,4.21,0.73,1.95,0.31
1773118743.65100,10.00277,76.37125,12.9,26.02,0.1909,0.1027,1.0392,6.83,7.26,4.57,0.32
1773118744.75000,10.00277,76.37124,12.8,25.15,0.1689,0.0797,0.8790,2.38,0.79,7.50,0.28
1773118744.85700,10.00278,76.37124,12.7,25.00,0.3022,0.0261,0.9449,-4.15,1.77,8.84,0.50
1773118744.94400,10.00278,76.37124,12.7,25.00,0.3513,0.0045,0.8898,-6.52,-2.20,7.44,0.39
1773118744.05100,10.00279,76.37123,12.6,25.34,0.3241,0.0609,0.8528,-2.01,-1.65,6.77,0.37
1773118744.15100,10.00279,76.37123,12.5,24.75,0.6971,-0.0148,0.9185,-3.23,-7.01,6.95,0.27
1773118744.25700,10.00281,76.37122,12.5,22.71,0.6819,0.0000,0.9050,-5.37,-5.30,6.16,0.33
1773118744.35000,10.00281,76.37122,12.5,21.31,0.6796,0.1033,0.7566,0.67,-0.18,4.88,0.36
1773118744.44400,10.00281,76.37122,12.5,21.31,0.6650,0.0984,0.8772,-1.77,4.02,4.76,0.35
1773118744.55200,10.00281,76.37122,12.4,20.30,0.5394,-0.0322,0.8816,-10.00,2.93,6.40,0.35
1773118744.65000,10.00282,76.37122,12.3,18.58,0.4829,0.0297,0.8508,-9.45,9.02,6.40,0.45
1773118745.76500,10.00283,76.37122,12.3,16.72,0.3972,0.0139,0.8833,-8.96,4.70,7.13,0.28
1773118745.84400,10.00283,76.37122,12.3,16.72,0.2373,-0.0531,0.9203,-11.10,9.82,4.70,0.49
1773118745.95100,10.00283,76.37122,12.3,15.84,0.1080,0.1279,1.0597,-4.94,6.83,-0.79,0.25
1773118745.05000,10.00283,76.37122,12.2,15.84,0.2231,0.0322,0.8879,-8.54,2.44,-4.57,0.37
1773118745.15000,10.00284,76.37121,12.2,16.05,0.0957,0.0066,0.9987,-2.50,3.78,-10.18,0.39
1773118745.25100,10.00284,76.37121,12.2,15.54,0.0353,-0.0382,1.0316,-0.37,2.50,-14.39,0.35
1773118745.35700,10.00285,76.37121,12.1,16.44,0.1399,-0.0135,0.8546,6.59,0.49,-16.22,0.35
1773118745.44400,10.00285,76.37121,12.1,16.44,-0.0492,0.0283,0.9843,10.61,1.28,-15.61,0.35
1773118745.55100,10.00285,76.37121,12.1,16.96,-0.1311,0.0200,1.0790,19.76,-1.16,-12.38,0.39
1773118745.65000,10.00286,76.3712,12.0,17.39,0.1090,0.0072,1.0618,20.61,0.98,-8.11,0.37
1773118746.75700,10.00286,76.3712,12.0,18.18,0.0226,0.0289,0.9460,22.44,0.24,-0.12,0.30
1773118746.84300,10.00286,76.3712,12.0,18.18,0.1345,-0.0446,1.0474,15.55,6.46,6.89,0.24
1773118746.95100,10.00287,76.3712,11.9,18.51,0.1168,0.0862,1.0219,12.93,5.73,14.27,0.27
1773118746.05000,10.00287,76.37119,11.9,20.19,0.1927,0.0588,1.1294,8.66,10.00,18.48,0.45
1773118746.15000,10.00288,76.37119,11.9,20.52,-0.1586,-0.1627,1.0325,-11.28,7.44,22.13,0.42
1773118746.25000,10.00288,76.37119,11.8,20.50,-0.2200,0.1917,1.2839,-1.52,9.63,23.23,0.48
1773118746.35700,10.00289,76.37119,11.7,22.90,-0.1510,0.0081,1.2780,-19.33,4.88,22.50,0.38
1773118746.44300,10.00289,76.37119,11.7,22.90,0.0756,0.1577,0.8024,-5.06,0.24,16.28,0.48
1773118746.55100,10.0029,76.37118,11.7,24.16,0.0664,0.0555,0.9846,-11.34,2.62,9.15,0.36
1773118746.65100,10.0029,76.37118,11.7,25.05,-0.0743,0.0604,1.0408,-7.44,-2.68,5.12,0.27
1773118747.74400,10.0029,76.37118,11.7,25.05,-0.0142,0.0336,0.8292,-7.80,-6.16,2.80,0.33
1773118747.85700,10.00292,76.37116,11.5,28.32,-0.2051,0.0443,1.0994,0.24,-0.55,0.30,0.37
1773118747.94300,10.00292,76.37116,11.5,28.32,-0.1394,-0.0659,0.9407,-2.07,-2.32,1.40,0.37
1773118747.05000,10.00293,76.37116,11.4,29.37,-0.0614,0.0161,1.0408,-1.71,-2.74,0.79,0.37
1773118747.15100,10.00293,76.37115,11.3,30.25,-0.0006,-0.1483,1.1530,-2.87,3.90,2.62,0.27
1773118747.25000,10.00294,76.37115,11.3,31.19,0.0143,0.0696,1.0328,8.17,1.46,1.77,0.37
1773118747.35700,10.00295,76.37114,11.1,33.33,0.0980,0.1567,0.8167,10.79,-2.44,3.23,0.35
1773118747.44400,10.00295,76.37114,11.1,33.33,-0.1760,0.0900,0.8472,10.98,4.57,2.50,0.37
1773118747.55100,10.00296,76.37114,11.1,33.89,0.0601,0.2120,0.7922,17.32,-6.10,6.10,0.40
1773118747.65000,10.00297,76.37113,11.1,35.64,-0.0142,0.0626,1.1703,4.88,2.93,6.34,0.41
1773118748.75000,10.00297,76.37112,11.0,36.15,0.0927,0.0439,0.8368,6.40,4.51,7.26,0.32
1773118748.86400,10.00299,76.37112,10.9,38.35,0.0896,0.0149,0.9592,3.05,-5.00,8.29,0.40
1773118748.94300,10.00299,76.37112,10.9,38.35,0.0775,0.0603,0.5935,3.90,1.28,7.74,0.28
1773118748.05000,10.003,76.37111,10.8,39.17,0.2092,-0.0431,0.8363,0.18,-4.15,6.52,0.40
1773118748.15000,10.00301,76.3711,10.7,40.31,0.0623,0.0939,1.0128,-2.44,4.76,4.39,0.32
1773118748.25000,10.00301,76.37109,10.7,41.01,0.2148,0.1342,1.1395,-3.41,0.91,4.57,0.44
1773118748.35000,10.00302,76.37109,10.6,42.06,-0.0813,-0.0223,0.8711,-1.10,-0.67,4.45,0.50
1773118748.45000,10.00303,76.37108,10.5,42.93,-0.2740,0.0076,0.7438,-0.73,3.35,3.90,0.33
1773118748.55100,10.00304,76.37107,10.4,43.74,0.1326,0.1831,0.9579,0.61,0.91,4.82,0.42
1773118748.65100,10.00305,76.37106,10.4,44.63,0.0399,-0.0696,1.1774,-3.05,-5.67,6.04,0.37
1773118749.74400,10.00305,76.37106,10.4,44.63,-0.0391,-0.0636,0.7609,-6.77,6.22,4.21,0.35
1773118749.85100,10.00306,76.37105,10.3,45.59,0.4291,0.1722,1.0911,-5.61,-5.37,2.93,0.27
1773118749.95000,10.00307,76.37104,10.2,45.83,0.0195,-0.0284,1.0393,-7.38,4.51,2.44,0.48
1773118749.05100,10.00308,76.37103,10.2,46.82,0.1356,-0.1261,0.7570,-6.28,-0.91,1.40,0.24
1773118749.15200,10.00309,76.37103,10.0,45.92,0.2922,0.0854,1.1832,-6.89,-3.11,1.46,0.24
1773118749.25800,10.0031,76.37101,9.9,46.92,0.6422,0.0967,0.8967,1.59,-5.67,0.85,0.32
1773118749.34500,10.0031,76.37101,9.9,46.92,0.1622,0.1754,0.8843,1.28,-3.48,0.67,0.35
1773118749.45200,10.00311,76.371,9.8,46.83,0.2522,-0.0247,0.8593,-2.62,-1.34,0.91,0.25
1773118749.55200,10.00312,76.37099,9.8,46.19,0.3165,0.1364,0.9655,-2.68,2.62,1.83,0.31
1773118749.65200,10.00313,76.37099,9.7,45.86,0.5359,0.0327,0.9984,-2.93,-1.95,2.74,0.30
1773118750.74500,10.00313,76.37099,9.7,45.86,0.5205,-0.0062,0.9364,-6.22,-4.63,1.65,0.33
1773118750.85200,10.00315,76.37097,9.6,44.59,0.2860,0.0359,1.0974,-0.85,2.87,-1.10,0.38
1773118750.95100,10.00315,76.37096,9.5,44.17,0.5166,0.0557,1.0287,-2.56,-2.20,-0.85,0.34
1773118750.05100,10.00316,76.37095,9.5,43.54,0.4619,0.0452,0.9543,-4.70,-1.52,0.00,0.28
1773118750.15100,10.00317,76.37094,9.4,42.47,0.4467,0.0050,0.9893,-0.37,-2.32,-0.67,0.42
1773118750.25100,10.00318,76.37094,9.3,41.64,0.5046,0.0708,0.8340,0.85,1.16,-1.89,0.38
1773118750.35100,10.00318,76.37093,9.3,40.92,0.2272,0.0654,1.0676,-0.49,1.22,-0.91,0.45
1773118750.45200,10.00319,76.37093,9.2,40.11,0.1541,0.0714,1.0062,4.82,5.67,-0.43,0.35
1773118750.55300,10.0032,76.37092,9.1,39.71,-0.0488,0.0372,1.0620,-0.30,4.63,-0.12,0.35
1773118750.65300,10.0032,76.37091,9.1,39.21,0.2246,0.0795,0.9799,1.89,1.89,0.00,0.40
1773118751.74600,10.0032,76.37091,9.1,39.21,0.3627,0.0553,1.0107,1.77,1.22,-0.06,0.36
1773118751.85300,10.00322,76.3709,8.9,38.34,-0.0020,-0.0114,1.0482,-0.24,4.21,1.46,0.27
1773118751.95200,10.00322,76.37089,8.9,37.90,-0.2361,0.0256,1.1135,-3.41,11.77,1.71,0.20
1773118751.05200,10.00323,76.37088,8.8,37.68,0.1565,0.0708,1.2397,-1.22,7.20,1.16,0.40
1773118751.15300,10.00324,76.37087,8.7,38.10,0.2051,0.0160,1.0175,-3.78,0.79,0.30,0.48
1773118751.25900,10.00325,76.37086,8.6,38.91,-0.0925,0.0765,1.1456,0.00,4.15,-0.30,0.30
1773118751.34600,10.00325,76.37086,8.6,38.91,0.1863,0.0045,1.0812,-4.33,-0.30,0.30,0.33
1773118751.45300,10.00326,76.37086,8.6,39.82,0.1204,0.0240,1.0507,0.55,0.79,-1.04,0.23
1773118751.55400,10.00327,76.37085,8.5,40.10,0.0928,0.0476,1.0364,0.85,-0.67,0.49,0.36
1773118751.65300,10.00327,76.37084,8.4,39.94,0.0587,0.0764,0.9500,0.91,3.05,0.00,0.31
1773118752.74700,10.00327,76.37084,8.4,39.94,0.5197,0.0759,0.8635,-3.29,-4.45,-0.73,0.30
1773118752.85300,10.00329,76.37083,8.3,40.07,0.2455,0.0095,1.0720,-3.11,-4.51,0.37,0.33
1773118752.95400,10.00329,76.37082,8.2,40.39,0.0001,0.0497,1.1870,0.79,2.62,-0.43,0.22
1773118752.05400,10.0033,76.37081,8.2,40.46,0.2623,0.0543,1.0953,1.28,0.43,-0.24,0.45
1773118752.15400,10.00331,76.3708,8.1,39.40,0.2249,0.0144,1.0348,-1.52,-0.67,-0.61,0.31
1773118752.25300,10.00332,76.3708,8.1,39.21,0.0959,0.0447,1.1257,-0.18,2.38,-1.04,0.46
1773118752.35300,10.00332,76.37079,8.1,39.29,0.1754,0.1029,1.0697,2.38,-0.12,-0.98,0.48
1773118752.45400,10.00333,76.37078,8.1,38.93,0.1346,0.0757,0.8480,1.04,-0.61,-1.89,0.38
1773118752.55400,10.00334,76.37077,8.0,38.49,0.5570,-0.0034,0.8539,-0.79,-6.89,-0.73,0.35
1773118752.65400,10.00334,76.37077,8.0,37.84,0.4877,0.0243,0.9425,0.61,-5.18,-1.22,0.25
1773118753.74700,10.00334,76.37077,8.0,37.84,0.2573,0.0244,1.0034,1.89,1.22,-2.26,0.40
1773118753.85400,10.00336,76.37076,7.9,37.07,0.3937,0.0487,0.7148,3.54,-4.27,-2.07,0.34
1773118753.95400,10.00336,76.37075,7.8,37.24,0.2007,0.0801,1.0981,5.49,1.40,-2.01,0.35
1773118753.05300,10.00337,76.37074,7.8,36.07,0.1555,0.1134,1.1062,1.40,1.40,0.79,0.49
1773118753.15400,10.00338,76.37074,7.7,36.61,0.3876,-0.0040,0.8940,-2.07,-4.15,-1.52,0.30
1773118753.25400,10.00338,76.37073,7.7,36.10,0.5621,0.0782,1.0896,0.67,-8.60,0.98,0.32
1773118753.35400,10.00339,76.37073,7.6,36.08,0.6135,0.0334,1.0817,0.55,0.67,-0.73,0.27
1773118753.45300,10.0034,76.37072,7.5,36.27,0.7263,0.0209,0.8867,1.34,-2.99,-0.61,0.36
1773118753.55400,10.0034,76.37071,7.4,34.42,0.4434,0.0656,1.0039,2.01,1.28,-0.55,0.35
1773118753.65400,10.00341,76.3707,7.4,34.68,0.2496,0.0574,0.8064,1.59,0.61,-0.24,0.31
1773118754.74700,10.00341,76.3707,7.4,34.68,0.2637,0.0426,1.0106,0.73,-2.32,1.59,0.28
1773118754.85300,10.00342,76.3707,7.3,33.14,0.3674,0.0443,0.8866,-2.26,-1.34,1.22,0.36
1773118754.95300,10.00343,76.37069,7.3,32.16,0.3640,0.0889,0.9077,2.01,-2.44,0.73,0.33
1773118754.05400,10.00343,76.37068,7.2,31.48,0.5294,0.0247,0.8920,1.52,-4.57,0.37,0.57
1773118754.16000,10.00344,76.37067,7.2,29.61,0.7096,0.0879,0.8364,-0.85,-5.79,0.30,0.33
1773118754.24600,10.00344,76.37067,7.2,29.61,0.7192,-0.0249,0.9695,-1.77,-5.55,0.24,0.42
1773118754.35300,10.00345,76.37067,7.1,28.90,0.6798,0.1418,0.9459,3.41,-1.28,-1.22,0.22
1773118754.45300,10.00345,76.37066,7.1,26.92,0.6569,0.1815,0.7546,5.06,-0.67,-0.06,0.37
1773118754.55400,10.00346,76.37066,7.1,25.29,0.5115,0.1477,0.9790,5.18,-0.49,0.30,0.33
1773118754.65400,10.00346,76.37065,7.0,24.03,0.5178,0.1149,1.0656,2.74,0.61,0.06,0.43
1773118755.74800,10.00346,76.37065,7.0,24.03,0.5680,0.0977,0.8026,-4.09,-1.28,0.43,0.36
1773118755.85500,10.00347,76.37064,7.0,22.18,0.4741,0.1467,0.9485,2.74,-0.91,0.79,0.30
1773118755.95400,10.00347,76.37064,6.9,20.84,0.3837,0.0645,1.0220,1.22,1.83,0.06,0.51
1773118755.05400,10.00348,76.37064,7.0,19.73,0.2985,-0.0493,0.9797,-1.89,7.38,0.73,0.43
1773118755.16100,10.00348,76.37063,6.9,18.59,0.2596,0.0037,0.9966,-4.15,9.33,0.67,0.43
1773118755.24800,10.00348,76.37063,6.9,18.59,0.0151,-0.0211,1.1592,4.21,5.49,1.28,0.39
1773118755.35400,10.00349,76.37063,6.9,18.38,0.0314,0.0433,1.0116,-2.26,8.05,1.16,0.28
1773118755.45500,10.00349,76.37063,6.8,18.47,0.2747,0.0389,0.9681,-7.50,0.55,1.71,0.43
1773118755.55600,10.00349,76.37062,6.8,17.99,0.2653,0.0270,0.9104,-1.52,0.12,0.91,0.33
1773118755.65600,10.0035,76.37062,6.9,18.38,0.2311,0.0695,0.9673,-2.13,0.37,0.61,0.38
1773118756.74900,10.0035,76.37062,6.9,18.38,0.2350,-0.0143,0.8746,-6.65,-2.20,-0.49,0.47
1773118756.86100,10.00351,76.37061,6.8,17.54,-0.0212,0.0270,0.8835,-2.32,2.62,-2.44,0.33
1773118756.94900,10.00351,76.37061,6.8,17.54,0.2954,0.0332,1.1476,-1.83,4.57,-3.66,0.43
1773118756.06200,10.00351,76.37061,6.7,16.87,0.1808,0.0588,1.0986,0.06,4.09,-3.17,0.40
1773118756.15500,10.00352,76.3706,6.7,16.54,0.2233,0.1139,0.9819,2.26,2.13,-2.74,0.36
1773118756.24900,10.00352,76.3706,6.7,16.54,0.3365,0.0342,0.8671,0.73,2.99,-1.22,0.37
1773118756.35500,10.00352,76.3706,6.6,16.04,0.2830,0.0294,0.9158,1.10,0.55,-1.59,0.18
1773118756.46200,10.00352,76.37059,6.5,15.68,0.3658,0.0269,1.0144,-1.16,2.93,-1.34,0.37
1773118756.55000,10.00352,76.37059,6.5,15.68,0.2631,0.0052,1.0054,-0.98,-0.91,-1.52,0.35
1773118756.66200,10.00353,76.37059,6.5,14.80,0.3351,0.0724,0.9351,0.00,-1.16,-0.79,0.33
1773118757.74900,10.00353,76.37059,6.5,14.80,0.2310,0.0253,0.9177,0.37,0.49,-0.98,0.43
1773118757.86200,10.00354,76.37058,6.4,14.33,0.1857,0.0348,0.8794,-3.54,-2.87,-0.85,0.35
1773118757.95000,10.00354,76.37058,6.4,14.33,0.1823,0.0729,1.0483,-1.59,-0.24,-0.73,0.28
1773118757.06300,10.00354,76.37057,6.4,14.34,0.0658,0.0690,1.1339,-3.41,-0.24,-0.85,0.40
1773118757.14900,10.00354,76.37057,6.4,14.34,0.0046,0.0436,0.9800,0.43,3.11,-1.83,0.35
1773118757.25600,10.00354,76.37057,6.3,14.33,0.2657,0.0803,0.8748,0.24,-1.52,-2.13,0.35
1773118757.36200,10.00355,76.37057,6.3,15.50,0.2002,0.0229,0.9634,-3.60,1.77,-2.62,0.38
1773118757.44900,10.00355,76.37057,6.3,15.50,0.1357,0.0336,1.0798,-1.52,-0.85,-2.56,0.41
1773118757.55700,10.00355,76.37057,6.3,15.56,0.0609,0.0197,0.9485,-1.95,-0.43,-1.65,0.45
1773118757.66300,10.00356,76.37056,6.3,16.32,0.0615,0.0243,1.0615,-0.67,-0.98,-2.74,0.37
1773118758.75000,10.00356,76.37056,6.3,16.32,0.1942,0.0265,0.9365,2.38,-0.49,-3.48,0.48
1773118758.85700,10.00356,76.37056,6.3,16.91,0.0831,0.0233,0.8900,0.85,2.13,-3.60,0.36
1773118758.96400,10.00357,76.37055,6.2,16.60,0.2703,0.0122,1.0154,1.46,0.79,-2.99,0.27
1773118758.06300,10.00357,76.37055,6.2,17.22,0.1362,0.0261,1.1603,1.59,0.37,-2.99,0.29
1773118758.14900,10.00357,76.37055,6.2,17.22,0.1261,0.0651,0.9768,5.55,0.12,-3.05,0.36
1773118758.25600,10.00358,76.37054,6.2,17.14,0.1416,0.0254,1.0233,2.26,-1.34,-2.32,0.37
1773118758.35600,10.00358,76.37054,6.2,17.63,0.2440,-0.0271,1.0072,2.68,-1.22,-0.73,0.34
1773118758.45700,10.00358,76.37054,6.2,17.96,0.2900,0.0417,0.8340,2.74,-3.11,1.40,0.46
1773118758.55700,10.00359,76.37054,6.2,18.33,0.3414,0.0214,0.7906,1.22,-1.34,3.41,0.32
1773118758.65600,10.00359,76.37054,6.2,17.48,0.2349,0.0107,1.0210,1.10,-1.40,3.48,0.37
1773118759.74900,10.00359,76.37054,6.2,17.48,0.1582,0.0890,1.0198,2.56,2.38,3.72,0.38
1773118759.85700,10.0036,76.37053,6.1,17.06,0.1705,0.0074,0.9095,1.40,-0.06,3.11,0.30
1773118759.95600,10.0036,76.37053,6.2,18.10,0.4093,0.0626,0.9459,4.02,-2.26,3.96,0.36
1773118759.06300,10.00361,76.37052,6.1,18.13,0.3496,-0.0144,1.0531,1.10,-2.62,4.88,0.39
1773118759.15000,10.00361,76.37052,6.1,18.13,0.1556,0.0326,1.1302,2.07,2.07,4.57,0.31
1773118759.25600,10.00361,76.37051,6.0,17.85,0.2344,0.0203,0.9467,1.77,2.50,4.27,0.40
1773118759.35600,10.00361,76.37051,6.0,17.18,0.2056,0.0613,0.7886,4.39,-0.67,4.63,0.33
1773118759.45600,10.00362,76.37051,6.0,18.01,0.3450,0.0309,0.9932,3.35,-1.59,6.22,0.25
1773118759.55700,10.00362,76.37051,5.9,17.30,0.4149,0.0632,0.8444,0.91,-2.62,7.50,0.33
1773118759.65700,10.00362,76.37051,5.9,17.03,0.2356,0.0071,1.0741,-3.41,0.55,8.48,0.25
1773118760.75700,10.00362,76.3705,5.9,17.16,0.5413,0.1332,1.0023,2.32,-0.30,7.87,0.34
1773118760.85700,10.00363,76.3705,5.8,16.77,0.4825,0.0708,1.1555,-0.37,-0.55,7.93,0.37
1773118760.95600,10.00363,76.3705,5.8,16.75,0.4420,0.0333,0.7307,-2.44,-3.66,7.20,0.36
1773118760.06300,10.00364,76.37049,5.8,15.57,-0.0350,-0.0231,0.8746,-6.89,3.54,8.11,0.34
1773118760.15000,10.00364,76.37049,5.8,15.57,0.3026,0.0751,1.0319,-4.45,5.06,8.78,0.43
1773118760.25700,10.00364,76.37048,5.7,14.10,0.2273,0.0762,0.9972,-4.94,3.84,7.50,0.51
1773118760.35600,10.00364,76.37048,5.7,14.72,0.3441,0.0831,1.0664,-4.88,-3.60,6.22,0.27
1773118760.45600,10.00364,76.37048,5.6,13.96,0.2070,0.0818,1.0149,-3.60,3.11,2.44,0.38
1773118760.55800,10.00364,76.37048,5.6,14.81,0.2594,0.1355,0.9139,-1.83,0.79,-1.10,0.32
1773118760.65600,10.00365,76.37048,5.6,14.48,0.2905,0.0638,0.9572,-4.15,0.67,-1.89,0.41
1773118761.74900,10.00365,76.37048,5.6,14.48,0.0156,0.0216,0.8898,-10.67,1.16,-1.34,0.36
1773118761.85600,10.00365,76.37047,5.6,14.50,-0.2432,0.0411,1.1298,-9.57,5.79,-2.32,0.50
1773118761.95700,10.00365,76.37047,5.5,14.80,0.2761,0.0182,0.9573,-10.18,0.12,-3.72,0.39
1773118761.07000,10.00366,76.37046,5.4,15.60,0.1586,0.0164,0.9532,-7.56,4.33,-7.74,0.45
1773118761.15000,10.00366,76.37046,5.4,15.60,0.0054,-0.0323,1.1915,-8.05,2.87,-9.76,0.44
1773118761.25700,10.00366,76.37046,5.4,16.38,-0.0505,-0.0277,0.9166,-3.05,2.13,-13.66,0.36
1773118761.35700,10.00366,76.37045,5.4,16.44,0.1255,-0.0366,1.0881,0.37,4.27,-13.96,0.32
1773118761.45600,10.00367,76.37045,5.4,17.62,0.1863,-0.0488,1.0015,2.74,1.71,-12.13,0.26
1773118761.55700,10.00367,76.37045,5.3,17.29,-0.2874,0.0339,1.0210,3.11,5.55,-9.94,0.38
1773118761.65700,10.00367,76.37045,5.2,17.96,0.1458,0.0262,0.8521,2.93,4.51,-6.65,0.38
1773118762.74900,10.00367,76.37045,5.2,17.96,0.1405,-0.0017,1.2126,1.83,-1.40,-3.78,0.44
1773118762.85600,10.00368,76.37044,5.1,18.25,0.0729,0.0220,1.1909,0.18,0.79,-2.20,0.27
1773118762.95600,10.00368,76.37044,5.1,18.83,0.0199,0.0243,0.8528,-2.44,1.83,-4.33,0.32
1773118762.06300,10.00369,76.37043,5.0,18.85,0.3928,0.0626,0.9698,1.59,4.27,-4.51,0.35
1773118762.15000,10.00369,76.37043,5.0,18.85,0.4095,0.0273,0.9089,2.99,-8.29,-4.21,0.38
1773118762.25700,10.0037,76.37043,5.0,20.32,0.2290,0.0120,0.9003,4.51,-8.72,-5.18,0.45
1773118762.35600,10.0037,76.37042,5.0,19.28,0.2677,-0.0853,1.0935,3.41,-3.78,-5.98,0.25
1773118762.45700,10.0037,76.37042,5.0,19.49,0.3359,0.0710,1.0145,9.27,-4.21,-4.27,0.35
1773118762.55700,10.00371,76.37041,4.9,19.16,0.2279,0.0475,1.1058,8.17,-1.16,-0.85,0.41
1773118762.65600,10.00371,76.37041,4.8,19.34,0.0645,0.0186,0.9048,4.27,2.99,1.83,0.39
1773118763.75000,10.00371,76.37041,4.8,19.34,0.0535,0.0608,0.8563,5.00,0.18,4.82,0.43
1773118763.85600,10.00372,76.37041,4.8,19.22,-0.0453,0.0485,1.0459,3.66,3.96,5.85,0.35
1773118763.95700,10.00372,76.37041,4.8,20.18,0.0972,0.0688,1.0172,4.76,2.26,6.28,0.34
1773118763.05600,10.00372,76.3704,4.7,18.77,0.0801,0.0596,0.9945,4.82,0.49,5.49,0.37
1773118763.15700,10.00373,76.3704,4.7,19.86,0.0875,0.0287,0.9624,-2.20,0.43,6.34,0.25
1773118763.25600,10.00373,76.37039,4.7,20.26,-0.0286,0.0568,1.1359,0.98,6.16,7.07,0.40
1773118763.35600,10.00374,76.37039,4.7,20.32,0.2609,0.0085,1.2219,-5.79,3.96,7.74,0.32
1773118763.45600,10.00374,76.37038,4.7,20.94,0.2251,-0.0217,0.9910,-9.27,-2.07,7.01,0.38
1773118763.55700,10.00374,76.37038,4.6,21.21,0.3259,0.0190,0.8772,-6.95,4.94,7.01,0.36
1773118763.65700,10.00375,76.37038,4.6,21.76,0.1984,0.0608,0.9373,-8.05,2.38,6.04,0.41
1773118764.75000,10.00375,76.37038,4.6,21.76,0.0220,0.1063,0.8618,-4.70,0.24,5.18,0.39
1773118764.85600,10.00375,76.37037,4.6,22.98,0.0164,-0.0542,0.8453,-5.79,-2.07,2.26,0.33
1773118764.96300,10.00376,76.37036,4.5,23.71,-0.2179,-0.0712,0.9817,-9.63,4.76,-0.24,0.32
1773118764.05000,10.00376,76.37036,4.5,23.71,0.5532,0.1526,1.0110,0.00,-1.89,0.12,0.36
1773118764.15600,10.00377,76.37035,4.5,23.51,0.1415,0.0840,0.9326,-1.28,-10.06,1.46,0.43
1773118764.25700,10.00377,76.37035,4.6,24.00,0.2090,0.3311,1.0435,8.29,-2.56,1.28,0.25
1773118764.35700,10.00378,76.37035,4.5,24.61,0.3085,0.1301,0.9264,-4.45,0.85,0.06,0.28
1773118764.46300,10.00378,76.37034,4.5,26.20,0.3190,0.0033,0.9271,-6.52,-0.79,-1.83,0.34
1773118764.55100,10.00378,76.37034,4.5,26.20,0.3296,-0.1075,1.0294,-9.76,-9.51,-1.59,0.43
1773118764.65700,10.00379,76.37033,4.4,26.21,0.2155,-0.0122,1.0823,-3.60,-2.74,-2.99,0.34
1773118765.75000,10.00379,76.37033,4.4,26.21,-0.1399,-0.0043,1.0287,-3.96,1.16,-3.60,0.28
1773118765.85600,10.0038,76.37032,4.3,26.85,0.0165,0.0306,1.0291,-0.98,4.82,-4.94,0.20
1773118765.96300,10.00381,76.37032,4.3,26.21,0.0540,0.1403,0.9104,5.24,-0.61,-3.84,0.40
1773118765.05000,10.00381,76.37032,4.3,26.21,0.3857,-0.0103,1.0067,-4.21,2.74,-3.66,0.38
1773118765.15700,10.00381,76.37031,4.3,26.81,0.2302,0.1152,0.9780,4.70,9.15,-4.76,0.34
1773118765.25600,10.00382,76.37031,4.2,25.92,0.1056,-0.0579,0.9854,-3.78,3.05,-4.82,0.20
1773118765.35600,10.00382,76.3703,4.2,26.08,0.5148,0.0156,1.0746,4.51,2.20,-3.72,0.39
1773118765.46300,10.00383,76.37029,4.1,24.84,0.2821,0.0586,0.8579,2.50,-4.76,-3.72,0.42
1773118765.55100,10.00383,76.37029,4.1,24.84,0.2939,0.0583,1.1700,5.37,2.20,-3.90,0.36
1773118765.65600,10.00383,76.37029,4.1,25.64,0.3204,0.0786,0.7869,0.98,-0.37,-3.23,0.37
1773118766.74900,10.00383,76.37029,4.1,25.64,0.0638,-0.0375,0.9020,-1.95,-5.06,-2.13,0.33
1773118766.85700,10.00384,76.37028,4.1,24.37,0.2145,0.0648,0.7999,6.04,-0.61,-2.50,0.22
1773118766.96200,10.00385,76.37027,4.0,24.13,0.0710,0.1835,0.9834,10.61,5.12,-1.22,0.33
1773118766.05000,10.00385,76.37027,4.0,24.13,0.0262,0.0347,0.9753,1.52,-1.71,-0.24,0.43
1773118766.15700,10.00386,76.37026,4.0,23.81,0.3993,0.0190,1.0465,3.54,5.55,1.22,0.41
1773118766.25600,10.00386,76.37026,4.0,23.73,0.3274,0.0249,0.9962,3.60,3.48,0.49,0.38
1773118766.35600,10.00387,76.37025,4.0,23.76,0.4092,-0.0145,1.0614,-0.79,-5.43,1.40,0.39
1773118766.46300,10.00387,76.37025,3.9,22.84,0.1866,0.0736,1.1470,2.99,-0.61,2.13,0.32
1773118766.55000,10.00387,76.37025,3.9,22.84,0.2517,-0.0366,1.0049,-4.88,2.26,2.13,0.35
1773118766.65600,10.00388,76.37025,3.9,22.87,0.0822,0.0415,1.0126,-6.59,7.68,2.99,0.37
1773118767.74900,10.00388,76.37025,3.9,22.87,0.2200,0.0844,1.1167,-2.26,11.40,4.94,0.37
1773118767.85600,10.00389,76.37024,3.9,21.84,0.5062,0.1896,0.8539,2.13,-2.01,5.06,0.43
1773118767.95600,10.00389,76.37023,4.0,23.01,0.2205,0.0421,1.0023,-7.32,-1.65,4.21,0.22
1773118767.05600,10.00389,76.37023,3.9,22.28,0.1736,-0.0043,0.9127,-13.11,-0.24,2.13,0.33
1773118767.15600,10.0039,76.37022,3.9,21.84,0.1776,0.0092,1.1428,-12.01,0.73,-0.73,0.35
1773118767.25600,10.0039,76.37022,3.9,22.41,0.1810,0.0547,0.8044,-8.17,-4.94,-5.85,0.24
1773118767.35600,10.00391,76.37022,3.9,21.97,-0.1671,-0.0331,1.0525,-9.27,8.66,-9.21,0.37
1773118767.45600,10.00391,76.37022,3.9,22.02,0.4329,-0.0198,0.9158,-4.15,2.07,-9.39,0.32
1773118767.55800,10.00391,76.37021,3.8,21.58,0.5028,-0.0137,0.9821,-3.35,-2.26,-9.63,0.35
1773118767.65800,10.00392,76.37021,3.8,23.06,0.0798,0.0587,1.1354,-2.38,-1.52,-7.20,0.37
1773118768.75100,10.00392,76.37021,3.8,23.06,0.0132,0.0557,0.8251,-1.83,-0.98,-5.61,0.32
1773118768.86400,10.00393,76.37019,3.7,23.05,0.0481,-0.0061,0.9308,-3.48,0.43,-5.24,0.36
1773118768.95100,10.00393,76.37019,3.7,23.05,0.0573,0.0812,1.0319,5.00,0.98,-5.18,0.29
1773118768.07100,10.00394,76.37019,3.8,23.50,0.1588,0.0894,1.0239,7.68,3.90,-6.95,0.51
1773118768.15100,10.00394,76.37019,3.8,23.50,0.2058,0.0103,0.9532,3.84,-2.01,-6.52,0.28
1773118768.25700,10.00395,76.37019,3.7,23.97,0.1107,0.1298,0.9105,10.30,-2.56,-6.77,0.27
1773118768.36400,10.00395,76.37018,3.7,23.85,0.0507,-0.0387,1.0552,6.95,4.15,-6.89,0.31
1773118768.45100,10.00395,76.37018,3.7,23.85,-0.0271,0.0590,0.9797,11.52,2.50,-5.67,0.39
1773118768.55800,10.00396,76.37017,3.6,24.03,0.3219,0.1575,1.0986,14.15,-4.88,-3.35,0.33
1773118768.65800,10.00396,76.37017,3.5,23.74,0.2797,-0.0613,0.7329,5.61,-7.13,-0.30,0.37
1773118769.75100,10.00396,76.37017,3.5,23.74,-0.1244,0.0134,0.9594,6.89,6.52,3.05,0.48
1773118769.86400,10.00398,76.37016,3.4,25.12,0.1731,0.0105,1.1461,1.52,5.43,6.28,0.35
1773118769.95100,10.00398,76.37016,3.4,25.12,0.2825,0.0477,1.0000,0.49,-4.39,7.13,0.43
1773118769.05700,10.00398,76.37016,3.4,24.75,-0.0616,-0.1157,0.8398,-5.06,4.70,7.13,0.29
1773118769.15700,10.00399,76.37015,3.4,25.03,-0.0509,-0.0082,1.1243,-0.67,6.34,7.07,0.42
1773118769.25000,10.00399,76.37015,3.4,25.03,0.2034,-0.0385,1.0490,-0.67,6.16,5.49,0.36
1773118769.36400,10.004,76.37013,3.4,26.53,-0.0829,0.0294,0.7535,-4.33,3.90,5.55,0.30
1773118769.45000,10.004,76.37013,3.4,26.53,0.3845,0.0543,0.9481,-4.88,-1.59,6.16,0.43
1773118769.55800,10.00401,76.37013,3.3,27.01,0.0717,0.0231,0.8947,-5.12,-2.07,5.91,0.40
1773118769.65800,10.00401,76.37012,3.4,27.25,0.1655,0.0264,1.1575,-3.78,6.22,5.18,0.34
1773118770.75100,10.00401,76.37012,3.4,27.25,0.3389,-0.1183,0.9991,-13.41,-3.54,3.90,0.37
1773118770.86400,10.00403,76.37011,3.3,25.77,0.5649,0.0016,0.9490,-2.68,-8.48,3.72,0.39
1773118770.95100,10.00403,76.37011,3.3,25.77,0.5083,0.0414,1.1306,-0.79,0.06,3.54,0.35
1773118770.05800,10.00403,76.37011,3.2,25.22,0.7797,0.0614,0.8804,-3.72,1.34,3.29,0.44
1773118770.15800,10.00404,76.3701,3.2,25.04,0.5331,0.0707,1.0072,-0.43,-2.44,2.32,0.40
1773118770.25100,10.00404,76.3701,3.2,25.04,0.3231,0.0583,0.9717,-1.52,-0.55,2.99,0.35
1773118770.36400,10.00405,76.37009,3.2,21.52,0.4995,0.0223,0.9673,-0.73,0.00,2.38,0.33
1773118770.45100,10.00405,76.37009,3.2,21.52,0.3608,0.0492,0.9462,0.61,2.50,1.89,0.46
1773118770.55800,10.00405,76.37009,3.2,20.84,0.3102,0.0688,0.9819,1.65,5.61,2.32,0.30
1773118770.65800,10.00406,76.37009,3.1,19.62,0.5419,0.0526,1.0968,-0.67,1.52,2.56,0.37
1773118771.75100,10.00406,76.37009,3.1,19.62,0.5190,0.1296,0.8044,3.11,-2.07,3.66,0.37
1773118771.85800,10.00406,76.37008,3.2,18.18,0.3201,0.0122,0.7670,-0.30,1.22,4.76,0.35
1773118771.95800,10.00407,76.37007,3.2,16.69,0.2041,0.0367,0.9789,-2.32,8.11,7.38,0.30
1773118771.05700,10.00407,76.37007,3.3,16.19,0.0916,0.0035,1.0868,-7.20,6.65,7.26,0.29
1773118771.15800,10.00407,76.37007,3.2,16.24,0.2208,0.0854,0.9091,-3.11,3.05,5.67,0.31
1773118771.25100,10.00407,76.37007,3.2,16.24,0.2046,-0.0001,0.9944,-5.67,-0.85,2.68,0.43
1773118771.35800,10.00408,76.37006,3.3,15.81,0.1160,0.0078,0.9445,-3.66,1.10,1.65,0.28
1773118771.46500,10.00408,76.37006,3.2,15.35,0.0653,0.0579,0.9448,-1.40,1.28,0.43,0.20
1773118771.55800,10.00408,76.37006,3.2,15.47,0.2245,0.0378,1.1597,-3.48,-1.34,0.73,0.33
1773118771.65700,10.00408,76.37006,3.1,15.32,0.2289,0.0386,0.9498,-0.85,-1.16,0.43,0.40
1773118772.75100,10.00408,76.37006,3.1,15.32,0.1653,-0.0396,0.8848,-7.74,1.10,0.00,0.39
1773118772.85800,10.00409,76.37005,3.2,15.57,0.2090,0.1404,1.0366,-3.11,1.04,0.43,0.38
1773118772.95800,10.00409,76.37004,3.1,15.37,-0.0570,0.0701,1.0514,-2.20,4.02,0.55,0.20
1773118772.05800,10.0041,76.37004,3.1,14.96,0.1450,0.0095,0.8561,-8.84,2.20,1.16,0.38
1773118772.15800,10.0041,76.37004,3.0,15.70,0.0289,0.0726,1.0898,-4.39,1.59,-0.18,0.37
1773118772.25100,10.0041,76.37004,3.0,15.70,0.2214,0.0693,0.9844,-5.18,-0.91,-1.83,0.32
1773118772.35800,10.0041,76.37003,3.1,16.27,0.0288,0.1008,1.2255,-3.90,0.55,-6.46,0.39
1773118772.45700,10.00411,76.37003,3.0,16.62,0.1592,0.0461,0.7285,-3.72,-0.98,-9.57,0.30
1773118772.55800,10.00411,76.37003,3.1,17.12,-0.1041,0.0280,1.1346,0.12,4.21,-12.20,0.35
1773118772.65800,10.00411,76.37003,3.0,17.71,-0.0641,0.1339,1.0321,4.70,-0.61,-12.87,0.40
1773118773.75100,10.00411,76.37003,3.0,17.71,0.1536,0.0629,1.0952,6.52,-0.24,-11.77,0.32
1773118773.85800,10.00412,76.37002,3.1,18.84,-0.0507,-0.0096,0.8568,8.54,0.43,-9.70,0.58
1773118773.95700,10.00412,76.37001,3.0,19.55,-0.0232,0.1193,0.9686,12.13,1.77,-6.71,0.32
1773118773.05700,10.00413,76.37001,3.1,19.69,-0.0326,0.0524,1.1434,9.88,1.10,-4.21,0.43
1773118773.15800,10.00413,76.37,3.1,21.22,0.0828,-0.0182,0.9893,3.23,-0.73,-0.24,0.37
1773118773.26400,10.00414,76.37,3.2,21.24,0.0590,0.1135,0.9742,6.46,1.04,3.05,0.28
1773118773.35100,10.00414,76.37,3.2,21.24,0.0602,0.0696,0.9758,2.38,2.32,3.05,0.39
1773118773.45700,10.00414,76.37,3.2,22.11,0.1649,0.0793,0.8093,2.87,1.28,4.21,0.38
1773118773.55800,10.00415,76.36999,3.2,21.98,-0.1245,0.0334,1.1235,-3.72,3.84,6.16,0.38
1773118773.65800,10.00415,76.36999,3.2,22.65,0.3146,0.1053,0.9387,-2.01,1.10,3.78,0.30
1773118774.75100,10.00415,76.36999,3.2,22.65,-0.0388,0.0181,1.0343,-6.04,2.80,3.66,0.34
1773118774.85800,10.00416,76.36998,3.2,22.95,0.1360,-0.0665,1.0911,-5.12,3.29,2.44,0.39
1773118774.95800,10.00416,76.36997,3.2,23.71,-0.0441,-0.0579,1.0283,-11.22,-3.23,1.83,0.38
1773118774.05800,10.00417,76.36997,3.2,24.09,-0.1610,-0.0482,1.1888,-11.95,-0.43,1.89,0.39
1773118774.15800,10.00417,76.36996,3.2,24.13,0.1508,0.0729,1.0739,-5.85,0.18,1.10,0.33
1773118774.25100,10.00417,76.36996,3.2,24.13,0.0214,-0.1490,0.9584,-10.06,-1.59,-0.24,0.54
1773118774.35800,10.00418,76.36996,3.3,24.74,-0.0431,0.1746,0.9865,3.48,0.24,-2.20,0.34
1773118774.45800,10.00419,76.36995,3.3,25.05,0.1053,0.0270,1.0059,-2.38,0.61,-3.60,0.40
1773118774.55800,10.00419,76.36995,3.3,25.98,-0.2106,0.2181,1.0382,11.89,0.18,-3.35,0.45
1773118774.65700,10.0042,76.36994,3.4,26.21,0.1289,-0.0209,1.2404,0.12,-1.65,-2.93,0.40
1773118775.75100,10.0042,76.36994,3.4,26.21,-0.0836,0.0148,0.9395,5.06,2.56,-3.60,0.32
1773118775.85700,10.0042,76.36993,3.5,26.84,-0.1243,-0.0413,0.9447,2.01,-1.52,-2.56,0.45
1773118775.95700,10.00421,76.36993,3.5,27.06,0.2401,-0.0148,0.9877,4.76,-0.98,-1.04,0.22
1773118775.05800,10.00421,76.36992,3.5,27.34,-0.0193,0.1260,0.9517,10.43,3.11,2.01,0.51
1773118775.15700,10.00422,76.36992,3.5,27.53,0.1494,0.1360,0.9900,6.77,0.37,5.43,0.46
1773118775.26400,10.00423,76.3699,3.6,28.49,-0.1437,0.0604,0.8246,0.24,2.32,6.71,0.27
1773118775.35100,10.00423,76.3699,3.6,28.49,0.3278,0.0712,1.2240,-1.34,3.54,7.50,0.48
1773118775.45700,10.00424,76.3699,3.6,28.42,0.2659,0.1095,1.1748,-2.13,0.37,6.28,0.50
1773118775.55800,10.00424,76.3699,3.7,28.87,0.6948,0.0350,0.8983,-8.96,-7.56,5.00,0.41
1773118775.65900,10.00425,76.36989,3.7,28.72,0.5730,0.0769,1.1210,-6.22,-7.13,3.29,0.38
1773118776.75100,10.00425,76.36989,3.7,28.72,0.4668,0.0071,0.9006,-9.88,-8.29,2.26,0.29
1773118776.85800,10.00426,76.36988,3.8,29.16,0.1006,0.1166,1.0015,-4.51,-2.93,0.55,0.47
1773118776.95800,10.00426,76.36987,3.8,28.92,0.3810,0.1602,1.0574,2.38,6.28,-0.85,0.46
1773118776.05800,10.00427,76.36987,3.8,29.02,0.4299,0.1086,0.9480,-4.88,4.39,-3.41,0.36
1773118776.15800,10.00427,76.36987,3.9,27.54,0.0276,0.0546,0.9203,-3.96,4.21,-3.35,0.33
1773118776.25700,10.00428,76.36986,3.9,27.53,0.2596,0.0938,1.0538,-0.79,4.02,-4.51,0.28
1773118776.35800,10.00428,76.36985,4.0,27.16,0.1432,0.0360,0.5546,-5.67,-4.15,-5.00,0.24
1773118776.45800,10.00428,76.36985,4.0,26.65,-0.0887,0.1379,0.7286,3.23,3.66,-6.34,0.39
1773118776.55800,10.00429,76.36984,4.1,26.46,-0.1245,-0.0137,0.9713,-3.17,14.39,-6.16,0.45
1773118776.65800,10.0043,76.36983,4.1,26.85,0.0563,0.1207,1.0735,7.32,12.01,-6.89,0.27
1773118777.75100,10.0043,76.36983,4.1,26.85,0.5358,0.0452,1.0398,6.71,0.43,-5.79,0.35
1773118777.85800,10.0043,76.36983,4.2,26.19,0.4304,0.0132,1.1112,4.39,-1.65,-5.61,0.37
1773118777.95800,10.00431,76.36983,4.2,26.09,0.0930,0.1207,0.8235,14.57,-0.49,-5.49,0.32
1773118777.05800,10.00431,76.36982,4.3,25.33,0.2931,-0.0243,0.9484,6.40,-1.77,-4.76,0.27
1773118777.15100,10.00431,76.36982,4.3,25.33,0.1002,0.0410,0.9526,7.74,-2.01,-2.32,0.36
1773118777.43300,10.00433,76.3698,4.3,24.67,0.3445,0.1179,1.2976,9.57,0.00,5.85,0.30
1773118777.51900,10.00434,76.3698,4.4,24.57,-0.5200,-0.0148,0.5403,0.73,-9.63,8.23,0.29
1773118777.61300,10.00434,76.3698,4.4,24.57,-0.3109,-0.0946,1.1493,-6.22,8.05,8.90,0.37
1773118778.72000,10.00434,76.36979,4.4,24.01,0.2958,0.1429,0.8207,2.01,12.99,7.80,0.38
1773118778.82000,10.00435,76.36978,4.5,23.68,0.4198,0.1230,0.8994,1.04,-4.21,6.52,0.33
1773118778.92000,10.00435,76.36978,4.5,23.15,0.4313,0.0264,0.9623,-6.89,-4.70,6.10,0.32
1773118778.02000,10.00436,76.36977,4.6,23.47,0.1824,0.0510,0.6687,-5.37,-1.52,3.78,0.34
1773118778.11900,10.00436,76.36977,4.6,23.16,-0.2015,0.0936,0.9883,1.22,7.99,1.34,0.29
1773118778.21900,10.00437,76.36977,4.7,22.92,0.2495,-0.0283,0.9316,-6.22,5.43,-0.24,0.38
1773118778.31900,10.00437,76.36977,4.7,22.91,0.4155,-0.0374,1.1063,-7.32,-6.46,-1.16,0.38
1773118778.41900,10.00437,76.36976,4.7,22.35,-0.4967,0.0265,0.8302,-3.23,1.10,-2.93,0.35
1773118778.51900,10.00438,76.36975,4.7,22.95,0.6880,0.0900,1.6414,-2.01,6.95,-1.59,0.30
1773118778.61300,10.00438,76.36975,4.7,22.95,0.0741,-0.0455,0.9165,-2.01,-3.54,-2.74,0.34
1773118779.72000,10.00438,76.36975,4.7,23.27,0.0439,0.1545,1.4363,1.77,24.33,-5.55,0.38
1773118779.81900,10.00439,76.36974,4.7,23.16,-0.2816,0.0140,0.5732,-1.40,-6.28,-4.88,0.38
1773118779.92000,10.00439,76.36974,4.7,23.00,0.1824,-0.0067,1.3193,-11.46,-9.45,-2.80,0.33
1773118779.02000,10.0044,76.36974,4.8,23.78,-0.0464,0.1309,0.8625,2.74,-15.55,-0.30,0.30
1773118779.12000,10.0044,76.36973,4.8,23.89,-0.4559,-0.0680,1.0392,3.29,25.49,-0.06,0.45
1773118779.21900,10.00441,76.36972,4.8,24.05,-0.0310,0.0040,0.6799,-0.43,17.68,-4.45,0.35
1773118779.31900,10.00441,76.36972,4.9,23.26,0.6976,-0.0808,0.7241,1.04,-4.63,-5.30,0.43
1773118779.42000,10.00442,76.36971,5.0,24.21,0.3047,0.0671,1.1952,-0.24,-11.40,-2.44,0.33
1773118779.52000,10.00442,76.36971,5.1,24.75,-0.6151,0.0209,0.1007,6.71,-22.87,-3.23,0.37
1773118779.61300,10.00442,76.36971,5.1,24.75,-0.7490,0.0168,0.5345,4.88,-16.65,-2.38,0.19
1773118780.72000,10.00443,76.36971,5.1,24.51,0.3717,-0.0981,0.6781,0.61,14.27,-3.72,0.35
1773118780.81900,10.00444,76.3697,5.1,25.82,-0.1998,-0.0175,1.0098,-4.88,0.06,-0.18,0.38
1773118780.91900,10.00444,76.36969,5.2,24.45,0.3727,0.1814,1.2325,5.79,-8.17,3.05,0.30
1773118780.01900,10.00445,76.36969,5.1,25.67,-0.8434,0.0712,1.2506,-5.37,11.28,3.35,0.41
1773118780.11900,10.00445,76.36968,5.2,25.93,-0.5388,0.1211,1.0737,1.28,1.16,3.48,0.37
1773118780.21900,10.00445,76.36968,5.2,25.43,0.0768,-0.0295,0.9633,-4.51,-3.96,0.61,0.47
1773118780.32000,10.00446,76.36967,5.2,26.16,0.3041,0.0741,1.5778,0.98,12.56,-0.55,0.42
1773118780.41900,10.00446,76.36967,5.3,26.20,-0.0397,0.0217,0.7617,0.12,-3.35,-1.40,0.27
1773118780.51900,10.00447,76.36967,5.3,26.47,0.6737,0.0374,1.1523,2.32,-14.63,-0.43,0.39
1773118780.61300,10.00447,76.36967,5.3,26.47,0.7648,0.0750,1.1422,7.26,-1.89,0.30,0.27
1773118781.72100,10.00447,76.36966,5.2,26.74,0.1372,0.0560,1.4282,3.05,-4.02,2.20,0.29
1773118781.81900,10.00448,76.36965,5.3,27.39,0.1829,0.1023,0.9474,3.23,-0.18,1.46,0.33
1773118781.91900,10.00449,76.36964,5.4,27.17,0.6990,-0.0427,0.9833,-3.78,-1.95,2.62,0.23
1773118781.01900,10.00449,76.36964,5.4,27.84,0.2383,0.0505,0.8839,-0.49,3.60,1.95,0.38
1773118781.12000,10.0045,76.36964,5.4,27.55,0.2094,0.1169,0.9958,-0.98,5.12,2.99,0.35
1773118781.21900,10.0045,76.36963,5.4,27.95,0.1122,0.0765,0.9738,-0.85,-5.73,2.50,0.26
1773118781.32000,10.00451,76.36963,5.4,28.19,-0.3749,0.0813,0.8818,-2.62,16.77,1.16,0.32
1773118781.42000,10.00451,76.36962,5.4,28.64,0.0303,-0.0305,1.3395,-11.46,8.78,0.61,0.30
1773118781.52700,10.00452,76.36961,5.5,27.98,0.1254,0.0999,0.6794,-2.20,2.07,-0.43,0.36
1773118781.61300,10.00452,76.36961,5.5,27.98,-0.0579,0.0229,0.7467,-2.44,-9.76,1.04,0.37
1773118782.72000,10.00452,76.36961,5.5,28.73,-0.3325,-0.0349,1.0355,-6.28,-0.55,-0.06,0.36
1773118782.82000,10.00453,76.3696,5.6,29.08,-0.0002,0.0247,1.1573,-2.07,-1.04,-1.04,0.38
1773118782.91900,10.00454,76.3696,5.6,29.30,0.5917,-0.1656,1.0948,-10.12,1.59,-2.87,0.40
1773118782.01900,10.00455,76.36959,5.6,29.79,0.0752,0.1132,1.0399,-2.74,-1.59,-2.56,0.45
1773118782.12000,10.00455,76.36958,5.7,29.43,0.3469,-0.0966,0.5026,0.24,-9.57,-1.89,0.40
1773118782.22000,10.00456,76.36958,5.7,30.29,0.7437,0.4980,1.6281,19.88,17.26,-1.59,0.37
1773118782.32000,10.00456,76.36958,5.7,31.31,-0.2023,0.0758,0.9003,5.06,10.12,-1.10,0.34
1773118782.42000,10.00457,76.36957,5.7,31.21,0.0092,0.0055,0.4856,-0.55,2.68,-1.34,0.37
1773118782.52000,10.00457,76.36956,5.7,32.00,-0.2404,0.1472,0.7876,-1.71,-1.04,-0.49,0.31
1773118782.61900,10.00458,76.36956,5.8,32.55,-0.5048,0.1145,1.3223,3.66,-2.93,-1.22,0.32
1773118783.71300,10.00458,76.36956,5.8,32.55,-0.5332,-0.0188,1.0784,-0.73,6.40,-0.85,0.47
1773118783.82000,10.00459,76.36954,5.7,32.99,-0.4900,-0.0703,1.0969,6.77,-13.17,-0.06,0.43
1773118783.91900,10.0046,76.36954,5.8,33.21,0.0428,0.0171,0.6907,6.04,-8.84,0.79,0.39
1773118783.02000,10.0046,76.36954,5.8,33.72,-0.6328,-0.0236,0.1707,4.82,-10.00,0.85,0.34
1773118783.12100,10.00461,76.36953,5.8,33.92,-0.2012,0.0829,1.0902,11.16,3.11,0.85,0.37
1773118783.22100,10.00461,76.36952,5.9,33.72,0.0946,0.0729,1.4431,0.98,6.04,0.79,0.30
1773118783.32000,10.00462,76.36951,5.9,33.82,-0.0128,0.0063,1.1414,-3.54,18.23,0.30,0.44
1773118783.42000,10.00463,76.36951,5.9,33.51,0.2130,0.1682,0.7582,-3.48,4.63,1.04,0.38
1773118783.52000,10.00463,76.36951,6.0,32.95,0.1063,0.2195,1.1495,-3.35,1.89,3.66,0.46
1773118783.62000,10.00464,76.3695,6.0,34.00,-0.1923,0.0914,0.8123,-2.26,-11.59,5.49,0.39
1773118784.72100,10.00464,76.36949,6.0,32.93,-0.0405,-0.0313,0.9698,-4.45,4.39,5.55,0.43
1773118784.82100,10.00465,76.36948,6.1,33.51,-0.5554,0.0991,0.6879,-12.56,-20.98,6.52,0.35
1773118784.92000,10.00466,76.36948,6.1,32.52,0.1449,0.1903,0.9716,-11.34,-4.88,5.30,0.34
1773118784.02000,10.00466,76.36948,6.1,33.24,-0.2155,-0.0476,1.3691,-16.16,7.68,-0.43,0.36
1773118784.12000,10.00467,76.36947,6.1,32.58,0.1322,-0.0034,1.2424,-6.89,14.94,-4.76,0.38
1773118784.22000,10.00467,76.36946,6.1,32.46,0.0931,-0.0090,0.7542,-5.55,4.39,-2.32,0.43
1773118784.32100,10.00468,76.36945,6.2,32.57,-0.1666,0.0400,0.7811,2.01,1.71,-2.26,0.37
1773118784.42100,10.00468,76.36945,6.2,32.27,0.3159,-0.1184,0.7507,6.28,-5.06,-0.06,0.35
1773118784.52100,10.00469,76.36945,6.2,31.72,-0.3475,0.0638,1.0146,2.80,-5.67,0.37,0.35
1773118784.61400,10.00469,76.36945,6.2,31.72,0.1344,-0.0020,0.9304,-6.28,-3.48,1.16,0.49
1773118785.72200,10.0047,76.36944,6.2,32.15,0.7502,0.1331,1.3666,-1.10,-1.40,0.55,0.39
1773118785.82700,10.00471,76.36943,6.3,31.64,0.9642,0.0028,1.1563,-6.52,-9.70,1.16,0.30
1773118785.91400,10.00471,76.36943,6.3,31.64,0.1150,0.1873,1.1019,16.16,6.10,1.16,0.37
1773118785.02000,10.00472,76.36942,6.4,31.45,1.1460,-0.0649,0.8291,-3.48,3.35,-1.65,0.46
1773118785.12000,10.00472,76.36941,6.4,31.52,0.0164,0.1096,0.8369,-5.85,-10.55,-0.67,0.35
1773118785.22000,10.00473,76.36941,6.4,31.66,0.5709,0.0698,1.0695,-8.72,-1.77,-3.11,0.36
1773118785.32000,10.00473,76.3694,6.4,31.16,0.6438,-0.0776,1.3348,-1.10,4.70,-7.56,0.37
1773118785.42000,10.00474,76.36939,6.5,31.80,0.2699,0.0281,0.9980,0.18,7.13,-8.05,0.36
1773118785.52000,10.00475,76.36938,6.5,30.90,0.9996,0.0577,1.6100,8.72,13.35,-8.60,0.34
1773118785.61400,10.00475,76.36938,6.5,30.90,0.7178,0.1449,1.0094,12.74,9.82,-8.66,0.22
1773118786.72200,10.00475,76.36938,6.5,30.89,0.6293,-0.0273,0.9207,10.12,-7.07,-4.70,0.32
1773118786.82100,10.00476,76.36937,6.6,29.98,-0.1675,0.2240,1.2076,16.71,8.66,-0.79,0.27
1773118786.92100,10.00477,76.36937,6.7,30.94,-0.0704,0.0693,0.8472,6.28,-5.73,2.99,0.39
1773118786.02000,10.00477,76.36936,6.7,29.76,0.4023,-0.0162,1.0300,-2.80,-15.55,5.06,0.29
1773118786.12100,10.00478,76.36935,6.8,30.61,0.2584,0.0299,0.6902,5.12,-7.87,3.23,0.41
1773118786.22100,10.00479,76.36935,6.9,31.83,-0.2479,0.0812,0.7367,5.67,9.51,4.39,0.34
1773118786.32100,10.00479,76.36935,7.1,31.35,-0.0226,0.0481,1.3649,-8.54,13.35,5.49,0.37
1773118786.42100,10.0048,76.36934,7.1,30.40,-0.1509,0.0725,0.5344,-7.56,10.06,3.72,0.43
1773118786.52000,10.0048,76.36933,7.2,31.74,-0.2433,0.0043,0.8929,-8.17,-6.40,2.13,0.39
1773118786.61400,10.0048,76.36933,7.2,31.74,-0.7267,0.0313,1.2749,-3.23,15.24,-1.04,0.44
1773118787.72100,10.00481,76.36933,7.3,30.87,-0.1487,0.0078,0.9769,-5.00,13.11,-3.78,0.35
1773118787.82100,10.00482,76.36932,7.4,30.52,-0.1729,-0.0994,0.5554,-4.45,5.00,-4.63,0.37
1773118787.92100,10.00483,76.36932,7.4,30.65,0.1185,0.0100,0.9152,-1.95,-1.04,-2.13,0.40
1773118787.02000,10.00483,76.36931,7.5,30.91,-0.3252,0.0469,0.9426,3.48,1.65,-2.38,0.32
1773118787.12000,10.00484,76.3693,7.5,30.78,0.0941,0.0681,0.8506,6.89,-3.96,-2.93,0.38
1773118787.22100,10.00484,76.36929,7.6,30.31,0.3130,-0.0580,1.2164,5.49,0.18,-3.17,0.36
1773118787.32200,10.00485,76.36929,7.7,30.91,0.0564,0.1053,0.8955,8.05,10.91,-3.29,0.38
1773118787.42100,10.00485,76.36929,7.6,30.14,1.0365,0.0200,0.9485,8.72,-9.33,-1.95,0.26
1773118787.52200,10.00486,76.36928,7.7,29.52,-0.0504,-0.0107,0.1881,2.74,-6.10,-0.85,0.40
1773118787.61500,10.00486,76.36928,7.7,29.52,-0.4976,0.0841,1.1182,9.33,-2.01,3.72,0.33
1773118788.72300,10.00486,76.36928,7.7,30.29,0.0325,0.3268,1.7104,10.49,24.33,4.02,0.46
1773118788.82100,10.00487,76.36926,7.7,29.52,0.6012,0.1466,1.2649,4.82,0.55,4.27,0.48
1773118788.92100,10.00488,76.36926,7.7,29.29,0.8188,0.1635,0.9163,7.38,-2.26,3.96,0.44
1773118788.02100,10.00488,76.36926,7.7,29.42,0.5029,0.1724,0.7924,4.09,-17.07,3.48,0.32
1773118788.12800,10.00489,76.36925,7.6,28.27,0.0865,0.0243,1.0520,-2.56,2.32,1.95,0.35
1773118788.22100,10.0049,76.36925,7.7,27.80,0.2216,0.0505,1.0675,0.49,6.77,2.13,0.43
1773118788.32100,10.0049,76.36924,7.7,27.34,0.7356,0.0085,0.9833,-2.20,10.18,1.40,0.31
1773118788.42100,10.0049,76.36924,7.7,25.66,0.7814,0.1455,1.2858,3.35,0.18,3.48,0.39
1773118788.52100,10.00491,76.36923,7.8,25.47,0.7533,0.1455,1.0377,0.06,-10.37,2.68,0.46
1773118788.61500,10.00491,76.36923,7.8,25.47,0.4679,0.0894,1.1914,-1.65,0.30,3.11,0.43
1773118789.72200,10.00491,76.36922,7.8,24.71,0.0472,0.0698,0.9088,-2.93,4.09,1.77,0.40
1773118789.82200,10.00492,76.36922,7.8,22.30,0.5663,-0.1001,1.0568,-13.78,2.87,0.98,0.36
1773118789.91500,10.00492,76.36922,7.8,22.30,0.1713,0.1233,1.1183,-4.82,3.48,-0.73,0.38
1773118789.02200,10.00493,76.36921,7.8,20.86,0.5247,0.1863,0.8353,-0.85,6.28,-2.20,0.38
1773118789.12100,10.00493,76.36921,7.8,19.75,0.2651,0.0396,1.1146,-4.94,3.29,-2.13,0.38
1773118789.21400,10.00493,76.36921,7.8,19.75,0.4517,0.0443,0.8966,-2.74,5.73,-6.28,0.40
1773118789.32200,10.00494,76.3692,7.9,18.56,0.3922,0.0221,0.9246,-1.46,5.18,-9.02,0.38
1773118789.42100,10.00494,76.3692,7.8,17.79,0.3967,0.0065,0.8728,-1.28,-5.73,-9.39,0.32
1773118789.52200,10.00495,76.36919,7.8,16.96,0.1459,-0.0221,0.6847,0.49,-1.10,-9.82,0.34
1773118789.61500,10.00495,76.36919,7.8,16.96,0.3850,0.1239,1.0590,1.10,5.24,-6.28,0.32
1773118790.72200,10.00495,76.36919,7.9,16.28,0.4001,0.1658,0.9347,2.13,4.33,-4.45,0.33
1773118790.82100,10.00495,76.36919,7.9,14.78,0.2081,0.1072,0.9336,5.43,2.56,-3.41,0.28
1773118790.91500,10.00495,76.36919,7.9,14.78,0.3248,0.0542,1.1078,-0.98,1.59,-2.50,0.32
1773118790.02100,10.00496,76.36919,7.9,14.18,0.0652,-0.0133,0.7363,-2.74,0.79,-3.17,0.43
1773118790.12100,10.00496,76.36918,7.9,13.48,-0.0013,0.1390,0.9886,7.62,3.96,-1.52,0.37
1773118790.21400,10.00496,76.36918,7.9,13.48,0.0245,0.1350,1.1907,2.62,9.15,-0.79,0.33
1773118790.32100,10.00497,76.36918,7.9,13.33,0.0918,-0.0056,1.1323,-3.72,3.11,0.67,0.37
1773118790.41400,10.00497,76.36918,7.9,13.33,0.2375,0.1527,1.0155,3.66,1.40,0.49,0.41
1773118790.52200,10.00497,76.36917,7.9,12.62,0.0168,0.1089,0.9358,3.90,0.73,-0.79,0.50
1773118790.61500,10.00497,76.36917,7.9,12.62,0.1907,0.0590,0.9332,2.99,5.18,-2.50,0.38
1773118791.72200,10.00497,76.36917,7.9,12.91,-0.0411,0.0835,0.9026,3.66,-3.11,-3.29,0.45
1773118791.82100,10.00498,76.36916,8.0,12.40,-0.0193,0.0063,1.1332,-1.46,-0.06,-3.54,0.33
1773118791.91500,10.00498,76.36916,8.0,12.40,-0.1270,0.1023,1.1515,4.15,4.51,-4.39,0.34
1773118791.02100,10.00498,76.36916,7.9,13.42,0.1534,0.0673,0.9021,3.84,-0.43,-3.96,0.34
1773118791.11500,10.00498,76.36916,7.9,13.42,-0.2638,0.0256,1.0577,3.05,1.40,-3.66,0.46
1773118791.22200,10.00499,76.36916,8.0,14.00,-0.0997,0.0396,1.0762,3.66,-5.18,-2.07,0.37
1773118791.32200,10.00499,76.36916,8.0,15.21,0.0343,0.0468,0.9633,1.71,-0.37,1.16,0.34
1773118791.41400,10.00499,76.36916,8.0,15.21,0.1913,0.0586,1.2704,2.80,5.49,2.74,0.38
1773118791.52100,10.005,76.36915,7.9,16.20,-0.1260,0.0026,1.2106,1.34,15.30,0.12,0.45
1773118791.61400,10.005,76.36915,7.9,16.20,0.1215,-0.0265,1.0641,4.33,5.98,-2.13,0.33
1773118792.71600,10.005,76.36915,7.9,16.20,0.3651,0.0438,1.5027,8.78,-4.15,0.18,0.41
1773118792.82100,10.005,76.36915,8.0,16.17,0.4508,0.1066,1.0679,7.56,-5.06,1.59,0.32
1773118792.91500,10.005,76.36915,8.0,16.17,0.1989,0.0273,1.0653,7.93,-2.13,4.76,0.37
1773118792.02100,10.00501,76.36913,8.0,17.60,0.4032,0.0765,0.9146,7.44,-18.84,9.21,0.37
1773118792.11400,10.00501,76.36913,8.0,17.60,0.4526,-0.1171,0.6111,-0.67,-9.27,11.83,0.35
1773118792.22200,10.00502,76.36913,8.0,18.41,-0.2179,0.2734,0.7615,7.56,8.54,15.12,0.36
1773118792.31500,10.00502,76.36913,8.0,18.41,-0.2058,0.1046,1.0021,-3.60,0.98,17.01,0.37
1773118792.42100,10.00503,76.36913,8.1,18.87,-0.3640,-0.0078,0.9984,-8.05,5.85,15.79,0.45
1773118792.52100,10.00503,76.36912,8.0,20.36,-0.2284,0.0833,1.0535,-12.80,6.16,13.96,0.43
1773118792.61400,10.00503,76.36912,8.0,20.36,0.1438,0.0337,1.1393,-15.30,3.35,11.59,0.39
1773118793.72200,10.00504,76.36912,8.0,20.11,0.1678,0.1656,1.4802,-9.27,7.87,6.65,0.33
1773118793.82200,10.00504,76.36911,8.0,20.87,0.7139,0.1666,1.3354,-6.10,10.30,1.89,0.33
1773118793.92100,10.00505,76.3691,8.0,21.68,0.2269,0.0127,1.2018,-10.12,9.39,-2.74,0.43
1773118793.02100,10.00505,76.3691,8.0,21.35,-0.0145,0.0928,0.9816,-12.62,7.50,-4.33,0.36
1773118793.12100,10.00505,76.36909,8.0,22.12,-0.4805,0.0880,0.9871,-9.57,1.46,-4.02,0.43
1773118793.22200,10.00506,76.36909,8.0,22.25,-0.2417,0.0140,1.3417,-7.26,-0.30,-5.67,0.40
1773118793.32300,10.00506,76.36909,8.0,22.91,0.2380,-0.0200,0.8728,-4.09,-2.38,-7.01,0.40
1773118793.42200,10.00506,76.36908,8.0,22.84,-0.2212,0.1366,0.4858,0.85,-5.55,-7.50,0.37
1773118793.52300,10.00507,76.36908,7.9,23.34,0.1503,-0.0015,0.6896,-1.59,-1.34,-7.56,0.35
1773118793.61600,10.00507,76.36908,7.9,23.34,0.2902,-0.0492,0.5699,0.55,2.38,-9.76,0.35
1773118794.72300,10.00507,76.36907,8.0,23.43,0.1902,-0.0288,0.4929,4.39,-0.43,-9.57,0.31
1773118794.82200,10.00508,76.36906,8.0,23.28,0.4187,-0.0488,1.0609,5.12,-2.01,-8.17,0.39
1773118794.92200,10.00509,76.36906,8.0,23.73,0.5304,-0.0485,0.6996,6.89,-5.91,-6.46,0.39
1773118794.02200,10.00509,76.36906,8.0,23.46,0.4778,-0.0360,0.5442,8.54,1.89,-2.93,0.33
1773118794.12200,10.00509,76.36906,8.0,23.35,0.8102,0.1403,0.7455,11.40,-8.23,0.37,0.33
1773118794.22300,10.0051,76.36905,8.0,21.70,0.4773,0.0660,1.1423,7.68,-11.22,3.41,0.32
1773118794.32300,10.0051,76.36905,8.1,21.05,0.3640,0.0266,1.0583,9.51,-1.89,4.57,0.34
1773118794.42200,10.00511,76.36904,8.0,20.08,0.5494,0.1079,0.9211,7.20,-0.85,5.49,0.42
1773118794.52300,10.00511,76.36904,8.1,18.99,0.1968,0.1217,0.8676,5.24,3.84,8.60,0.36
1773118794.61600,10.00511,76.36904,8.1,18.99,0.2533,0.0747,1.1603,-3.60,-0.73,13.48,0.39
1773118795.72300,10.00511,76.36903,8.1,18.03,0.4105,-0.0132,0.9464,-4.94,-0.49,12.80,0.34
1773118795.82200,10.00512,76.36903,8.1,17.64,0.3182,-0.0140,0.8533,-1.40,2.32,1.71,0.36
1773118795.92300,10.00512,76.36903,8.0,16.98,0.1989,0.0817,0.9121,6.34,2.93,-5.37,0.33
1773118795.02200,10.00513,76.36903,8.1,16.79,0.0403,0.1772,1.2451,15.06,4.09,-6.10,0.37
1773118795.13000,10.00513,76.36902,8.0,16.54,0.2850,0.1187,1.0929,15.30,3.41,-0.73,0.44
1773118795.22200,10.00513,76.36902,8.1,16.31,0.1243,0.0164,0.9988,8.72,3.66,6.22,0.33
1773118795.32200,10.00513,76.36901,8.1,17.23,0.3418,0.0454,0.9482,3.48,-2.50,13.66,0.39
1773118795.42300,10.00514,76.36901,8.0,16.54,0.1173,0.0616,0.8083,3.11,-3.35,16.83,0.37
1773118795.52300,10.00514,76.36901,8.0,16.67,0.2410,0.0543,1.1768,-2.38,6.28,19.21,0.37
1773118795.61600,10.00514,76.36901,8.0,16.67,0.4845,0.1207,0.8490,-2.20,-5.55,18.66,0.33
1773118796.72300,10.00514,76.369,8.1,15.63,0.2150,0.1581,0.5313,-2.38,-0.49,19.09,0.44
1773118796.82300,10.00515,76.369,8.1,14.62,0.2946,0.0953,1.0140,-10.73,1.04,19.51,0.34
1773118796.92300,10.00515,76.369,8.1,14.33,0.5261,0.1132,0.9874,-13.41,-5.79,12.44,0.35
1773118796.02300,10.00515,76.369,8.1,13.37,0.4054,0.0023,1.3013,-16.22,-5.00,7.01,0.38
1773118796.12200,10.00515,76.36899,8.1,13.03,0.1581,0.0640,0.8843,-14.57,0.00,1.95,0.30
1773118796.22200,10.00515,76.36899,8.1,12.37,0.3112,-0.0499,0.9596,-18.23,0.85,-4.45,0.42
1773118796.31600,10.00515,76.36899,8.1,12.37,0.5211,0.1383,0.9396,-11.40,-0.91,-8.05,0.34
1773118796.42200,10.00516,76.36898,8.1,10.95,0.3385,0.0774,0.8088,-10.37,0.30,-13.23,0.37
1773118796.52300,10.00516,76.36898,8.2,10.75,0.1254,0.0472,0.8895,-8.60,8.05,-20.24,0.36
1773118796.61600,10.00516,76.36898,8.2,10.75,0.3669,-0.0175,1.0638,-7.68,8.11,-26.04,0.37
1773118797.72300,10.00516,76.36898,8.1,10.16,-0.0228,-0.0861,1.1176,-1.40,8.29,-37.01,0.33
1773118797.82300,10.00516,76.36897,8.1,9.71,0.1368,0.0038,1.1826,9.76,8.90,-41.04,0.37
1773118797.92300,10.00517,76.36897,8.1,10.78,-0.0118,-0.0120,0.8525,8.66,-0.55,-36.28,0.44
1773118797.02200,10.00517,76.36897,8.1,10.98,-0.3333,0.0231,0.8303,9.45,7.44,-25.98,0.41
1773118797.12200,10.00517,76.36897,8.1,11.85,-0.1479,0.1239,1.0580,11.28,4.88,-12.99,0.40
1773118797.22200,10.00517,76.36897,8.1,11.92,0.0708,-0.0411,1.2159,7.80,3.17,-6.22,0.39
1773118797.31600,10.00517,76.36897,8.1,11.92,-0.0150,0.0466,0.7327,4.88,-1.34,-3.23,0.34
1773118797.42200,10.00518,76.36897,8.0,14.01,0.1115,0.0145,0.7811,6.95,4.94,0.24,0.39
1773118797.52200,10.00518,76.36897,8.0,15.14,-0.0901,0.0897,1.4036,12.13,9.09,3.48,0.37
1773118797.61600,10.00518,76.36897,8.0,15.14,-0.4419,0.0970,1.0012,7.01,8.41,5.98,0.35
1773118798.72300,10.00518,76.36896,7.9,15.71,-0.0632,-0.0188,0.9208,1.77,2.20,6.89,0.34
1773118798.82300,10.00519,76.36895,7.9,16.93,-0.0454,0.0544,1.3248,1.77,-3.90,7.80,0.34
1773118798.92300,10.00519,76.36895,7.9,17.99,0.2145,0.0339,0.7520,-4.51,-2.62,9.27,0.38
1773118798.02300,10.0052,76.36895,7.9,19.10,-0.1578,-0.1167,1.1151,-8.41,-0.43,10.06,0.46
1773118798.12300,10.0052,76.36894,7.9,19.13,0.0002,0.1287,1.1798,5.85,0.37,9.27,0.40
1773118798.22200,10.0052,76.36894,7.9,19.96,-0.0581,0.0039,1.1420,-1.22,8.72,7.80,0.43
1773118798.32200,10.00521,76.36893,7.9,20.88,0.1970,0.0570,1.0076,-2.50,-2.20,5.98,0.40
1773118798.42200,10.00521,76.36893,7.9,20.89,-0.2985,-0.0341,0.6001,1.83,-9.02,5.24,0.38
1773118798.52200,10.00522,76.36893,7.9,21.95,0.0166,0.0658,1.0344,1.40,-4.63,3.60,0.44
1773118798.61600,10.00522,76.36893,7.9,21.95,-0.0757,0.0765,0.8521,-1.52,-3.54,3.60,0.36
1773118799.72400,10.00522,76.36893,7.9,22.42,0.1202,0.1516,0.2802,5.43,-8.35,3.54,0.38
1773118799.82200,10.00523,76.36892,7.9,23.31,0.2642,-0.0133,1.2445,-3.48,-1.16,3.29,0.29
1773118799.92200,10.00523,76.36891,7.9,24.02,-0.1525,0.0784,0.8602,-1.40,9.94,1.28,0.34
1773118799.01600,10.00523,76.36891,7.9,24.02,0.2769,0.0636,0.9910,-2.26,7.80,0.43,0.45
1773118799.12300,10.00524,76.3689,7.9,23.31,0.2867,-0.0803,0.5698,-1.95,3.41,-0.12,0.30
1773118799.22200,10.00525,76.3689,7.8,24.11,0.0381,0.0160,1.1973,-4.82,-4.09,-0.67,0.37
1773118799.32300,10.00525,76.3689,7.9,24.52,-0.1058,-0.0227,0.6127,-0.30,-12.32,-1.89,0.42
1773118799.42300,10.00525,76.36889,7.9,24.87,-0.0223,0.0265,0.5040,0.73,-5.18,-0.49,0.46
1773118799.52200,10.00526,76.36889,7.9,25.38,-0.2958,0.0718,0.6329,3.11,7.26,-1.46,0.39
1773118799.61600,10.00526,76.36889,7.9,25.38,0.0992,-0.0339,0.5266,0.37,4.82,-3.05,0.41
1773118800.72400,10.00526,76.36888,7.8,25.20,0.5397,-0.0532,1.1815,12.56,20.24,-1.46,0.34
1773118800.82200,10.00527,76.36887,7.8,24.84,1.0457,0.1511,1.1702,4.82,0.49,1.59,0.37
1773118800.92200,10.00528,76.36887,7.8,23.98,0.3759,-0.0085,1.1495,-3.54,-12.44,5.00,0.25
1773118800.02200,10.00528,76.36887,7.8,23.91,0.1643,0.0726,1.1411,1.71,-2.93,3.05,0.39
1773118800.12300,10.00529,76.36886,7.8,23.93,-0.2303,0.0040,0.8522,-4.57,3.96,0.43,0.37
1773118800.22300,10.00529,76.36886,7.8,23.28,-0.7396,0.1881,0.2800,8.29,6.16,-1.22,0.40
1773118800.32300,10.00529,76.36885,7.8,22.64,-0.1182,-0.1987,1.5182,-18.90,15.00,1.40,0.38
1773118800.42200,10.0053,76.36885,7.8,22.73,-0.1305,0.0353,1.1149,-1.65,-7.50,-0.61,0.38
1773118800.52200,10.0053,76.36884,7.8,23.01,0.4518,-0.1837,1.1975,-12.20,-18.66,-0.73,0.33
1773118800.61600,10.0053,76.36884,7.8,23.01,0.9797,0.1256,1.8066,2.74,-3.96,-0.06,0.33
1773118801.72300,10.00531,76.36884,7.8,22.62,0.2590,0.2017,0.9531,3.35,6.40,0.67,0.37
1773118801.82200,10.00531,76.36884,7.8,24.00,-0.6624,-0.2013,1.1489,-12.44,12.80,0.37,0.31
1773118801.92300,10.00532,76.36883,7.8,23.77,0.0537,-0.1083,1.3776,-7.62,-0.37,0.73,0.36
1773118801.02200,10.00532,76.36882,7.7,24.69,0.4696,0.0580,1.1012,3.11,-10.12,0.24,0.36
1773118801.12200,10.00533,76.36882,7.7,25.41,0.5513,0.2396,1.4808,10.18,11.22,-1.34,0.30
1773118801.22300,10.00533,76.36881,7.7,25.56,0.3514,0.0071,1.3141,-5.37,4.94,-0.79,0.34
1773118801.32300,10.00534,76.36881,7.7,25.50,-0.2090,0.0330,0.5834,-2.44,-18.35,-0.55,0.30
1773118801.42200,10.00534,76.3688,7.6,25.67,-0.0520,0.0227,0.6349,-4.70,-14.39,-0.37,0.29
1773118801.52300,10.00535,76.3688,7.6,26.92,0.2107,0.0654,0.7042,-2.74,-5.79,-1.16,0.32
1773118801.61600,10.00535,76.3688,7.6,26.92,-0.3098,0.0438,0.9288,0.79,8.60,-2.68,0.33
1773118802.72300,10.00535,76.3688,7.6,27.33,-0.4102,-0.0767,1.0730,-8.96,10.98,-1.71,0.36
1773118802.82200,10.00536,76.36879,7.6,27.79,0.0083,-0.0310,0.7843,-2.01,4.15,-4.45,0.38
1773118802.92200,10.00537,76.36878,7.6,27.73,-0.4791,-0.0388,1.0917,-1.77,9.39,-5.06,0.36
1773118802.02200,10.00537,76.36877,7.5,28.70,-0.2219,-0.0059,0.9977,0.12,-8.60,-3.60,0.37
1773118802.12300,10.00538,76.36877,7.5,29.05,-0.3170,-0.0007,0.6111,2.93,3.60,-4.27,0.33
1773118802.22300,10.00538,76.36877,7.4,29.40,0.1018,-0.0089,1.3988,0.12,-5.12,-3.54,0.31
1773118802.32300,10.00539,76.36876,7.5,29.12,-0.0199,-0.0205,0.8608,6.95,8.05,-3.23,0.25
1773118802.42300,10.00539,76.36876,7.4,29.99,0.0138,-0.0099,0.9706,8.35,-10.85,-0.61,0.28
1773118802.52200,10.0054,76.36875,7.4,29.72,0.0558,0.0868,0.4666,11.16,-11.34,0.85,0.38
1773118802.61600,10.0054,76.36875,7.4,29.72,-0.7303,-0.0634,1.0170,2.13,16.04,2.50,0.33
1773118803.72300,10.0054,76.36874,7.3,30.83,-0.1581,0.1512,1.5337,3.54,14.33,3.35,0.32
1773118803.82200,10.00541,76.36874,7.3,29.45,0.6212,0.0559,0.9723,3.72,-9.45,5.18,0.34
1773118803.92300,10.00542,76.36873,7.2,31.21,0.7894,-0.0118,1.1372,-1.46,-17.44,4.76,0.34
1773118803.02300,10.00543,76.36872,7.2,31.39,-0.1964,-0.0247,0.7284,-1.65,14.63,3.96,0.39
1773118803.12300,10.00543,76.36872,7.2,30.84,0.3474,0.0063,0.8892,-5.06,-19.09,7.01,0.37
1773118803.22200,10.00544,76.36871,7.2,30.73,0.1671,0.2620,0.3495,6.95,-31.77,4.51,0.35
1773118803.31600,10.00544,76.36871,7.2,30.73,-0.6509,0.0587,0.7896,-13.35,-23.96,2.93,0.38
1773118803.42200,10.00544,76.36871,7.1,31.87,-0.9155,0.1348,1.0928,-3.66,-4.27,1.04,0.37
1773118803.51600,10.00544,76.36871,7.1,31.87,-0.1775,-0.0962,0.7311,0.73,10.06,-0.24,0.25
1773118803.62300,10.00546,76.3687,7.1,31.33,0.0613,0.0682,1.0194,-0.61,-15.91,-0.91,0.36
1773118804.72300,10.00547,76.36868,7.1,30.94,0.3146,0.1666,0.9575,5.79,-9.21,-0.98,0.34
1773118804.81600,10.00547,76.36868,7.1,30.94,0.9564,0.0481,1.0741,3.23,4.02,-2.13,0.39
1773118804.92300,10.00548,76.36868,7.0,31.69,0.2830,0.0242,0.1775,4.09,-10.00,-0.55,0.41
1773118804.01600,10.00548,76.36868,7.0,31.69,-0.1901,0.0182,1.0780,-4.88,0.43,-0.85,0.36
1773118804.12300,10.00549,76.36866,6.9,31.97,-0.4369,0.0538,1.0082,0.67,3.90,0.18,0.35
1773118804.22200,10.00549,76.36866,6.9,31.10,-0.1613,0.1028,0.9442,-0.43,-12.44,-1.04,0.37
1773118804.32200,10.0055,76.36865,6.8,31.16,-0.4280,-0.1014,1.1001,-9.02,12.80,-0.91,0.29
1773118804.42300,10.00551,76.36864,6.9,32.05,-0.3636,-0.0250,1.0417,-2.93,15.91,-3.48,0.38
1773118804.52200,10.00551,76.36864,6.8,30.87,-0.1931,-0.1143,0.7391,-3.41,3.60,-1.22,0.37
1773118804.61500,10.00551,76.36864,6.8,30.87,0.3859,0.0626,1.4513,-0.12,18.41,-0.43,0.44
1773118805.72300,10.00552,76.36864,6.7,31.53,0.1481,0.0840,0.8811,-1.65,-0.30,0.37,0.37
1773118805.82300,10.00553,76.36862,6.7,31.90,0.8229,0.0063,1.1840,-1.28,-2.93,-1.95,0.42
1773118805.92300,10.00553,76.36861,6.7,31.76,0.6628,0.0366,1.2197,6.34,-8.60,-0.43,0.31
1773118805.02300,10.00554,76.36861,6.6,31.60,0.7479,0.0747,1.0468,7.20,-13.17,0.30,0.44
1773118805.12300,10.00555,76.36861,6.7,31.48,0.4854,0.1443,0.7665,1.83,-2.62,1.95,0.29
1773118805.22200,10.00555,76.3686,6.6,31.68,-0.1533,-0.0510,0.6442,-7.68,-0.73,5.98,0.32
1773118805.32200,10.00556,76.3686,6.6,31.27,0.2421,-0.0692,1.4907,-8.96,-2.01,2.80,0.30
1773118805.42300,10.00556,76.36859,6.5,30.58,0.0660,0.0188,0.9092,8.23,5.00,-1.77,0.29
1773118805.52300,10.00557,76.36858,6.6,30.77,0.8523,0.0804,1.4554,9.15,-10.98,-7.38,0.29
1773118805.62300,10.00557,76.36858,6.5,30.00,0.8899,0.0270,0.6012,12.80,-17.44,-4.57,0.40
1773118806.71600,10.00557,76.36858,6.5,30.00,0.5739,-0.0369,1.4840,-2.32,-9.09,-7.56,0.36
1773118806.82200,10.00558,76.36857,6.5,30.48,-0.0563,-0.0413,0.6260,-0.37,2.01,-0.73,0.25
1773118806.92300,10.00559,76.36856,6.5,29.56,0.8481,-0.0311,0.7904,12.68,-17.62,-4.45,0.27
1773118806.02300,10.0056,76.36856,6.5,30.41,0.6862,-0.0479,1.2260,19.63,-15.85,1.71,0.38
1773118806.12300,10.0056,76.36855,6.4,30.39,0.1909,-0.1008,1.1449,-6.65,-7.07,9.94,0.27
1773118806.22200,10.00561,76.36855,6.4,29.87,0.5902,-0.0663,1.4226,-16.89,-7.07,11.52,0.35
1773118806.32300,10.00561,76.36855,6.4,29.96,0.8368,0.0201,0.9835,6.28,-8.72,7.56,0.40
1773118806.42200,10.00562,76.36854,6.4,30.19,1.0197,-0.0782,1.0979,-7.38,-5.37,0.06,0.30
1773118806.52200,10.00562,76.36853,6.3,30.29,0.2933,0.0768,1.0529,5.30,-4.57,0.91,0.35
1773118806.62300,10.00563,76.36853,6.3,30.02,0.9181,-0.0570,1.3104,-8.17,-6.95,-6.65,0.30
1773118807.71700,10.00563,76.36853,6.3,30.02,0.7017,-0.0400,0.8727,-2.32,-0.85,-1.52,0.39
1773118807.82200,10.00564,76.36852,6.3,31.42,0.3356,0.0787,0.8463,2.01,-0.85,0.85,0.38
1773118807.92300,10.00565,76.36851,6.2,31.34,0.4972,0.3269,1.3679,3.05,17.74,0.18,0.40
1773118807.02300,10.00565,76.36851,6.2,31.43,0.2740,0.1707,0.5605,4.51,10.49,6.16,0.34
